month,town,flat_type,block,street_name,storey_range,floor_area_sqm,flat_model,lease_commence_date,remaining_lease,resale_price,month_clean,town_clean,flat_type_clean,flat_model_clean,storey_range_clean,month_date,is_valid_date,is_valid_town,is_valid_flat_type,is_valid_flat_model,storey_lower,storey_upper,is_valid_storey,is_valid_record,failure_reason,lease_expiry_year,remaining_months,remaining_months_final,recomputed_remaining_lease,anomalydetection
2012-02,BEDOK,4 ROOM,166,BEDOK STH AVE 3,10 TO 12,104.0,Model A,1985,58,430000.0,2012-02,BEDOK,4 ROOM,MODEL A,10 TO 12,2012-02-01,True,True,True,True,10,12,True,True,Duplicate record,,,,,
2012-02,BUKIT BATOK,3 ROOM,146,BT BATOK WEST AVE 6,07 TO 09,68.0,New Generation,1984,57,321800.0,2012-02,BUKIT BATOK,3 ROOM,NEW GENERATION,07 TO 09,2012-02-01,True,True,True,True,7,9,True,True,Duplicate record,,,,,
2012-02,JURONG WEST,4 ROOM,668B,JURONG WEST ST 64,04 TO 06,90.0,Model A2,2000,73,435000.0,2012-02,JURONG WEST,4 ROOM,MODEL A2,04 TO 06,2012-02-01,True,True,True,True,4,6,True,True,Duplicate record,,,,,
2012-02,QUEENSTOWN,3 ROOM,56,C'WEALTH DR,04 TO 06,56.0,Standard,1970,43,310000.0,2012-02,QUEENSTOWN,3 ROOM,STANDARD,04 TO 06,2012-02-01,True,True,True,True,4,6,True,True,Duplicate record,,,,,
2012-02,TOA PAYOH,3 ROOM,34,LOR 5 TOA PAYOH,01 TO 03,67.0,Improved,1970,43,303000.0,2012-02,TOA PAYOH,3 ROOM,IMPROVED,01 TO 03,2012-02-01,True,True,True,True,1,3,True,True,Duplicate record,,,,,
2012-03,BEDOK,3 ROOM,126,BEDOK NTH ST 2,01 TO 05,67.0,New Generation,1978,51,316000.0,2012-03,BEDOK,3 ROOM,NEW GENERATION,01 TO 05,2012-03-01,True,True,True,True,1,5,True,True,Duplicate record,,,,,
2012-03,BEDOK,4 ROOM,80,BEDOK NTH RD,01 TO 05,91.0,New Generation,1978,51,408000.0,2012-03,BEDOK,4 ROOM,NEW GENERATION,01 TO 05,2012-03-01,True,True,True,True,1,5,True,True,Duplicate record,,,,,
2012-03,BEDOK,4 ROOM,80,BEDOK NTH RD,01 TO 05,91.0,New Generation,1978,51,400000.0,2012-03,BEDOK,4 ROOM,NEW GENERATION,01 TO 05,2012-03-01,True,True,True,True,1,5,True,True,Duplicate record,,,,,
2012-03,BUKIT MERAH,3 ROOM,44,TELOK BLANGAH DR,01 TO 05,65.0,Improved,1976,49,340000.0,2012-03,BUKIT MERAH,3 ROOM,IMPROVED,01 TO 05,2012-03-01,True,True,True,True,1,5,True,True,Duplicate record,,,,,
2012-03,HOUGANG,3 ROOM,632,HOUGANG AVE 8,06 TO 10,64.0,Simplified,1986,59,320000.0,2012-03,HOUGANG,3 ROOM,SIMPLIFIED,06 TO 10,2012-03-01,True,True,True,True,6,10,True,True,Duplicate record,,,,,
2012-03,JURONG EAST,3 ROOM,257,JURONG EAST ST 24,06 TO 10,67.0,New Generation,1983,56,323000.0,2012-03,JURONG EAST,3 ROOM,NEW GENERATION,06 TO 10,2012-03-01,True,True,True,True,6,10,True,True,Duplicate record,,,,,
2012-03,KALLANG/WHAMPOA,3 ROOM,86,WHAMPOA DR,01 TO 05,66.0,Improved,1974,47,305000.0,2012-03,KALLANG/WHAMPOA,3 ROOM,IMPROVED,01 TO 05,2012-03-01,True,True,True,True,1,5,True,True,Duplicate record,,,,,
2012-03,TAMPINES,EXECUTIVE,147,TAMPINES AVE 5,01 TO 05,142.0,Apartment,1985,58,681000.0,2012-03,TAMPINES,EXECUTIVE,APARTMENT,01 TO 05,2012-03-01,True,True,True,True,1,5,True,True,Duplicate record,,,,,
2012-03,WOODLANDS,3 ROOM,160,WOODLANDS ST 13,06 TO 10,73.0,Model A,1990,63,356000.0,2012-03,WOODLANDS,3 ROOM,MODEL A,06 TO 10,2012-03-01,True,True,True,True,6,10,True,True,Duplicate record,,,,,
2012-03,YISHUN,3 ROOM,839,YISHUN ST 81,11 TO 15,73.0,Model A,1987,60,357000.0,2012-03,YISHUN,3 ROOM,MODEL A,11 TO 15,2012-03-01,True,True,True,True,11,15,True,True,Duplicate record,,,,,
2012-04,JURONG WEST,5 ROOM,625,JURONG WEST ST 61,06 TO 10,110.0,Improved,2001,74,503888.0,2012-04,JURONG WEST,5 ROOM,IMPROVED,06 TO 10,2012-04-01,True,True,True,True,6,10,True,True,Duplicate record,,,,,
2012-04,JURONG WEST,5 ROOM,625,JURONG WEST ST 61,06 TO 10,110.0,Improved,2001,74,490000.0,2012-04,JURONG WEST,5 ROOM,IMPROVED,06 TO 10,2012-04-01,True,True,True,True,6,10,True,True,Duplicate record,,,,,
2012-04,YISHUN,3 ROOM,397,YISHUN AVE 6,01 TO 05,73.0,Model A,1989,62,297000.0,2012-04,YISHUN,3 ROOM,MODEL A,01 TO 05,2012-04-01,True,True,True,True,1,5,True,True,Duplicate record,,,,,
2012-04,YISHUN,3 ROOM,704,YISHUN AVE 5,01 TO 05,68.0,New Generation,1984,57,318000.0,2012-04,YISHUN,3 ROOM,NEW GENERATION,01 TO 05,2012-04-01,True,True,True,True,1,5,True,True,Duplicate record,,,,,
2012-05,CLEMENTI,4 ROOM,460,CLEMENTI AVE 3,11 TO 15,90.0,Model A,2002,75,685000.0,2012-05,CLEMENTI,4 ROOM,MODEL A,11 TO 15,2012-05-01,True,True,True,True,11,15,True,True,Duplicate record,,,,,
2012-05,PUNGGOL,5 ROOM,193,EDGEFIELD PLAINS,06 TO 10,112.0,Premium Apartment,2003,76,528000.0,2012-05,PUNGGOL,5 ROOM,PREMIUM APARTMENT,06 TO 10,2012-05-01,True,True,True,True,6,10,True,True,Duplicate record,,,,,
2012-06,ANG MO KIO,3 ROOM,570,ANG MO KIO AVE 3,07 TO 09,67.0,New Generation,1979,52,350000.0,2012-06,ANG MO KIO,3 ROOM,NEW GENERATION,07 TO 09,2012-06-01,True,True,True,True,7,9,True,True,Duplicate record,,,,,
2012-06,CLEMENTI,3 ROOM,430,CLEMENTI AVE 3,04 TO 06,67.0,New Generation,1979,52,395000.0,2012-06,CLEMENTI,3 ROOM,NEW GENERATION,04 TO 06,2012-06-01,True,True,True,True,4,6,True,True,Duplicate record,,,,,
2012-06,GEYLANG,3 ROOM,302,UBI AVE 1,01 TO 03,64.0,Simplified,2000,73,310000.0,2012-06,GEYLANG,3 ROOM,SIMPLIFIED,01 TO 03,2012-06-01,True,True,True,True,1,3,True,True,Duplicate record,,,,,
2012-07,CHOA CHU KANG,3 ROOM,26,TECK WHYE LANE,07 TO 09,74.0,New Generation,1979,52,300000.0,2012-07,CHOA CHU KANG,3 ROOM,NEW GENERATION,07 TO 09,2012-07-01,True,True,True,True,7,9,True,True,Duplicate record,,,,,
2012-07,TOA PAYOH,3 ROOM,5,UPP ALJUNIED LANE,04 TO 06,57.0,Standard,1968,41,279000.0,2012-07,TOA PAYOH,3 ROOM,STANDARD,04 TO 06,2012-07-01,True,True,True,True,4,6,True,True,Duplicate record,,,,,
2012-08,ANG MO KIO,3 ROOM,230,ANG MO KIO AVE 3,01 TO 03,67.0,New Generation,1978,51,320000.0,2012-08,ANG MO KIO,3 ROOM,NEW GENERATION,01 TO 03,2012-08-01,True,True,True,True,1,3,True,True,Duplicate record,,,,,
2012-08,PASIR RIS,EXECUTIVE,544,PASIR RIS ST 51,04 TO 06,144.0,Apartment,1992,65,668000.0,2012-08,PASIR RIS,EXECUTIVE,APARTMENT,04 TO 06,2012-08-01,True,True,True,True,4,6,True,True,Duplicate record,,,,,
2012-08,YISHUN,3 ROOM,107,YISHUN RING RD,04 TO 06,67.0,New Generation,1982,55,305000.0,2012-08,YISHUN,3 ROOM,NEW GENERATION,04 TO 06,2012-08-01,True,True,True,True,4,6,True,True,Duplicate record,,,,,
2012-09,ANG MO KIO,3 ROOM,212,ANG MO KIO AVE 3,04 TO 06,67.0,New Generation,1977,50,343000.0,2012-09,ANG MO KIO,3 ROOM,NEW GENERATION,04 TO 06,2012-09-01,True,True,True,True,4,6,True,True,Duplicate record,,,,,
2012-09,PASIR RIS,5 ROOM,613,ELIAS RD,04 TO 06,134.0,Model A,1996,69,502000.0,2012-09,PASIR RIS,5 ROOM,MODEL A,04 TO 06,2012-09-01,True,True,True,True,4,6,True,True,Duplicate record,,,,,
2012-11,JURONG WEST,5 ROOM,660D,JURONG WEST ST 64,07 TO 09,110.0,Improved,2001,74,515000.0,2012-11,JURONG WEST,5 ROOM,IMPROVED,07 TO 09,2012-11-01,True,True,True,True,7,9,True,True,Duplicate record,,,,,
2012-12,WOODLANDS,5 ROOM,628B,WOODLANDS RING RD,04 TO 06,122.0,Improved,1998,71,440000.0,2012-12,WOODLANDS,5 ROOM,IMPROVED,04 TO 06,2012-12-01,True,True,True,True,4,6,True,True,Duplicate record,,,,,
2013-01,SEMBAWANG,5 ROOM,466C,SEMBAWANG DR,07 TO 09,110.0,Premium Apartment,2006,79,515000.0,2013-01,SEMBAWANG,5 ROOM,PREMIUM APARTMENT,07 TO 09,2013-01-01,True,True,True,True,7,9,True,True,Duplicate record,,,,,
2013-03,JURONG EAST,3 ROOM,247,JURONG EAST ST 24,04 TO 06,68.0,New Generation,1983,56,341000.0,2013-03,JURONG EAST,3 ROOM,NEW GENERATION,04 TO 06,2013-03-01,True,True,True,True,4,6,True,True,Duplicate record,,,,,
2013-04,KALLANG/WHAMPOA,4 ROOM,52,KENT RD,07 TO 09,91.0,New Generation,1982,55,530000.0,2013-04,KALLANG/WHAMPOA,4 ROOM,NEW GENERATION,07 TO 09,2013-04-01,True,True,True,True,7,9,True,True,Duplicate record,,,,,
2013-04,SENGKANG,5 ROOM,258C,COMPASSVALE RD,04 TO 06,110.0,Improved,2001,74,565000.0,2013-04,SENGKANG,5 ROOM,IMPROVED,04 TO 06,2013-04-01,True,True,True,True,4,6,True,True,Duplicate record,,,,,
2013-05,ANG MO KIO,3 ROOM,405,ANG MO KIO AVE 10,04 TO 06,67.0,New Generation,1979,52,335000.0,2013-05,ANG MO KIO,3 ROOM,NEW GENERATION,04 TO 06,2013-05-01,True,True,True,True,4,6,True,True,Duplicate record,,,,,
2013-05,BUKIT MERAH,3 ROOM,119,BT MERAH VIEW,07 TO 09,65.0,Improved,1983,56,402000.0,2013-05,BUKIT MERAH,3 ROOM,IMPROVED,07 TO 09,2013-05-01,True,True,True,True,7,9,True,True,Duplicate record,,,,,
2013-05,JURONG EAST,5 ROOM,278,TOH GUAN RD,01 TO 03,121.0,Improved,1998,71,578600.0,2013-05,JURONG EAST,5 ROOM,IMPROVED,01 TO 03,2013-05-01,True,True,True,True,1,3,True,True,Duplicate record,,,,,
2013-06,JURONG EAST,4 ROOM,251,JURONG EAST ST 24,07 TO 09,90.0,New Generation,1982,55,440888.0,2013-06,JURONG EAST,4 ROOM,NEW GENERATION,07 TO 09,2013-06-01,True,True,True,True,7,9,True,True,Duplicate record,,,,,
2013-06,TAMPINES,4 ROOM,367,TAMPINES ST 34,04 TO 06,100.0,Model A,1997,70,454000.0,2013-06,TAMPINES,4 ROOM,MODEL A,04 TO 06,2013-06-01,True,True,True,True,4,6,True,True,Duplicate record,,,,,
2013-08,GEYLANG,3 ROOM,62,CIRCUIT RD,07 TO 09,56.0,Standard,1967,40,315000.0,2013-08,GEYLANG,3 ROOM,STANDARD,07 TO 09,2013-08-01,True,True,True,True,7,9,True,True,Duplicate record,,,,,
2013-08,GEYLANG,3 ROOM,69,CIRCUIT RD,07 TO 09,56.0,Standard,1969,42,302000.0,2013-08,GEYLANG,3 ROOM,STANDARD,07 TO 09,2013-08-01,True,True,True,True,7,9,True,True,Duplicate record,,,,,
2013-08,TAMPINES,4 ROOM,369,TAMPINES ST 34,04 TO 06,100.0,Model A,1997,70,432000.0,2013-08,TAMPINES,4 ROOM,MODEL A,04 TO 06,2013-08-01,True,True,True,True,4,6,True,True,Duplicate record,,,,,
2013-10,JURONG EAST,4 ROOM,328,JURONG EAST ST 31,10 TO 12,105.0,Model A,1984,57,450000.0,2013-10,JURONG EAST,4 ROOM,MODEL A,10 TO 12,2013-10-01,True,True,True,True,10,12,True,True,Duplicate record,,,,,
2013-10,JURONG WEST,3 ROOM,185,BOON LAY AVE,10 TO 12,59.0,Improved,1975,48,285000.0,2013-10,JURONG WEST,3 ROOM,IMPROVED,10 TO 12,2013-10-01,True,True,True,True,10,12,True,True,Duplicate record,,,,,
2013-10,SENGKANG,4 ROOM,271B,SENGKANG CTRL,07 TO 09,93.0,Premium Apartment,2010,83,565000.0,2013-10,SENGKANG,4 ROOM,PREMIUM APARTMENT,07 TO 09,2013-10-01,True,True,True,True,7,9,True,True,Duplicate record,,,,,
2013-10,WOODLANDS,3 ROOM,148,WOODLANDS ST 13,04 TO 06,68.0,New Generation,1985,58,325000.0,2013-10,WOODLANDS,3 ROOM,NEW GENERATION,04 TO 06,2013-10-01,True,True,True,True,4,6,True,True,Duplicate record,,,,,
2013-11,KALLANG/WHAMPOA,3 ROOM,57,GEYLANG BAHRU,01 TO 03,65.0,Improved,1974,47,325000.0,2013-11,KALLANG/WHAMPOA,3 ROOM,IMPROVED,01 TO 03,2013-11-01,True,True,True,True,1,3,True,True,Duplicate record,,,,,
2013-11,QUEENSTOWN,4 ROOM,90,TANGLIN HALT RD,04 TO 06,90.0,Model A,2008,81,708000.0,2013-11,QUEENSTOWN,4 ROOM,MODEL A,04 TO 06,2013-11-01,True,True,True,True,4,6,True,True,Duplicate record,,,,,
2013-11,YISHUN,3 ROOM,108,YISHUN RING RD,01 TO 03,60.0,Improved,1985,58,290000.0,2013-11,YISHUN,3 ROOM,IMPROVED,01 TO 03,2013-11-01,True,True,True,True,1,3,True,True,Duplicate record,,,,,
2013-12,BEDOK,4 ROOM,95,BEDOK NTH AVE 4,07 TO 09,92.0,New Generation,1979,52,445000.0,2013-12,BEDOK,4 ROOM,NEW GENERATION,07 TO 09,2013-12-01,True,True,True,True,7,9,True,True,Duplicate record,,,,,
2013-12,JURONG WEST,5 ROOM,677A,JURONG WEST ST 64,01 TO 03,110.0,Premium Apartment,2008,81,497000.0,2013-12,JURONG WEST,5 ROOM,PREMIUM APARTMENT,01 TO 03,2013-12-01,True,True,True,True,1,3,True,True,Duplicate record,,,,,
2013-12,TOA PAYOH,4 ROOM,79D,TOA PAYOH CTRL,07 TO 09,91.0,Model A,2009,82,678000.0,2013-12,TOA PAYOH,4 ROOM,MODEL A,07 TO 09,2013-12-01,True,True,True,True,7,9,True,True,Duplicate record,,,,,
2014-01,BUKIT MERAH,1 ROOM,7,TELOK BLANGAH CRES,04 TO 06,31.0,Improved,1975,48,235000.0,2014-01,BUKIT MERAH,1 ROOM,IMPROVED,04 TO 06,2014-01-01,True,True,True,True,4,6,True,True,Duplicate record,,,,,
2014-03,BUKIT MERAH,4 ROOM,26D,JLN MEMBINA,04 TO 06,90.0,Model A,2009,82,705000.0,2014-03,BUKIT MERAH,4 ROOM,MODEL A,04 TO 06,2014-03-01,True,True,True,True,4,6,True,True,Duplicate record,,,,,
2014-03,CENTRAL AREA,3 ROOM,4,SAGO LANE,10 TO 12,57.0,Improved,1974,47,408000.0,2014-03,CENTRAL AREA,3 ROOM,IMPROVED,10 TO 12,2014-03-01,True,True,True,True,10,12,True,True,Duplicate record,,,,,
2014-03,HOUGANG,4 ROOM,334,HOUGANG AVE 5,01 TO 03,104.0,Model A,1983,56,380000.0,2014-03,HOUGANG,4 ROOM,MODEL A,01 TO 03,2014-03-01,True,True,True,True,1,3,True,True,Duplicate record,,,,,
2014-04,ANG MO KIO,3 ROOM,215,ANG MO KIO AVE 1,04 TO 06,73.0,New Generation,1976,49,356000.0,2014-04,ANG MO KIO,3 ROOM,NEW GENERATION,04 TO 06,2014-04-01,True,True,True,True,4,6,True,True,Duplicate record,,,,,
2014-04,ANG MO KIO,3 ROOM,432,ANG MO KIO AVE 10,10 TO 12,67.0,New Generation,1979,52,356000.0,2014-04,ANG MO KIO,3 ROOM,NEW GENERATION,10 TO 12,2014-04-01,True,True,True,True,10,12,True,True,Duplicate record,,,,,
2014-04,HOUGANG,4 ROOM,532,HOUGANG AVE 6,07 TO 09,84.0,Simplified,1987,60,400000.0,2014-04,HOUGANG,4 ROOM,SIMPLIFIED,07 TO 09,2014-04-01,True,True,True,True,7,9,True,True,Duplicate record,,,,,
2014-04,HOUGANG,4 ROOM,648,HOUGANG AVE 8,10 TO 12,84.0,Simplified,1987,60,370000.0,2014-04,HOUGANG,4 ROOM,SIMPLIFIED,10 TO 12,2014-04-01,True,True,True,True,10,12,True,True,Duplicate record,,,,,
2014-04,JURONG WEST,5 ROOM,652B,JURONG WEST ST 61,07 TO 09,110.0,Improved,2002,75,510000.0,2014-04,JURONG WEST,5 ROOM,IMPROVED,07 TO 09,2014-04-01,True,True,True,True,7,9,True,True,Duplicate record,,,,,
2014-04,PUNGGOL,5 ROOM,197A,PUNGGOL FIELD,04 TO 06,110.0,Improved,2003,76,500000.0,2014-04,PUNGGOL,5 ROOM,IMPROVED,04 TO 06,2014-04-01,True,True,True,True,4,6,True,True,Duplicate record,,,,,
2014-04,SENGKANG,4 ROOM,260B,SENGKANG EAST WAY,01 TO 03,90.0,Model A,2001,74,425000.0,2014-04,SENGKANG,4 ROOM,MODEL A,01 TO 03,2014-04-01,True,True,True,True,1,3,True,True,Duplicate record,,,,,
2014-04,WOODLANDS,4 ROOM,757,WOODLANDS AVE 4,01 TO 03,103.0,Model A,1997,70,372000.0,2014-04,WOODLANDS,4 ROOM,MODEL A,01 TO 03,2014-04-01,True,True,True,True,1,3,True,True,Duplicate record,,,,,
2014-04,YISHUN,4 ROOM,389,YISHUN AVE 6,10 TO 12,84.0,Simplified,1988,61,333000.0,2014-04,YISHUN,4 ROOM,SIMPLIFIED,10 TO 12,2014-04-01,True,True,True,True,10,12,True,True,Duplicate record,,,,,
2014-05,HOUGANG,4 ROOM,553,HOUGANG ST 51,04 TO 06,104.0,Model A,1989,62,414000.0,2014-05,HOUGANG,4 ROOM,MODEL A,04 TO 06,2014-05-01,True,True,True,True,4,6,True,True,Duplicate record,,,,,
2014-05,PUNGGOL,5 ROOM,293,PUNGGOL CTRL,07 TO 09,110.0,Premium Apartment,2003,76,543000.0,2014-05,PUNGGOL,5 ROOM,PREMIUM APARTMENT,07 TO 09,2014-05-01,True,True,True,True,7,9,True,True,Duplicate record,,,,,
2014-05,SENGKANG,4 ROOM,291B,COMPASSVALE ST,07 TO 09,90.0,Model A,2002,75,410000.0,2014-05,SENGKANG,4 ROOM,MODEL A,07 TO 09,2014-05-01,True,True,True,True,7,9,True,True,Duplicate record,,,,,
2014-05,SENGKANG,5 ROOM,113,RIVERVALE WALK,10 TO 12,122.0,Improved,1998,71,510000.0,2014-05,SENGKANG,5 ROOM,IMPROVED,10 TO 12,2014-05-01,True,True,True,True,10,12,True,True,Duplicate record,,,,,
2014-05,TOA PAYOH,3 ROOM,9,LOR 7 TOA PAYOH,04 TO 06,66.0,Improved,1970,43,318000.0,2014-05,TOA PAYOH,3 ROOM,IMPROVED,04 TO 06,2014-05-01,True,True,True,True,4,6,True,True,Duplicate record,,,,,
2014-05,WOODLANDS,4 ROOM,113,WOODLANDS ST 13,04 TO 06,91.0,New Generation,1987,60,340000.0,2014-05,WOODLANDS,4 ROOM,NEW GENERATION,04 TO 06,2014-05-01,True,True,True,True,4,6,True,True,Duplicate record,,,,,
2014-05,YISHUN,4 ROOM,760,YISHUN ST 72,10 TO 12,84.0,Simplified,1987,60,400000.0,2014-05,YISHUN,4 ROOM,SIMPLIFIED,10 TO 12,2014-05-01,True,True,True,True,10,12,True,True,Duplicate record,,,,,
2014-06,BEDOK,3 ROOM,539,BEDOK NTH ST 3,04 TO 06,83.0,New Generation,1980,53,368000.0,2014-06,BEDOK,3 ROOM,NEW GENERATION,04 TO 06,2014-06-01,True,True,True,True,4,6,True,True,Duplicate record,,,,,
2014-06,BUKIT MERAH,3 ROOM,45,KIM CHENG ST,04 TO 06,88.0,Standard,1973,46,618000.0,2014-06,BUKIT MERAH,3 ROOM,STANDARD,04 TO 06,2014-06-01,True,True,True,True,4,6,True,True,Duplicate record,,,,,
2014-08,BEDOK,5 ROOM,181,BEDOK NTH RD,16 TO 18,110.0,Improved,2006,79,645000.0,2014-08,BEDOK,5 ROOM,IMPROVED,16 TO 18,2014-08-01,True,True,True,True,16,18,True,True,Duplicate record,,,,,
2014-08,WOODLANDS,4 ROOM,853,WOODLANDS ST 83,10 TO 12,84.0,Simplified,1993,66,339000.0,2014-08,WOODLANDS,4 ROOM,SIMPLIFIED,10 TO 12,2014-08-01,True,True,True,True,10,12,True,True,Duplicate record,,,,,
2014-09,JURONG WEST,3 ROOM,185,BOON LAY AVE,04 TO 06,59.0,Improved,1975,48,270000.0,2014-09,JURONG WEST,3 ROOM,IMPROVED,04 TO 06,2014-09-01,True,True,True,True,4,6,True,True,Duplicate record,,,,,
2014-09,JURONG WEST,5 ROOM,654A,JURONG WEST ST 61,01 TO 03,111.0,Improved,2002,75,440000.0,2014-09,JURONG WEST,5 ROOM,IMPROVED,01 TO 03,2014-09-01,True,True,True,True,1,3,True,True,Duplicate record,,,,,
2014-10,BEDOK,3 ROOM,1,BEDOK STH AVE 1,13 TO 15,59.0,Improved,1976,49,320000.0,2014-10,BEDOK,3 ROOM,IMPROVED,13 TO 15,2014-10-01,True,True,True,True,13,15,True,True,Duplicate record,,,,,
2015-01,BISHAN,4 ROOM,264,BISHAN ST 24,07 TO 09,104.0,Model A,1992,65,475000.0,2015-01,BISHAN,4 ROOM,MODEL A,07 TO 09,2015-01-01,True,True,True,True,7,9,True,True,Duplicate record,,,,,
2015-01,YISHUN,3 ROOM,712,YISHUN AVE 5,04 TO 06,68.0,New Generation,1984,57,275000.0,2015-01,YISHUN,3 ROOM,NEW GENERATION,04 TO 06,2015-01-01,True,True,True,True,4,6,True,True,Duplicate record,,,,,
2015-02,SENGKANG,5 ROOM,323C,SENGKANG EAST WAY,04 TO 06,110.0,Improved,2003,76,478000.0,2015-02,SENGKANG,5 ROOM,IMPROVED,04 TO 06,2015-02-01,True,True,True,True,4,6,True,True,Duplicate record,,,,,
2015-02,TAMPINES,3 ROOM,403,TAMPINES ST 41,07 TO 09,69.0,Improved,1985,58,350000.0,2015-02,TAMPINES,3 ROOM,IMPROVED,07 TO 09,2015-02-01,True,True,True,True,7,9,True,True,Duplicate record,,,,,
2015-04,BEDOK,4 ROOM,701,BEDOK RESERVOIR RD,10 TO 12,93.0,New Generation,1980,53,400000.0,2015-04,BEDOK,4 ROOM,NEW GENERATION,10 TO 12,2015-04-01,True,True,True,True,10,12,True,True,Duplicate record,,,,,
2015-05,SENGKANG,4 ROOM,439A,SENGKANG WEST AVE,16 TO 18,94.0,Model A,2011,84,432000.0,2015-05,SENGKANG,4 ROOM,MODEL A,16 TO 18,2015-05-01,True,True,True,True,16,18,True,True,Duplicate record,,,,,
2015-06,BEDOK,3 ROOM,39,BEDOK STH RD,10 TO 12,67.0,New Generation,1978,51,313000.0,2015-06,BEDOK,3 ROOM,NEW GENERATION,10 TO 12,2015-06-01,True,True,True,True,10,12,True,True,Duplicate record,,,,,
2015-06,BEDOK,3 ROOM,503,BEDOK NTH ST 3,04 TO 06,59.0,Improved,1978,51,267500.0,2015-06,BEDOK,3 ROOM,IMPROVED,04 TO 06,2015-06-01,True,True,True,True,4,6,True,True,Duplicate record,,,,,
2015-06,BUKIT MERAH,3 ROOM,1,TELOK BLANGAH CRES,04 TO 06,66.0,Improved,1983,56,320000.0,2015-06,BUKIT MERAH,3 ROOM,IMPROVED,04 TO 06,2015-06-01,True,True,True,True,4,6,True,True,Duplicate record,,,,,
2015-06,GEYLANG,3 ROOM,99,OLD AIRPORT RD,07 TO 09,56.0,Standard,1969,42,320000.0,2015-06,GEYLANG,3 ROOM,STANDARD,07 TO 09,2015-06-01,True,True,True,True,7,9,True,True,Duplicate record,,,,,
2015-07,GEYLANG,2 ROOM,63,CIRCUIT RD,01 TO 03,44.0,Standard,1967,40,215000.0,2015-07,GEYLANG,2 ROOM,STANDARD,01 TO 03,2015-07-01,True,True,True,True,1,3,True,True,Duplicate record,,,,,
2015-09,ANG MO KIO,3 ROOM,443,ANG MO KIO AVE 10,07 TO 09,67.0,New Generation,1979,52,313000.0,2015-09,ANG MO KIO,3 ROOM,NEW GENERATION,07 TO 09,2015-09-01,True,True,True,True,7,9,True,True,Duplicate record,,,,,
2015-11,SENGKANG,5 ROOM,268D,COMPASSVALE LINK,10 TO 12,111.0,Premium Apartment,2006,79,538000.0,2015-11,SENGKANG,5 ROOM,PREMIUM APARTMENT,10 TO 12,2015-11-01,True,True,True,True,10,12,True,True,Duplicate record,,,,,
2015-12,CHOA CHU KANG,4 ROOM,667,CHOA CHU KANG CRES,13 TO 15,103.0,Model A,1999,72,363000.0,2015-12,CHOA CHU KANG,4 ROOM,MODEL A,13 TO 15,2015-12-01,True,True,True,True,13,15,True,True,Duplicate record,,,,,
2016-03,BEDOK,5 ROOM,405,BEDOK NTH AVE 3,10 TO 12,118.0,Improved,1980,53,630000.0,2016-03,BEDOK,5 ROOM,IMPROVED,10 TO 12,2016-03-01,True,True,True,True,10,12,True,True,Duplicate record,,,,,
2016-04,BEDOK,4 ROOM,119,BEDOK NTH RD,04 TO 06,92.0,New Generation,1978,51,388000.0,2016-04,BEDOK,4 ROOM,NEW GENERATION,04 TO 06,2016-04-01,True,True,True,True,4,6,True,True,Duplicate record,,,,,
2016-04,GEYLANG,3 ROOM,18,EUNOS CRES,04 TO 06,59.0,Improved,1977,50,250000.0,2016-04,GEYLANG,3 ROOM,IMPROVED,04 TO 06,2016-04-01,True,True,True,True,4,6,True,True,Duplicate record,,,,,
2016-04,HOUGANG,3 ROOM,328,HOUGANG AVE 5,07 TO 09,67.0,New Generation,1983,56,315000.0,2016-04,HOUGANG,3 ROOM,NEW GENERATION,07 TO 09,2016-04-01,True,True,True,True,7,9,True,True,Duplicate record,,,,,
2016-04,SENGKANG,4 ROOM,411A,FERNVALE RD,22 TO 24,96.0,Premium Apartment,2012,85,459000.0,2016-04,SENGKANG,4 ROOM,PREMIUM APARTMENT,22 TO 24,2016-04-01,True,True,True,True,22,24,True,True,Duplicate record,,,,,
2016-05,KALLANG/WHAMPOA,4 ROOM,39A,BENDEMEER RD,16 TO 18,92.0,Model A,2012,85,685000.0,2016-05,KALLANG/WHAMPOA,4 ROOM,MODEL A,16 TO 18,2016-05-01,True,True,True,True,16,18,True,True,Duplicate record,,,,,
2016-06,BEDOK,3 ROOM,4,BEDOK STH AVE 1,07 TO 09,65.0,Improved,1976,49,295000.0,2016-06,BEDOK,3 ROOM,IMPROVED,07 TO 09,2016-06-01,True,True,True,True,7,9,True,True,Duplicate record,,,,,
2016-06,TOA PAYOH,4 ROOM,84B,LOR 2 TOA PAYOH,04 TO 06,105.0,Model A,1997,70,613000.0,2016-06,TOA PAYOH,4 ROOM,MODEL A,04 TO 06,2016-06-01,True,True,True,True,4,6,True,True,Duplicate record,,,,,
2016-06,YISHUN,4 ROOM,445,YISHUN AVE 11,07 TO 09,92.0,Model A,2012,85,405000.0,2016-06,YISHUN,4 ROOM,MODEL A,07 TO 09,2016-06-01,True,True,True,True,7,9,True,True,Duplicate record,,,,,
2016-08,PUNGGOL,4 ROOM,615B,EDGEFIELD PLAINS,13 TO 15,92.0,Model A,2012,85,435000.0,2016-08,PUNGGOL,4 ROOM,MODEL A,13 TO 15,2016-08-01,True,True,True,True,13,15,True,True,Duplicate record,,,,,
2016-09,CLEMENTI,3 ROOM,426,CLEMENTI AVE 3,07 TO 09,67.0,New Generation,1978,51,350000.0,2016-09,CLEMENTI,3 ROOM,NEW GENERATION,07 TO 09,2016-09-01,True,True,True,True,7,9,True,True,Duplicate record,,,,,
2016-09,KALLANG/WHAMPOA,3 ROOM,85,WHAMPOA DR,07 TO 09,65.0,Improved,1974,47,264000.0,2016-09,KALLANG/WHAMPOA,3 ROOM,IMPROVED,07 TO 09,2016-09-01,True,True,True,True,7,9,True,True,Duplicate record,,,,,
2016-09,PASIR RIS,EXECUTIVE,466,PASIR RIS ST 41,04 TO 06,148.0,Maisonette,1992,65,650000.0,2016-09,PASIR RIS,EXECUTIVE,MAISONETTE,04 TO 06,2016-09-01,True,True,True,True,4,6,True,True,Duplicate record,,,,,
2016-09,SEMBAWANG,EXECUTIVE,503A,CANBERRA LINK,07 TO 09,130.0,Apartment,2001,74,492900.0,2016-09,SEMBAWANG,EXECUTIVE,APARTMENT,07 TO 09,2016-09-01,True,True,True,True,7,9,True,True,Duplicate record,,,,,
2016-10,BEDOK,3 ROOM,27,NEW UPP CHANGI RD,10 TO 12,65.0,Improved,1982,55,285000.0,2016-10,BEDOK,3 ROOM,IMPROVED,10 TO 12,2016-10-01,True,True,True,True,10,12,True,True,Duplicate record,,,,,
2016-10,SERANGOON,5 ROOM,258,SERANGOON CTRL DR,07 TO 09,115.0,Improved,1999,72,750000.0,2016-10,SERANGOON,5 ROOM,IMPROVED,07 TO 09,2016-10-01,True,True,True,True,7,9,True,True,Duplicate record,,,,,
2016-11,WOODLANDS,4 ROOM,110,WOODLANDS ST 13,07 TO 09,91.0,New Generation,1987,60,330000.0,2016-11,WOODLANDS,4 ROOM,NEW GENERATION,07 TO 09,2016-11-01,True,True,True,True,7,9,True,True,Duplicate record,,,,,
2016-11,YISHUN,4 ROOM,265,YISHUN ST 22,07 TO 09,84.0,Simplified,1986,59,305000.0,2016-11,YISHUN,4 ROOM,SIMPLIFIED,07 TO 09,2016-11-01,True,True,True,True,7,9,True,True,Duplicate record,,,,,
2016-12,BEDOK,2 ROOM,114,BEDOK NTH ST 2,10 TO 12,44.0,Improved,1978,51,230000.0,2016-12,BEDOK,2 ROOM,IMPROVED,10 TO 12,2016-12-01,True,True,True,True,10,12,True,True,Duplicate record,,,,,
2012-01,CHOA CHU KANG,4 ROOM,485,CHOA CHU KANG AVE 5,07 TO 09,102.0,Model A,1999,72,385000.0,2012-01,CHOA CHU KANG,4 ROOM,MODEL A,07 TO 09,2012-01-01,True,True,True,True,7,9,True,True,Duplicate record,,,,,
2012-02,BEDOK,3 ROOM,44,CHAI CHEE ST,01 TO 03,68.0,New Generation,1980,53,316000.0,2012-02,BEDOK,3 ROOM,NEW GENERATION,01 TO 03,2012-02-01,True,True,True,True,1,3,True,True,Duplicate record,,,,,
2012-02,SENGKANG,5 ROOM,311A,ANCHORVALE LANE,04 TO 06,111.0,Premium Apartment,2002,75,475000.0,2012-02,SENGKANG,5 ROOM,PREMIUM APARTMENT,04 TO 06,2012-02-01,True,True,True,True,4,6,True,True,Duplicate record,,,,,
2012-03,BISHAN,4 ROOM,267,BISHAN ST 24,06 TO 10,104.0,Model A,1992,65,504000.0,2012-03,BISHAN,4 ROOM,MODEL A,06 TO 10,2012-03-01,True,True,True,True,6,10,True,True,Duplicate record,,,,,
2012-03,BISHAN,5 ROOM,156,BISHAN ST 13,06 TO 10,121.0,Improved,1988,61,630000.0,2012-03,BISHAN,5 ROOM,IMPROVED,06 TO 10,2012-03-01,True,True,True,True,6,10,True,True,Duplicate record,,,,,
2012-03,CLEMENTI,4 ROOM,716,CLEMENTI WEST ST 2,06 TO 10,91.0,New Generation,1981,54,435000.0,2012-03,CLEMENTI,4 ROOM,NEW GENERATION,06 TO 10,2012-03-01,True,True,True,True,6,10,True,True,Duplicate record,,,,,
2012-03,GEYLANG,3 ROOM,37,CIRCUIT RD,11 TO 15,58.0,Standard,1972,45,300000.0,2012-03,GEYLANG,3 ROOM,STANDARD,11 TO 15,2012-03-01,True,True,True,True,11,15,True,True,Duplicate record,,,,,
2012-03,JURONG EAST,3 ROOM,264,JURONG EAST ST 24,01 TO 05,68.0,New Generation,1983,56,315000.0,2012-03,JURONG EAST,3 ROOM,NEW GENERATION,01 TO 05,2012-03-01,True,True,True,True,1,5,True,True,Duplicate record,,,,,
2012-03,JURONG WEST,5 ROOM,814,JURONG WEST ST 81,06 TO 10,121.0,Improved,1990,63,458000.0,2012-03,JURONG WEST,5 ROOM,IMPROVED,06 TO 10,2012-03-01,True,True,True,True,6,10,True,True,Duplicate record,,,,,
2012-03,QUEENSTOWN,3 ROOM,62,C'WEALTH DR,06 TO 10,56.0,Standard,1983,56,331000.0,2012-03,QUEENSTOWN,3 ROOM,STANDARD,06 TO 10,2012-03-01,True,True,True,True,6,10,True,True,Duplicate record,,,,,
2012-03,SEMBAWANG,5 ROOM,359C,ADMIRALTY DR,06 TO 10,111.0,Premium Apartment,2001,74,463000.0,2012-03,SEMBAWANG,5 ROOM,PREMIUM APARTMENT,06 TO 10,2012-03-01,True,True,True,True,6,10,True,True,Duplicate record,,,,,
2012-04,ANG MO KIO,3 ROOM,215,ANG MO KIO AVE 1,06 TO 10,73.0,New Generation,1976,49,347000.0,2012-04,ANG MO KIO,3 ROOM,NEW GENERATION,06 TO 10,2012-04-01,True,True,True,True,6,10,True,True,Duplicate record,,,,,
2012-04,ANG MO KIO,3 ROOM,503,ANG MO KIO AVE 5,01 TO 05,68.0,New Generation,1981,54,345000.0,2012-04,ANG MO KIO,3 ROOM,NEW GENERATION,01 TO 05,2012-04-01,True,True,True,True,1,5,True,True,Duplicate record,,,,,
2012-04,BUKIT BATOK,3 ROOM,109,BT BATOK WEST AVE 6,01 TO 05,59.0,Improved,1985,58,290000.0,2012-04,BUKIT BATOK,3 ROOM,IMPROVED,01 TO 05,2012-04-01,True,True,True,True,1,5,True,True,Duplicate record,,,,,
2012-04,BUKIT MERAH,3 ROOM,61,TELOK BLANGAH HTS,06 TO 10,67.0,New Generation,1976,49,403000.0,2012-04,BUKIT MERAH,3 ROOM,NEW GENERATION,06 TO 10,2012-04-01,True,True,True,True,6,10,True,True,Duplicate record,,,,,
2012-04,CHOA CHU KANG,4 ROOM,667,CHOA CHU KANG CRES,11 TO 15,102.0,Model A,1999,72,416000.0,2012-04,CHOA CHU KANG,4 ROOM,MODEL A,11 TO 15,2012-04-01,True,True,True,True,11,15,True,True,Duplicate record,,,,,
2012-04,WOODLANDS,5 ROOM,167,WOODLANDS ST 11,01 TO 05,135.0,Model A,1994,67,457000.0,2012-04,WOODLANDS,5 ROOM,MODEL A,01 TO 05,2012-04-01,True,True,True,True,1,5,True,True,Duplicate record,,,,,
2012-04,YISHUN,4 ROOM,439,YISHUN AVE 11,06 TO 10,84.0,Simplified,1988,61,331000.0,2012-04,YISHUN,4 ROOM,SIMPLIFIED,06 TO 10,2012-04-01,True,True,True,True,6,10,True,True,Duplicate record,,,,,
2012-05,BEDOK,3 ROOM,510,BEDOK NTH ST 3,01 TO 05,67.0,New Generation,1979,52,309000.0,2012-05,BEDOK,3 ROOM,NEW GENERATION,01 TO 05,2012-05-01,True,True,True,True,1,5,True,True,Duplicate record,,,,,
2012-05,BUKIT MERAH,4 ROOM,40,TELOK BLANGAH RISE,01 TO 05,82.0,Improved,1976,49,435000.0,2012-05,BUKIT MERAH,4 ROOM,IMPROVED,01 TO 05,2012-05-01,True,True,True,True,1,5,True,True,Duplicate record,,,,,
2012-05,GEYLANG,3 ROOM,57,CIRCUIT RD,06 TO 10,56.0,Standard,1969,42,293000.0,2012-05,GEYLANG,3 ROOM,STANDARD,06 TO 10,2012-05-01,True,True,True,True,6,10,True,True,Duplicate record,,,,,
2012-05,JURONG WEST,3 ROOM,186,BOON LAY AVE,16 TO 20,59.0,Improved,1975,48,273000.0,2012-05,JURONG WEST,3 ROOM,IMPROVED,16 TO 20,2012-05-01,True,True,True,True,16,20,True,True,Duplicate record,,,,,
2012-05,SEMBAWANG,4 ROOM,467,ADMIRALTY DR,11 TO 15,102.0,Premium Apartment,2001,74,430000.0,2012-05,SEMBAWANG,4 ROOM,PREMIUM APARTMENT,11 TO 15,2012-05-01,True,True,True,True,11,15,True,True,Duplicate record,,,,,
2012-05,SEMBAWANG,4 ROOM,467,ADMIRALTY DR,11 TO 15,102.0,Premium Apartment,2001,74,419000.0,2012-05,SEMBAWANG,4 ROOM,PREMIUM APARTMENT,11 TO 15,2012-05-01,True,True,True,True,11,15,True,True,Duplicate record,,,,,
2012-06,BUKIT MERAH,3 ROOM,22,HAVELOCK RD,04 TO 06,64.0,Standard,1969,42,400000.0,2012-06,BUKIT MERAH,3 ROOM,STANDARD,04 TO 06,2012-06-01,True,True,True,True,4,6,True,True,Duplicate record,,,,,
2012-06,JURONG WEST,3 ROOM,511,JURONG WEST ST 52,16 TO 18,74.0,Model A,1984,57,393000.0,2012-06,JURONG WEST,3 ROOM,MODEL A,16 TO 18,2012-06-01,True,True,True,True,16,18,True,True,Duplicate record,,,,,
2012-06,TAMPINES,4 ROOM,367,TAMPINES ST 34,07 TO 09,102.0,Model A,1997,70,438000.0,2012-06,TAMPINES,4 ROOM,MODEL A,07 TO 09,2012-06-01,True,True,True,True,7,9,True,True,Duplicate record,,,,,
2012-07,CHOA CHU KANG,3 ROOM,111,TECK WHYE LANE,04 TO 06,73.0,Model A,1989,62,339000.0,2012-07,CHOA CHU KANG,3 ROOM,MODEL A,04 TO 06,2012-07-01,True,True,True,True,4,6,True,True,Duplicate record,,,,,
2012-07,GEYLANG,3 ROOM,50,CIRCUIT RD,04 TO 06,56.0,Standard,1969,42,280000.0,2012-07,GEYLANG,3 ROOM,STANDARD,04 TO 06,2012-07-01,True,True,True,True,4,6,True,True,Duplicate record,,,,,
2012-07,JURONG EAST,3 ROOM,110,JURONG EAST ST 13,10 TO 12,68.0,New Generation,1982,55,360000.0,2012-07,JURONG EAST,3 ROOM,NEW GENERATION,10 TO 12,2012-07-01,True,True,True,True,10,12,True,True,Duplicate record,,,,,
2012-07,KALLANG/WHAMPOA,3 ROOM,68,GEYLANG BAHRU,04 TO 06,65.0,Improved,1974,47,341000.0,2012-07,KALLANG/WHAMPOA,3 ROOM,IMPROVED,04 TO 06,2012-07-01,True,True,True,True,4,6,True,True,Duplicate record,,,,,
2012-07,TAMPINES,4 ROOM,105,TAMPINES ST 11,01 TO 03,117.0,Model A,1982,55,478000.0,2012-07,TAMPINES,4 ROOM,MODEL A,01 TO 03,2012-07-01,True,True,True,True,1,3,True,True,Duplicate record,,,,,
2012-08,BUKIT PANJANG,5 ROOM,630,SENJA RD,07 TO 09,110.0,Premium Apartment,2004,77,506000.0,2012-08,BUKIT PANJANG,5 ROOM,PREMIUM APARTMENT,07 TO 09,2012-08-01,True,True,True,True,7,9,True,True,Duplicate record,,,,,
2012-08,JURONG WEST,3 ROOM,531,JURONG WEST ST 52,07 TO 09,67.0,New Generation,1983,56,355000.0,2012-08,JURONG WEST,3 ROOM,NEW GENERATION,07 TO 09,2012-08-01,True,True,True,True,7,9,True,True,Duplicate record,,,,,
2012-08,SENGKANG,4 ROOM,275A,COMPASSVALE LINK,10 TO 12,90.0,Premium Apartment,2009,82,587888.0,2012-08,SENGKANG,4 ROOM,PREMIUM APARTMENT,10 TO 12,2012-08-01,True,True,True,True,10,12,True,True,Duplicate record,,,,,
2012-09,BUKIT BATOK,5 ROOM,319,BT BATOK ST 33,01 TO 03,122.0,Improved,1986,59,450000.0,2012-09,BUKIT BATOK,5 ROOM,IMPROVED,01 TO 03,2012-09-01,True,True,True,True,1,3,True,True,Duplicate record,,,,,
2012-09,BUKIT MERAH,1 ROOM,7,TELOK BLANGAH CRES,01 TO 03,31.0,Improved,1975,48,238000.0,2012-09,BUKIT MERAH,1 ROOM,IMPROVED,01 TO 03,2012-09-01,True,True,True,True,1,3,True,True,Duplicate record,,,,,
2012-09,BUKIT MERAH,1 ROOM,7,TELOK BLANGAH CRES,01 TO 03,31.0,Improved,1975,48,215500.0,2012-09,BUKIT MERAH,1 ROOM,IMPROVED,01 TO 03,2012-09-01,True,True,True,True,1,3,True,True,Duplicate record,,,,,
2012-10,BUKIT BATOK,EXECUTIVE,142,BT BATOK ST 11,04 TO 06,150.0,Maisonette,1984,57,650000.0,2012-10,BUKIT BATOK,EXECUTIVE,MAISONETTE,04 TO 06,2012-10-01,True,True,True,True,4,6,True,True,Duplicate record,,,,,
2012-10,JURONG WEST,EXECUTIVE,274B,JURONG WEST ST 25,07 TO 09,126.0,Apartment,2002,75,514000.0,2012-10,JURONG WEST,EXECUTIVE,APARTMENT,07 TO 09,2012-10-01,True,True,True,True,7,9,True,True,Duplicate record,,,,,
2012-10,KALLANG/WHAMPOA,3 ROOM,82,WHAMPOA DR,04 TO 06,66.0,Improved,1974,47,331000.0,2012-10,KALLANG/WHAMPOA,3 ROOM,IMPROVED,04 TO 06,2012-10-01,True,True,True,True,4,6,True,True,Duplicate record,,,,,
2012-10,QUEENSTOWN,3 ROOM,5,GHIM MOH RD,10 TO 12,65.0,Improved,1976,49,417000.0,2012-10,QUEENSTOWN,3 ROOM,IMPROVED,10 TO 12,2012-10-01,True,True,True,True,10,12,True,True,Duplicate record,,,,,
2012-10,WOODLANDS,4 ROOM,368,WOODLANDS AVE 1,04 TO 06,105.0,Model A,1997,70,455000.0,2012-10,WOODLANDS,4 ROOM,MODEL A,04 TO 06,2012-10-01,True,True,True,True,4,6,True,True,Duplicate record,,,,,
2012-10,YISHUN,3 ROOM,712,YISHUN AVE 5,07 TO 09,68.0,New Generation,1984,57,352000.0,2012-10,YISHUN,3 ROOM,NEW GENERATION,07 TO 09,2012-10-01,True,True,True,True,7,9,True,True,Duplicate record,,,,,
2012-11,BUKIT PANJANG,3 ROOM,116,PENDING RD,04 TO 06,73.0,Model A,1987,60,338000.0,2012-11,BUKIT PANJANG,3 ROOM,MODEL A,04 TO 06,2012-11-01,True,True,True,True,4,6,True,True,Duplicate record,,,,,
2012-11,JURONG WEST,4 ROOM,725,JURONG WEST AVE 5,04 TO 06,104.0,Model A,1989,62,407000.0,2012-11,JURONG WEST,4 ROOM,MODEL A,04 TO 06,2012-11-01,True,True,True,True,4,6,True,True,Duplicate record,,,,,
2012-11,PUNGGOL,4 ROOM,167B,PUNGGOL EAST,13 TO 15,92.0,Premium Apartment,2009,82,538000.0,2012-11,PUNGGOL,4 ROOM,PREMIUM APARTMENT,13 TO 15,2012-11-01,True,True,True,True,13,15,True,True,Duplicate record,,,,,
2012-12,SERANGOON,3 ROOM,218,SERANGOON AVE 4,07 TO 09,67.0,New Generation,1985,58,392000.0,2012-12,SERANGOON,3 ROOM,NEW GENERATION,07 TO 09,2012-12-01,True,True,True,True,7,9,True,True,Duplicate record,,,,,
2012-12,TAMPINES,EXECUTIVE,429,TAMPINES ST 41,07 TO 09,148.0,Maisonette,1985,58,638000.0,2012-12,TAMPINES,EXECUTIVE,MAISONETTE,07 TO 09,2012-12-01,True,True,True,True,7,9,True,True,Duplicate record,,,,,
2013-01,BISHAN,4 ROOM,271,BISHAN ST 24,04 TO 06,104.0,Model A,1992,65,505000.0,2013-01,BISHAN,4 ROOM,MODEL A,04 TO 06,2013-01-01,True,True,True,True,4,6,True,True,Duplicate record,,,,,
2013-02,YISHUN,3 ROOM,722,YISHUN ST 71,01 TO 03,64.0,Simplified,1987,60,320000.0,2013-02,YISHUN,3 ROOM,SIMPLIFIED,01 TO 03,2013-02-01,True,True,True,True,1,3,True,True,Duplicate record,,,,,
2013-05,TOA PAYOH,3 ROOM,57,LOR 5 TOA PAYOH,01 TO 03,61.0,Standard,1973,46,320000.0,2013-05,TOA PAYOH,3 ROOM,STANDARD,01 TO 03,2013-05-01,True,True,True,True,1,3,True,True,Duplicate record,,,,,
2013-07,JURONG WEST,5 ROOM,182,YUNG SHENG RD,07 TO 09,116.0,Improved,2001,74,530000.0,2013-07,JURONG WEST,5 ROOM,IMPROVED,07 TO 09,2013-07-01,True,True,True,True,7,9,True,True,Duplicate record,,,,,
2013-08,JURONG WEST,3 ROOM,516,JURONG WEST ST 52,10 TO 12,74.0,Model A,1984,57,385000.0,2013-08,JURONG WEST,3 ROOM,MODEL A,10 TO 12,2013-08-01,True,True,True,True,10,12,True,True,Duplicate record,,,,,
2013-09,JURONG EAST,3 ROOM,253,JURONG EAST ST 24,01 TO 03,67.0,New Generation,1985,58,340000.0,2013-09,JURONG EAST,3 ROOM,NEW GENERATION,01 TO 03,2013-09-01,True,True,True,True,1,3,True,True,Duplicate record,,,,,
2013-09,JURONG WEST,3 ROOM,119,HO CHING RD,01 TO 03,67.0,Improved,1972,45,292000.0,2013-09,JURONG WEST,3 ROOM,IMPROVED,01 TO 03,2013-09-01,True,True,True,True,1,3,True,True,Duplicate record,,,,,
2013-10,HOUGANG,3 ROOM,645,HOUGANG AVE 8,07 TO 09,60.0,Improved,1987,60,325000.0,2013-10,HOUGANG,3 ROOM,IMPROVED,07 TO 09,2013-10-01,True,True,True,True,7,9,True,True,Duplicate record,,,,,
2013-11,BUKIT BATOK,3 ROOM,127,BT BATOK WEST AVE 6,10 TO 12,73.0,Model A,1985,58,347000.0,2013-11,BUKIT BATOK,3 ROOM,MODEL A,10 TO 12,2013-11-01,True,True,True,True,10,12,True,True,Duplicate record,,,,,
2014-01,BISHAN,4 ROOM,123,BISHAN ST 12,10 TO 12,84.0,Simplified,1986,59,500000.0,2014-01,BISHAN,4 ROOM,SIMPLIFIED,10 TO 12,2014-01-01,True,True,True,True,10,12,True,True,Duplicate record,,,,,
2014-02,HOUGANG,5 ROOM,699,HOUGANG ST 52,13 TO 15,120.0,Improved,1999,72,543000.0,2014-02,HOUGANG,5 ROOM,IMPROVED,13 TO 15,2014-02-01,True,True,True,True,13,15,True,True,Duplicate record,,,,,
2014-03,YISHUN,3 ROOM,739,YISHUN AVE 5,01 TO 03,67.0,New Generation,1985,58,320000.0,2014-03,YISHUN,3 ROOM,NEW GENERATION,01 TO 03,2014-03-01,True,True,True,True,1,3,True,True,Duplicate record,,,,,
2014-04,ANG MO KIO,4 ROOM,316A,ANG MO KIO ST 31,10 TO 12,95.0,Model A,2006,79,580000.0,2014-04,ANG MO KIO,4 ROOM,MODEL A,10 TO 12,2014-04-01,True,True,True,True,10,12,True,True,Duplicate record,,,,,
2014-04,HOUGANG,3 ROOM,694,HOUGANG ST 61,01 TO 03,64.0,Simplified,1987,60,308000.0,2014-04,HOUGANG,3 ROOM,SIMPLIFIED,01 TO 03,2014-04-01,True,True,True,True,1,3,True,True,Duplicate record,,,,,
2014-04,JURONG EAST,3 ROOM,102,JURONG EAST ST 13,04 TO 06,68.0,New Generation,1982,55,340000.0,2014-04,JURONG EAST,3 ROOM,NEW GENERATION,04 TO 06,2014-04-01,True,True,True,True,4,6,True,True,Duplicate record,,,,,
2014-04,JURONG WEST,3 ROOM,121,YUAN CHING RD,07 TO 09,61.0,Improved,1974,47,285000.0,2014-04,JURONG WEST,3 ROOM,IMPROVED,07 TO 09,2014-04-01,True,True,True,True,7,9,True,True,Duplicate record,,,,,
2014-04,JURONG WEST,3 ROOM,211,BOON LAY PL,07 TO 09,65.0,Improved,1976,49,288000.0,2014-04,JURONG WEST,3 ROOM,IMPROVED,07 TO 09,2014-04-01,True,True,True,True,7,9,True,True,Duplicate record,,,,,
2014-04,JURONG WEST,4 ROOM,902,JURONG WEST ST 91,01 TO 03,104.0,Model A,1988,61,400000.0,2014-04,JURONG WEST,4 ROOM,MODEL A,01 TO 03,2014-04-01,True,True,True,True,1,3,True,True,Duplicate record,,,,,
2014-04,PASIR RIS,4 ROOM,117,PASIR RIS ST 11,01 TO 03,106.0,Model A,1990,63,405000.0,2014-04,PASIR RIS,4 ROOM,MODEL A,01 TO 03,2014-04-01,True,True,True,True,1,3,True,True,Duplicate record,,,,,
2014-05,BISHAN,4 ROOM,113,BISHAN ST 12,04 TO 06,84.0,Simplified,1986,59,472000.0,2014-05,BISHAN,4 ROOM,SIMPLIFIED,04 TO 06,2014-05-01,True,True,True,True,4,6,True,True,Duplicate record,,,,,
2014-05,HOUGANG,3 ROOM,1,HOUGANG AVE 3,07 TO 09,59.0,Improved,1975,48,284000.0,2014-05,HOUGANG,3 ROOM,IMPROVED,07 TO 09,2014-05-01,True,True,True,True,7,9,True,True,Duplicate record,,,,,
2014-05,JURONG WEST,3 ROOM,212,BOON LAY PL,07 TO 09,66.0,Improved,1974,47,288800.0,2014-05,JURONG WEST,3 ROOM,IMPROVED,07 TO 09,2014-05-01,True,True,True,True,7,9,True,True,Duplicate record,,,,,
2014-05,JURONG WEST,4 ROOM,909,JURONG WEST ST 91,04 TO 06,104.0,Model A,1989,62,380000.0,2014-05,JURONG WEST,4 ROOM,MODEL A,04 TO 06,2014-05-01,True,True,True,True,4,6,True,True,Duplicate record,,,,,
2014-05,KALLANG/WHAMPOA,3 ROOM,105,TOWNER RD,07 TO 09,74.0,Model A,1984,57,440000.0,2014-05,KALLANG/WHAMPOA,3 ROOM,MODEL A,07 TO 09,2014-05-01,True,True,True,True,7,9,True,True,Duplicate record,,,,,
2014-05,PUNGGOL,4 ROOM,301C,PUNGGOL CTRL,13 TO 15,93.0,Premium Apartment,2010,83,510000.0,2014-05,PUNGGOL,4 ROOM,PREMIUM APARTMENT,13 TO 15,2014-05-01,True,True,True,True,13,15,True,True,Duplicate record,,,,,
2014-05,SEMBAWANG,5 ROOM,411,SEMBAWANG DR,13 TO 15,110.0,Improved,2001,74,430000.0,2014-05,SEMBAWANG,5 ROOM,IMPROVED,13 TO 15,2014-05-01,True,True,True,True,13,15,True,True,Duplicate record,,,,,
2014-05,SERANGOON,4 ROOM,408,SERANGOON AVE 1,01 TO 03,111.0,Model A,1989,62,560000.0,2014-05,SERANGOON,4 ROOM,MODEL A,01 TO 03,2014-05-01,True,True,True,True,1,3,True,True,Duplicate record,,,,,
2014-05,TAMPINES,5 ROOM,703,TAMPINES ST 71,10 TO 12,119.0,Improved,1997,70,566800.0,2014-05,TAMPINES,5 ROOM,IMPROVED,10 TO 12,2014-05-01,True,True,True,True,10,12,True,True,Duplicate record,,,,,
2014-05,TOA PAYOH,3 ROOM,232,LOR 8 TOA PAYOH,01 TO 03,65.0,Improved,1976,49,305000.0,2014-05,TOA PAYOH,3 ROOM,IMPROVED,01 TO 03,2014-05-01,True,True,True,True,1,3,True,True,Duplicate record,,,,,
2014-05,WOODLANDS,5 ROOM,370,WOODLANDS AVE 1,01 TO 03,123.0,Improved,1996,69,480000.0,2014-05,WOODLANDS,5 ROOM,IMPROVED,01 TO 03,2014-05-01,True,True,True,True,1,3,True,True,Duplicate record,,,,,
2014-05,WOODLANDS,EXECUTIVE,586,WOODLANDS DR 16,07 TO 09,131.0,Apartment,2001,74,500000.0,2014-05,WOODLANDS,EXECUTIVE,APARTMENT,07 TO 09,2014-05-01,True,True,True,True,7,9,True,True,Duplicate record,,,,,
2014-05,YISHUN,3 ROOM,264,YISHUN ST 22,01 TO 03,64.0,Simplified,1986,59,285000.0,2014-05,YISHUN,3 ROOM,SIMPLIFIED,01 TO 03,2014-05-01,True,True,True,True,1,3,True,True,Duplicate record,,,,,
2014-06,CLEMENTI,4 ROOM,350,CLEMENTI AVE 2,04 TO 06,92.0,New Generation,1978,51,520000.0,2014-06,CLEMENTI,4 ROOM,NEW GENERATION,04 TO 06,2014-06-01,True,True,True,True,4,6,True,True,Duplicate record,,,,,
2014-06,GEYLANG,3 ROOM,52,SIMS PL,01 TO 03,65.0,Improved,1977,50,288000.0,2014-06,GEYLANG,3 ROOM,IMPROVED,01 TO 03,2014-06-01,True,True,True,True,1,3,True,True,Duplicate record,,,,,
2014-06,JURONG WEST,3 ROOM,211,BOON LAY PL,16 TO 18,65.0,Improved,1976,49,295000.0,2014-06,JURONG WEST,3 ROOM,IMPROVED,16 TO 18,2014-06-01,True,True,True,True,16,18,True,True,Duplicate record,,,,,
2014-06,JURONG WEST,5 ROOM,675B,JURONG WEST ST 64,04 TO 06,110.0,Premium Apartment,2008,81,455000.0,2014-06,JURONG WEST,5 ROOM,PREMIUM APARTMENT,04 TO 06,2014-06-01,True,True,True,True,4,6,True,True,Duplicate record,,,,,
2014-06,KALLANG/WHAMPOA,5 ROOM,53,GEYLANG BAHRU,22 TO 24,117.0,Standard,1974,47,625000.0,2014-06,KALLANG/WHAMPOA,5 ROOM,STANDARD,22 TO 24,2014-06-01,True,True,True,True,22,24,True,True,Duplicate record,,,,,
2014-06,PASIR RIS,4 ROOM,754,PASIR RIS ST 71,07 TO 09,104.0,Model A,1996,69,432000.0,2014-06,PASIR RIS,4 ROOM,MODEL A,07 TO 09,2014-06-01,True,True,True,True,7,9,True,True,Duplicate record,,,,,
2014-07,ANG MO KIO,3 ROOM,463,ANG MO KIO AVE 10,07 TO 09,68.0,New Generation,1980,53,320000.0,2014-07,ANG MO KIO,3 ROOM,NEW GENERATION,07 TO 09,2014-07-01,True,True,True,True,7,9,True,True,Duplicate record,,,,,
2014-08,GEYLANG,2 ROOM,81,MACPHERSON LANE,10 TO 12,50.0,Standard,1968,41,247000.0,2014-08,GEYLANG,2 ROOM,STANDARD,10 TO 12,2014-08-01,True,True,True,True,10,12,True,True,Duplicate record,,,,,
2014-08,YISHUN,4 ROOM,389,YISHUN AVE 6,10 TO 12,84.0,Simplified,1988,61,320000.0,2014-08,YISHUN,4 ROOM,SIMPLIFIED,10 TO 12,2014-08-01,True,True,True,True,10,12,True,True,Duplicate record,,,,,
2014-09,BEDOK,4 ROOM,6,BEDOK STH AVE 2,10 TO 12,82.0,Improved,1976,49,408000.0,2014-09,BEDOK,4 ROOM,IMPROVED,10 TO 12,2014-09-01,True,True,True,True,10,12,True,True,Duplicate record,,,,,
2014-09,MARINE PARADE,3 ROOM,66,MARINE DR,04 TO 06,65.0,Improved,1976,49,400000.0,2014-09,MARINE PARADE,3 ROOM,IMPROVED,04 TO 06,2014-09-01,True,True,True,True,4,6,True,True,Duplicate record,,,,,
2014-10,BUKIT MERAH,1 ROOM,7,TELOK BLANGAH CRES,04 TO 06,31.0,Improved,1975,48,218000.0,2014-10,BUKIT MERAH,1 ROOM,IMPROVED,04 TO 06,2014-10-01,True,True,True,True,4,6,True,True,Duplicate record,,,,,
2014-10,GEYLANG,4 ROOM,319,UBI AVE 1,04 TO 06,84.0,Simplified,1985,58,370000.0,2014-10,GEYLANG,4 ROOM,SIMPLIFIED,04 TO 06,2014-10-01,True,True,True,True,4,6,True,True,Duplicate record,,,,,
2014-11,BEDOK,3 ROOM,202,BEDOK NTH ST 1,07 TO 09,67.0,New Generation,1979,52,395000.0,2014-11,BEDOK,3 ROOM,NEW GENERATION,07 TO 09,2014-11-01,True,True,True,True,7,9,True,True,Duplicate record,,,,,
2014-11,JURONG WEST,3 ROOM,185,BOON LAY AVE,16 TO 18,59.0,Improved,1975,48,252000.0,2014-11,JURONG WEST,3 ROOM,IMPROVED,16 TO 18,2014-11-01,True,True,True,True,16,18,True,True,Duplicate record,,,,,
2014-11,JURONG WEST,3 ROOM,534,JURONG WEST ST 52,10 TO 12,67.0,New Generation,1982,55,336000.0,2014-11,JURONG WEST,3 ROOM,NEW GENERATION,10 TO 12,2014-11-01,True,True,True,True,10,12,True,True,Duplicate record,,,,,
2014-11,SENGKANG,4 ROOM,271C,SENGKANG CTRL,04 TO 06,93.0,Premium Apartment,2010,83,500000.0,2014-11,SENGKANG,4 ROOM,PREMIUM APARTMENT,04 TO 06,2014-11-01,True,True,True,True,4,6,True,True,Duplicate record,,,,,
2014-12,JURONG WEST,3 ROOM,208,BOON LAY PL,01 TO 03,65.0,Improved,1976,49,270000.0,2014-12,JURONG WEST,3 ROOM,IMPROVED,01 TO 03,2014-12-01,True,True,True,True,1,3,True,True,Duplicate record,,,,,
2015-01,GEYLANG,3 ROOM,25,EUNOS CRES,04 TO 06,59.0,Improved,1977,50,280000.0,2015-01,GEYLANG,3 ROOM,IMPROVED,04 TO 06,2015-01-01,True,True,True,True,4,6,True,True,Duplicate record,,,,,
2015-01,PASIR RIS,4 ROOM,516,PASIR RIS ST 52,10 TO 12,106.0,Model A,1993,66,420000.0,2015-01,PASIR RIS,4 ROOM,MODEL A,10 TO 12,2015-01-01,True,True,True,True,10,12,True,True,Duplicate record,,,,,
2015-02,SENGKANG,4 ROOM,264A,COMPASSVALE BOW,07 TO 09,92.0,Premium Apartment,2007,80,475000.0,2015-02,SENGKANG,4 ROOM,PREMIUM APARTMENT,07 TO 09,2015-02-01,True,True,True,True,7,9,True,True,Duplicate record,,,,,
2015-04,ANG MO KIO,3 ROOM,348,ANG MO KIO AVE 3,07 TO 09,73.0,New Generation,1978,51,380000.0,2015-04,ANG MO KIO,3 ROOM,NEW GENERATION,07 TO 09,2015-04-01,True,True,True,True,7,9,True,True,Duplicate record,,,,,
2015-04,ANG MO KIO,3 ROOM,348,ANG MO KIO AVE 3,07 TO 09,73.0,New Generation,1978,51,375000.0,2015-04,ANG MO KIO,3 ROOM,NEW GENERATION,07 TO 09,2015-04-01,True,True,True,True,7,9,True,True,Duplicate record,,,,,
2015-04,CLEMENTI,3 ROOM,714,CLEMENTI WEST ST 2,10 TO 12,67.0,New Generation,1980,53,300000.0,2015-04,CLEMENTI,3 ROOM,NEW GENERATION,10 TO 12,2015-04-01,True,True,True,True,10,12,True,True,Duplicate record,,,,,
2015-04,CLEMENTI,4 ROOM,512,WEST COAST DR,07 TO 09,91.0,New Generation,1978,51,431000.0,2015-04,CLEMENTI,4 ROOM,NEW GENERATION,07 TO 09,2015-04-01,True,True,True,True,7,9,True,True,Duplicate record,,,,,
2015-04,SERANGOON,3 ROOM,147,SERANGOON NTH AVE 1,04 TO 06,64.0,Simplified,1988,61,270000.0,2015-04,SERANGOON,3 ROOM,SIMPLIFIED,04 TO 06,2015-04-01,True,True,True,True,4,6,True,True,Duplicate record,,,,,
2015-05,BUKIT PANJANG,4 ROOM,436,FAJAR RD,10 TO 12,104.0,Model A,1989,62,333000.0,2015-05,BUKIT PANJANG,4 ROOM,MODEL A,10 TO 12,2015-05-01,True,True,True,True,10,12,True,True,Duplicate record,,,,,
2015-06,ANG MO KIO,4 ROOM,344,ANG MO KIO AVE 3,07 TO 09,98.0,New Generation,1978,51,590000.0,2015-06,ANG MO KIO,4 ROOM,NEW GENERATION,07 TO 09,2015-06-01,True,True,True,True,7,9,True,True,Duplicate record,,,,,
2015-06,HOUGANG,3 ROOM,642,HOUGANG AVE 8,07 TO 09,60.0,Improved,1987,60,265000.0,2015-06,HOUGANG,3 ROOM,IMPROVED,07 TO 09,2015-06-01,True,True,True,True,7,9,True,True,Duplicate record,,,,,
2015-06,TOA PAYOH,3 ROOM,18,LOR 7 TOA PAYOH,07 TO 09,67.0,Improved,1970,43,315000.0,2015-06,TOA PAYOH,3 ROOM,IMPROVED,07 TO 09,2015-06-01,True,True,True,True,7,9,True,True,Duplicate record,,,,,
2015-07,CHOA CHU KANG,5 ROOM,690D,CHOA CHU KANG CRES,13 TO 15,110.0,Improved,2003,76,390000.0,2015-07,CHOA CHU KANG,5 ROOM,IMPROVED,13 TO 15,2015-07-01,True,True,True,True,13,15,True,True,Duplicate record,,,,,
2015-08,HOUGANG,3 ROOM,631,HOUGANG AVE 8,04 TO 06,60.0,Improved,1985,58,245000.0,2015-08,HOUGANG,3 ROOM,IMPROVED,04 TO 06,2015-08-01,True,True,True,True,4,6,True,True,Duplicate record,,,,,
2015-08,SEMBAWANG,4 ROOM,485,ADMIRALTY LINK,07 TO 09,85.0,Model A2,2003,76,335000.0,2015-08,SEMBAWANG,4 ROOM,MODEL A2,07 TO 09,2015-08-01,True,True,True,True,7,9,True,True,Duplicate record,,,,,
2015-09,QUEENSTOWN,4 ROOM,61C,STRATHMORE AVE,25 TO 27,98.0,Model A,2011,84,765000.0,2015-09,QUEENSTOWN,4 ROOM,MODEL A,25 TO 27,2015-09-01,True,True,True,True,25,27,True,True,Duplicate record,,,,,
2015-09,WOODLANDS,3 ROOM,24,MARSILING DR,10 TO 12,67.0,New Generation,1977,50,268000.0,2015-09,WOODLANDS,3 ROOM,NEW GENERATION,10 TO 12,2015-09-01,True,True,True,True,10,12,True,True,Duplicate record,,,,,
2015-10,BEDOK,4 ROOM,37,BEDOK STH AVE 2,10 TO 12,84.0,Improved,1977,50,352000.0,2015-10,BEDOK,4 ROOM,IMPROVED,10 TO 12,2015-10-01,True,True,True,True,10,12,True,True,Duplicate record,,,,,
2015-10,CLEMENTI,3 ROOM,305,CLEMENTI AVE 4,04 TO 06,67.0,New Generation,1979,52,340000.0,2015-10,CLEMENTI,3 ROOM,NEW GENERATION,04 TO 06,2015-10-01,True,True,True,True,4,6,True,True,Duplicate record,,,,,
2015-11,SENGKANG,4 ROOM,441D,FERNVALE RD,19 TO 21,94.0,Model A,2012,85,456000.0,2015-11,SENGKANG,4 ROOM,MODEL A,19 TO 21,2015-11-01,True,True,True,True,19,21,True,True,Duplicate record,,,,,
2015-11,WOODLANDS,3 ROOM,19,MARSILING LANE,04 TO 06,60.0,Improved,1987,60,245000.0,2015-11,WOODLANDS,3 ROOM,IMPROVED,04 TO 06,2015-11-01,True,True,True,True,4,6,True,True,Duplicate record,,,,,
2016-01,SEMBAWANG,4 ROOM,492,ADMIRALTY LINK,16 TO 18,91.0,Model A,2004,77,355000.0,2016-01,SEMBAWANG,4 ROOM,MODEL A,16 TO 18,2016-01-01,True,True,True,True,16,18,True,True,Duplicate record,,,,,
2016-02,CHOA CHU KANG,4 ROOM,25,TECK WHYE LANE,04 TO 06,92.0,New Generation,1979,52,300000.0,2016-02,CHOA CHU KANG,4 ROOM,NEW GENERATION,04 TO 06,2016-02-01,True,True,True,True,4,6,True,True,Duplicate record,,,,,
2016-04,CLEMENTI,3 ROOM,607,CLEMENTI WEST ST 1,10 TO 12,67.0,New Generation,1979,52,300000.0,2016-04,CLEMENTI,3 ROOM,NEW GENERATION,10 TO 12,2016-04-01,True,True,True,True,10,12,True,True,Duplicate record,,,,,
2016-04,TAMPINES,5 ROOM,233,TAMPINES ST 21,01 TO 03,121.0,Improved,1985,58,460000.0,2016-04,TAMPINES,5 ROOM,IMPROVED,01 TO 03,2016-04-01,True,True,True,True,1,3,True,True,Duplicate record,,,,,
2016-05,YISHUN,3 ROOM,719,YISHUN ST 71,01 TO 03,64.0,Simplified,1987,60,268000.0,2016-05,YISHUN,3 ROOM,SIMPLIFIED,01 TO 03,2016-05-01,True,True,True,True,1,3,True,True,Duplicate record,,,,,
2016-05,YISHUN,4 ROOM,448,YISHUN RING RD,07 TO 09,92.0,Model A,2012,85,380000.0,2016-05,YISHUN,4 ROOM,MODEL A,07 TO 09,2016-05-01,True,True,True,True,7,9,True,True,Duplicate record,,,,,
2016-06,BUKIT PANJANG,4 ROOM,455,SEGAR RD,10 TO 12,93.0,Premium Apartment,2012,85,394000.0,2016-06,BUKIT PANJANG,4 ROOM,PREMIUM APARTMENT,10 TO 12,2016-06-01,True,True,True,True,10,12,True,True,Duplicate record,,,,,
2016-06,TAMPINES,EXECUTIVE,894,TAMPINES ST 81,07 TO 09,146.0,Maisonette,1989,62,680000.0,2016-06,TAMPINES,EXECUTIVE,MAISONETTE,07 TO 09,2016-06-01,True,True,True,True,7,9,True,True,Duplicate record,,,,,
2016-06,WOODLANDS,4 ROOM,577,WOODLANDS DR 16,07 TO 09,91.0,Model A,2000,73,346688.0,2016-06,WOODLANDS,4 ROOM,MODEL A,07 TO 09,2016-06-01,True,True,True,True,7,9,True,True,Duplicate record,,,,,
2016-06,WOODLANDS,5 ROOM,539,WOODLANDS DR 16,10 TO 12,121.0,Improved,2000,73,445000.0,2016-06,WOODLANDS,5 ROOM,IMPROVED,10 TO 12,2016-06-01,True,True,True,True,10,12,True,True,Duplicate record,,,,,
2016-07,SEMBAWANG,5 ROOM,588C,MONTREAL DR,13 TO 15,110.0,Improved,2003,76,445000.0,2016-07,SEMBAWANG,5 ROOM,IMPROVED,13 TO 15,2016-07-01,True,True,True,True,13,15,True,True,Duplicate record,,,,,
2016-07,WOODLANDS,4 ROOM,667,WOODLANDS RING RD,10 TO 12,90.0,Model A,2001,74,360000.0,2016-07,WOODLANDS,4 ROOM,MODEL A,10 TO 12,2016-07-01,True,True,True,True,10,12,True,True,Duplicate record,,,,,
2016-08,TAMPINES,3 ROOM,113,TAMPINES ST 11,07 TO 09,75.0,Model A,1982,55,335000.0,2016-08,TAMPINES,3 ROOM,MODEL A,07 TO 09,2016-08-01,True,True,True,True,7,9,True,True,Duplicate record,,,,,
2016-09,PUNGGOL,4 ROOM,614A,EDGEFIELD PLAINS,10 TO 12,92.0,Model A,2012,85,465000.0,2016-09,PUNGGOL,4 ROOM,MODEL A,10 TO 12,2016-09-01,True,True,True,True,10,12,True,True,Duplicate record,,,,,
2016-10,SERANGOON,2 ROOM,8,LOR LEW LIAN,07 TO 09,44.0,Improved,1978,51,250000.0,2016-10,SERANGOON,2 ROOM,IMPROVED,07 TO 09,2016-10-01,True,True,True,True,7,9,True,True,Duplicate record,,,,,
2016-10,WOODLANDS,4 ROOM,413,WOODLANDS ST 41,10 TO 12,106.0,Model A,1996,69,364000.0,2016-10,WOODLANDS,4 ROOM,MODEL A,10 TO 12,2016-10-01,True,True,True,True,10,12,True,True,Duplicate record,,,,,
2016-11,KALLANG/WHAMPOA,3 ROOM,94,GEYLANG BAHRU,04 TO 06,68.0,New Generation,1979,52,352500.0,2016-11,KALLANG/WHAMPOA,3 ROOM,NEW GENERATION,04 TO 06,2016-11-01,True,True,True,True,4,6,True,True,Duplicate record,,,,,
2012-01,ANG MO KIO,3 ROOM,256,ANG MO KIO AVE 4,10 TO 12,73.0,New Generation,1977,50,340000.0,2012-01,ANG MO KIO,3 ROOM,NEW GENERATION,10 TO 12,2012-01-01,True,True,True,True,10,12,True,True,Duplicate record,,,,,
2012-02,BUKIT BATOK,EXECUTIVE,218,BT BATOK ST 21,01 TO 03,156.0,Maisonette,1985,58,618000.0,2012-02,BUKIT BATOK,EXECUTIVE,MAISONETTE,01 TO 03,2012-02-01,True,True,True,True,1,3,True,True,Duplicate record,,,,,
2012-02,CLEMENTI,3 ROOM,513,WEST COAST RD,01 TO 03,68.0,New Generation,1980,53,307000.0,2012-02,CLEMENTI,3 ROOM,NEW GENERATION,01 TO 03,2012-02-01,True,True,True,True,1,3,True,True,Duplicate record,,,,,
2012-02,GEYLANG,4 ROOM,351,UBI AVE 1,07 TO 09,104.0,Model A,1988,61,400000.0,2012-02,GEYLANG,4 ROOM,MODEL A,07 TO 09,2012-02-01,True,True,True,True,7,9,True,True,Duplicate record,,,,,
2012-02,SENGKANG,4 ROOM,264F,COMPASSVALE BOW,07 TO 09,92.0,Premium Apartment,2008,81,533000.0,2012-02,SENGKANG,4 ROOM,PREMIUM APARTMENT,07 TO 09,2012-02-01,True,True,True,True,7,9,True,True,Duplicate record,,,,,
2012-02,TAMPINES,5 ROOM,494C,TAMPINES ST 43,10 TO 12,125.0,Improved,1993,66,523000.0,2012-02,TAMPINES,5 ROOM,IMPROVED,10 TO 12,2012-02-01,True,True,True,True,10,12,True,True,Duplicate record,,,,,
2012-02,TOA PAYOH,5 ROOM,153A,LOR 1 TOA PAYOH,04 TO 06,121.0,Improved,1999,72,728000.0,2012-02,TOA PAYOH,5 ROOM,IMPROVED,04 TO 06,2012-02-01,True,True,True,True,4,6,True,True,Duplicate record,,,,,
2012-03,ANG MO KIO,3 ROOM,173,ANG MO KIO AVE 4,01 TO 05,83.0,New Generation,1982,55,372000.0,2012-03,ANG MO KIO,3 ROOM,NEW GENERATION,01 TO 05,2012-03-01,True,True,True,True,1,5,True,True,Duplicate record,,,,,
2012-03,ANG MO KIO,5 ROOM,648,ANG MO KIO AVE 5,01 TO 05,121.0,Improved,1980,53,538000.0,2012-03,ANG MO KIO,5 ROOM,IMPROVED,01 TO 05,2012-03-01,True,True,True,True,1,5,True,True,Duplicate record,,,,,
2012-03,ANG MO KIO,5 ROOM,716,ANG MO KIO AVE 6,06 TO 10,119.0,Improved,1980,53,590000.0,2012-03,ANG MO KIO,5 ROOM,IMPROVED,06 TO 10,2012-03-01,True,True,True,True,6,10,True,True,Duplicate record,,,,,
2012-03,BEDOK,3 ROOM,504,BEDOK NTH ST 3,01 TO 05,59.0,Improved,1978,51,294000.0,2012-03,BEDOK,3 ROOM,IMPROVED,01 TO 05,2012-03-01,True,True,True,True,1,5,True,True,Duplicate record,,,,,
2012-03,BUKIT BATOK,3 ROOM,212,BT BATOK ST 21,06 TO 10,67.0,New Generation,1985,58,341000.0,2012-03,BUKIT BATOK,3 ROOM,NEW GENERATION,06 TO 10,2012-03-01,True,True,True,True,6,10,True,True,Duplicate record,,,,,
2012-03,JURONG EAST,3 ROOM,101,JURONG EAST ST 13,11 TO 15,68.0,New Generation,1983,56,345000.0,2012-03,JURONG EAST,3 ROOM,NEW GENERATION,11 TO 15,2012-03-01,True,True,True,True,11,15,True,True,Duplicate record,,,,,
2012-03,JURONG EAST,3 ROOM,101,JURONG EAST ST 13,11 TO 15,68.0,New Generation,1983,56,332000.0,2012-03,JURONG EAST,3 ROOM,NEW GENERATION,11 TO 15,2012-03-01,True,True,True,True,11,15,True,True,Duplicate record,,,,,
2012-03,JURONG WEST,3 ROOM,209,BOON LAY PL,11 TO 15,65.0,Improved,1976,49,308000.0,2012-03,JURONG WEST,3 ROOM,IMPROVED,11 TO 15,2012-03-01,True,True,True,True,11,15,True,True,Duplicate record,,,,,
2012-03,JURONG WEST,3 ROOM,209,BOON LAY PL,11 TO 15,65.0,Improved,1976,49,303000.0,2012-03,JURONG WEST,3 ROOM,IMPROVED,11 TO 15,2012-03-01,True,True,True,True,11,15,True,True,Duplicate record,,,,,
2012-03,JURONG WEST,4 ROOM,940,JURONG WEST ST 91,06 TO 10,104.0,Model A,1989,62,376000.0,2012-03,JURONG WEST,4 ROOM,MODEL A,06 TO 10,2012-03-01,True,True,True,True,6,10,True,True,Duplicate record,,,,,
2012-03,SEMBAWANG,5 ROOM,467B,ADMIRALTY DR,01 TO 05,118.0,Premium Apartment,2001,74,424000.0,2012-03,SEMBAWANG,5 ROOM,PREMIUM APARTMENT,01 TO 05,2012-03-01,True,True,True,True,1,5,True,True,Duplicate record,,,,,
2012-03,TOA PAYOH,3 ROOM,199,TOA PAYOH NTH,06 TO 10,65.0,Improved,1982,55,333000.0,2012-03,TOA PAYOH,3 ROOM,IMPROVED,06 TO 10,2012-03-01,True,True,True,True,6,10,True,True,Duplicate record,,,,,
2012-03,TOA PAYOH,3 ROOM,4,LOR 7 TOA PAYOH,01 TO 05,68.0,Improved,1969,42,320000.0,2012-03,TOA PAYOH,3 ROOM,IMPROVED,01 TO 05,2012-03-01,True,True,True,True,1,5,True,True,Duplicate record,,,,,
2012-03,YISHUN,4 ROOM,737,YISHUN ST 72,06 TO 10,91.0,New Generation,1985,58,440000.0,2012-03,YISHUN,4 ROOM,NEW GENERATION,06 TO 10,2012-03-01,True,True,True,True,6,10,True,True,Duplicate record,,,,,
2012-04,BUKIT PANJANG,3 ROOM,109,GANGSA RD,01 TO 05,64.0,Simplified,1988,61,299000.0,2012-04,BUKIT PANJANG,3 ROOM,SIMPLIFIED,01 TO 05,2012-04-01,True,True,True,True,1,5,True,True,Duplicate record,,,,,
2012-04,TAMPINES,4 ROOM,265,TAMPINES ST 21,01 TO 05,103.0,Model A,1984,57,463000.0,2012-04,TAMPINES,4 ROOM,MODEL A,01 TO 05,2012-04-01,True,True,True,True,1,5,True,True,Duplicate record,,,,,
2012-05,SERANGOON,3 ROOM,124,SERANGOON NTH AVE 1,01 TO 05,67.0,New Generation,1985,58,312000.0,2012-05,SERANGOON,3 ROOM,NEW GENERATION,01 TO 05,2012-05-01,True,True,True,True,1,5,True,True,Duplicate record,,,,,
2012-07,ANG MO KIO,4 ROOM,212,ANG MO KIO AVE 3,01 TO 03,81.0,New Generation,1977,50,405000.0,2012-07,ANG MO KIO,4 ROOM,NEW GENERATION,01 TO 03,2012-07-01,True,True,True,True,1,3,True,True,Duplicate record,,,,,
2012-07,ANG MO KIO,5 ROOM,642,ANG MO KIO AVE 5,01 TO 03,121.0,Improved,1980,53,543000.0,2012-07,ANG MO KIO,5 ROOM,IMPROVED,01 TO 03,2012-07-01,True,True,True,True,1,3,True,True,Duplicate record,,,,,
2012-07,BUKIT BATOK,3 ROOM,109,BT BATOK WEST AVE 6,07 TO 09,59.0,Improved,1985,58,306500.0,2012-07,BUKIT BATOK,3 ROOM,IMPROVED,07 TO 09,2012-07-01,True,True,True,True,7,9,True,True,Duplicate record,,,,,
2012-07,JURONG WEST,4 ROOM,414,JURONG WEST ST 42,01 TO 03,104.0,Model A,1984,57,383000.0,2012-07,JURONG WEST,4 ROOM,MODEL A,01 TO 03,2012-07-01,True,True,True,True,1,3,True,True,Duplicate record,,,,,
2012-07,MARINE PARADE,4 ROOM,54,MARINE TER,10 TO 12,88.0,Improved,1975,48,535000.0,2012-07,MARINE PARADE,4 ROOM,IMPROVED,10 TO 12,2012-07-01,True,True,True,True,10,12,True,True,Duplicate record,,,,,
2012-07,PASIR RIS,4 ROOM,142,PASIR RIS ST 11,01 TO 03,108.0,Model A,1994,67,406000.0,2012-07,PASIR RIS,4 ROOM,MODEL A,01 TO 03,2012-07-01,True,True,True,True,1,3,True,True,Duplicate record,,,,,
2012-08,ANG MO KIO,2 ROOM,314,ANG MO KIO AVE 3,04 TO 06,44.0,Improved,1978,51,273000.0,2012-08,ANG MO KIO,2 ROOM,IMPROVED,04 TO 06,2012-08-01,True,True,True,True,4,6,True,True,Duplicate record,,,,,
2012-08,ANG MO KIO,2 ROOM,314,ANG MO KIO AVE 3,04 TO 06,44.0,Improved,1978,51,272000.0,2012-08,ANG MO KIO,2 ROOM,IMPROVED,04 TO 06,2012-08-01,True,True,True,True,4,6,True,True,Duplicate record,,,,,
2012-08,HOUGANG,3 ROOM,528,HOUGANG AVE 6,10 TO 12,74.0,Model A,1987,60,392000.0,2012-08,HOUGANG,3 ROOM,MODEL A,10 TO 12,2012-08-01,True,True,True,True,10,12,True,True,Duplicate record,,,,,
2012-08,JURONG EAST,3 ROOM,341,JURONG EAST AVE 1,04 TO 06,74.0,Model A,1983,56,337000.0,2012-08,JURONG EAST,3 ROOM,MODEL A,04 TO 06,2012-08-01,True,True,True,True,4,6,True,True,Duplicate record,,,,,
2012-08,SENGKANG,4 ROOM,275A,COMPASSVALE LINK,07 TO 09,90.0,Premium Apartment,2009,82,583000.0,2012-08,SENGKANG,4 ROOM,PREMIUM APARTMENT,07 TO 09,2012-08-01,True,True,True,True,7,9,True,True,Duplicate record,,,,,
2012-09,BUKIT MERAH,3 ROOM,42,TELOK BLANGAH RISE,04 TO 06,59.0,Improved,1976,49,321000.0,2012-09,BUKIT MERAH,3 ROOM,IMPROVED,04 TO 06,2012-09-01,True,True,True,True,4,6,True,True,Duplicate record,,,,,
2012-09,CHOA CHU KANG,4 ROOM,151,JLN TECK WHYE,04 TO 06,100.0,Model A,1998,71,412000.0,2012-09,CHOA CHU KANG,4 ROOM,MODEL A,04 TO 06,2012-09-01,True,True,True,True,4,6,True,True,Duplicate record,,,,,
2012-09,JURONG EAST,3 ROOM,102,JURONG EAST ST 13,01 TO 03,68.0,New Generation,1982,55,345000.0,2012-09,JURONG EAST,3 ROOM,NEW GENERATION,01 TO 03,2012-09-01,True,True,True,True,1,3,True,True,Duplicate record,,,,,
2012-09,WOODLANDS,4 ROOM,614,WOODLANDS AVE 4,10 TO 12,102.0,Model A,1998,71,410000.0,2012-09,WOODLANDS,4 ROOM,MODEL A,10 TO 12,2012-09-01,True,True,True,True,10,12,True,True,Duplicate record,,,,,
2012-10,TOA PAYOH,3 ROOM,157,LOR 1 TOA PAYOH,04 TO 06,67.0,Improved,1971,44,393000.0,2012-10,TOA PAYOH,3 ROOM,IMPROVED,04 TO 06,2012-10-01,True,True,True,True,4,6,True,True,Duplicate record,,,,,
2012-10,WOODLANDS,3 ROOM,1,MARSILING DR,01 TO 03,65.0,Improved,1974,47,294000.0,2012-10,WOODLANDS,3 ROOM,IMPROVED,01 TO 03,2012-10-01,True,True,True,True,1,3,True,True,Duplicate record,,,,,
2012-11,BUKIT PANJANG,4 ROOM,226,PENDING RD,07 TO 09,84.0,Simplified,1987,60,366000.0,2012-11,BUKIT PANJANG,4 ROOM,SIMPLIFIED,07 TO 09,2012-11-01,True,True,True,True,7,9,True,True,Duplicate record,,,,,
2012-11,WOODLANDS,3 ROOM,1,MARSILING DR,10 TO 12,65.0,Improved,1974,47,300000.0,2012-11,WOODLANDS,3 ROOM,IMPROVED,10 TO 12,2012-11-01,True,True,True,True,10,12,True,True,Duplicate record,,,,,
2012-12,CLEMENTI,3 ROOM,515,WEST COAST RD,01 TO 03,68.0,New Generation,1980,53,325000.0,2012-12,CLEMENTI,3 ROOM,NEW GENERATION,01 TO 03,2012-12-01,True,True,True,True,1,3,True,True,Duplicate record,,,,,
2012-12,JURONG WEST,3 ROOM,122,YUAN CHING RD,01 TO 03,61.0,Improved,1974,47,290000.0,2012-12,JURONG WEST,3 ROOM,IMPROVED,01 TO 03,2012-12-01,True,True,True,True,1,3,True,True,Duplicate record,,,,,
2012-12,QUEENSTOWN,3 ROOM,9,HOLLAND AVE,16 TO 18,65.0,Improved,1974,47,470000.0,2012-12,QUEENSTOWN,3 ROOM,IMPROVED,16 TO 18,2012-12-01,True,True,True,True,16,18,True,True,Duplicate record,,,,,
2012-12,SENGKANG,4 ROOM,132,RIVERVALE ST,01 TO 03,100.0,Model A,1999,72,448000.0,2012-12,SENGKANG,4 ROOM,MODEL A,01 TO 03,2012-12-01,True,True,True,True,1,3,True,True,Duplicate record,,,,,
2012-12,WOODLANDS,4 ROOM,575,WOODLANDS DR 16,07 TO 09,86.0,Model A2,2000,73,381000.0,2012-12,WOODLANDS,4 ROOM,MODEL A2,07 TO 09,2012-12-01,True,True,True,True,7,9,True,True,Duplicate record,,,,,
2013-01,BUKIT MERAH,2 ROOM,45,TELOK BLANGAH DR,04 TO 06,45.0,Improved,1976,49,285000.0,2013-01,BUKIT MERAH,2 ROOM,IMPROVED,04 TO 06,2013-01-01,True,True,True,True,4,6,True,True,Duplicate record,,,,,
2013-01,YISHUN,3 ROOM,345,YISHUN AVE 11,04 TO 06,74.0,Model A,1988,61,310000.0,2013-01,YISHUN,3 ROOM,MODEL A,04 TO 06,2013-01-01,True,True,True,True,4,6,True,True,Duplicate record,,,,,
2013-03,JURONG EAST,3 ROOM,411,PANDAN GDNS,07 TO 09,73.0,Improved,1979,52,316800.0,2013-03,JURONG EAST,3 ROOM,IMPROVED,07 TO 09,2013-03-01,True,True,True,True,7,9,True,True,Duplicate record,,,,,
2013-04,BEDOK,3 ROOM,554,BEDOK NTH ST 3,04 TO 06,68.0,New Generation,1980,53,335000.0,2013-04,BEDOK,3 ROOM,NEW GENERATION,04 TO 06,2013-04-01,True,True,True,True,4,6,True,True,Duplicate record,,,,,
2013-04,BUKIT BATOK,4 ROOM,324,BT BATOK ST 33,07 TO 09,89.0,Simplified,1988,61,395000.0,2013-04,BUKIT BATOK,4 ROOM,SIMPLIFIED,07 TO 09,2013-04-01,True,True,True,True,7,9,True,True,Duplicate record,,,,,
2013-04,CLEMENTI,3 ROOM,706,CLEMENTI WEST ST 2,07 TO 09,68.0,New Generation,1980,53,342000.0,2013-04,CLEMENTI,3 ROOM,NEW GENERATION,07 TO 09,2013-04-01,True,True,True,True,7,9,True,True,Duplicate record,,,,,
2013-04,JURONG WEST,3 ROOM,530,JURONG WEST ST 52,04 TO 06,67.0,New Generation,1983,56,353000.0,2013-04,JURONG WEST,3 ROOM,NEW GENERATION,04 TO 06,2013-04-01,True,True,True,True,4,6,True,True,Duplicate record,,,,,
2013-04,PASIR RIS,4 ROOM,760,PASIR RIS ST 71,04 TO 06,104.0,Model A,1996,69,460000.0,2013-04,PASIR RIS,4 ROOM,MODEL A,04 TO 06,2013-04-01,True,True,True,True,4,6,True,True,Duplicate record,,,,,
2013-04,PUNGGOL,5 ROOM,196B,PUNGGOL FIELD,01 TO 03,110.0,Improved,2003,76,520000.0,2013-04,PUNGGOL,5 ROOM,IMPROVED,01 TO 03,2013-04-01,True,True,True,True,1,3,True,True,Duplicate record,,,,,
2013-04,SENGKANG,4 ROOM,436B,FERNVALE RD,19 TO 21,96.0,Model A,2010,83,547000.0,2013-04,SENGKANG,4 ROOM,MODEL A,19 TO 21,2013-04-01,True,True,True,True,19,21,True,True,Duplicate record,,,,,
2013-05,JURONG WEST,3 ROOM,187,BOON LAY AVE,04 TO 06,59.0,Improved,1978,51,268000.0,2013-05,JURONG WEST,3 ROOM,IMPROVED,04 TO 06,2013-05-01,True,True,True,True,4,6,True,True,Duplicate record,,,,,
2013-05,TOA PAYOH,3 ROOM,34,LOR 5 TOA PAYOH,07 TO 09,67.0,Improved,1970,43,360000.0,2013-05,TOA PAYOH,3 ROOM,IMPROVED,07 TO 09,2013-05-01,True,True,True,True,7,9,True,True,Duplicate record,,,,,
2013-06,WOODLANDS,4 ROOM,27,MARSILING DR,13 TO 15,91.0,New Generation,1977,50,356000.0,2013-06,WOODLANDS,4 ROOM,NEW GENERATION,13 TO 15,2013-06-01,True,True,True,True,13,15,True,True,Duplicate record,,,,,
2013-08,ANG MO KIO,3 ROOM,607,ANG MO KIO AVE 4,07 TO 09,68.0,New Generation,1980,53,328000.0,2013-08,ANG MO KIO,3 ROOM,NEW GENERATION,07 TO 09,2013-08-01,True,True,True,True,7,9,True,True,Duplicate record,,,,,
2013-08,JURONG WEST,3 ROOM,210,BOON LAY PL,19 TO 21,65.0,Improved,1977,50,320000.0,2013-08,JURONG WEST,3 ROOM,IMPROVED,19 TO 21,2013-08-01,True,True,True,True,19,21,True,True,Duplicate record,,,,,
2013-08,TAMPINES,3 ROOM,262,TAMPINES ST 21,04 TO 06,74.0,Model A,1984,57,388000.0,2013-08,TAMPINES,3 ROOM,MODEL A,04 TO 06,2013-08-01,True,True,True,True,4,6,True,True,Duplicate record,,,,,
2013-08,YISHUN,3 ROOM,701,YISHUN AVE 5,01 TO 03,68.0,New Generation,1984,57,321000.0,2013-08,YISHUN,3 ROOM,NEW GENERATION,01 TO 03,2013-08-01,True,True,True,True,1,3,True,True,Duplicate record,,,,,
2013-09,TAMPINES,3 ROOM,215,TAMPINES ST 23,10 TO 12,67.0,New Generation,1985,58,353000.0,2013-09,TAMPINES,3 ROOM,NEW GENERATION,10 TO 12,2013-09-01,True,True,True,True,10,12,True,True,Duplicate record,,,,,
2013-11,TOA PAYOH,4 ROOM,79D,TOA PAYOH CTRL,04 TO 06,92.0,Model A,2009,82,688000.0,2013-11,TOA PAYOH,4 ROOM,MODEL A,04 TO 06,2013-11-01,True,True,True,True,4,6,True,True,Duplicate record,,,,,
2013-12,SENGKANG,4 ROOM,436C,FERNVALE RD,13 TO 15,96.0,Model A,2010,83,498888.0,2013-12,SENGKANG,4 ROOM,MODEL A,13 TO 15,2013-12-01,True,True,True,True,13,15,True,True,Duplicate record,,,,,
2014-02,KALLANG/WHAMPOA,3 ROOM,2,ST. GEORGE'S RD,04 TO 06,59.0,Improved,1976,49,295000.0,2014-02,KALLANG/WHAMPOA,3 ROOM,IMPROVED,04 TO 06,2014-02-01,True,True,True,True,4,6,True,True,Duplicate record,,,,,
2014-02,SENGKANG,4 ROOM,273C,COMPASSVALE LINK,10 TO 12,90.0,Premium Apartment,2009,82,553000.0,2014-02,SENGKANG,4 ROOM,PREMIUM APARTMENT,10 TO 12,2014-02-01,True,True,True,True,10,12,True,True,Duplicate record,,,,,
2014-03,BEDOK,3 ROOM,533,BEDOK NTH ST 3,04 TO 06,68.0,New Generation,1980,53,324000.0,2014-03,BEDOK,3 ROOM,NEW GENERATION,04 TO 06,2014-03-01,True,True,True,True,4,6,True,True,Duplicate record,,,,,
2014-03,PASIR RIS,5 ROOM,762,PASIR RIS ST 71,01 TO 03,127.0,Improved,1996,69,530000.0,2014-03,PASIR RIS,5 ROOM,IMPROVED,01 TO 03,2014-03-01,True,True,True,True,1,3,True,True,Duplicate record,,,,,
2014-04,ANG MO KIO,3 ROOM,535,ANG MO KIO AVE 5,04 TO 06,67.0,New Generation,1980,53,345000.0,2014-04,ANG MO KIO,3 ROOM,NEW GENERATION,04 TO 06,2014-04-01,True,True,True,True,4,6,True,True,Duplicate record,,,,,
2014-04,BEDOK,4 ROOM,58,CHAI CHEE DR,07 TO 09,104.0,Model A,1983,56,447000.0,2014-04,BEDOK,4 ROOM,MODEL A,07 TO 09,2014-04-01,True,True,True,True,7,9,True,True,Duplicate record,,,,,
2014-04,KALLANG/WHAMPOA,3 ROOM,86,WHAMPOA DR,10 TO 12,66.0,Improved,1974,47,305000.0,2014-04,KALLANG/WHAMPOA,3 ROOM,IMPROVED,10 TO 12,2014-04-01,True,True,True,True,10,12,True,True,Duplicate record,,,,,
2014-04,SEMBAWANG,4 ROOM,405,ADMIRALTY LINK,01 TO 03,86.0,Model A2,2001,74,370000.0,2014-04,SEMBAWANG,4 ROOM,MODEL A2,01 TO 03,2014-04-01,True,True,True,True,1,3,True,True,Duplicate record,,,,,
2014-04,YISHUN,3 ROOM,219,YISHUN ST 21,07 TO 09,68.0,New Generation,1985,58,316000.0,2014-04,YISHUN,3 ROOM,NEW GENERATION,07 TO 09,2014-04-01,True,True,True,True,7,9,True,True,Duplicate record,,,,,
2014-05,BEDOK,3 ROOM,534,BEDOK NTH ST 3,10 TO 12,69.0,Improved,1986,59,319000.0,2014-05,BEDOK,3 ROOM,IMPROVED,10 TO 12,2014-05-01,True,True,True,True,10,12,True,True,Duplicate record,,,,,
2014-05,BUKIT MERAH,3 ROOM,8,JLN BT HO SWEE,04 TO 06,56.0,Standard,1971,44,318000.0,2014-05,BUKIT MERAH,3 ROOM,STANDARD,04 TO 06,2014-05-01,True,True,True,True,4,6,True,True,Duplicate record,,,,,
2014-05,JURONG EAST,3 ROOM,210,JURONG EAST ST 21,07 TO 09,67.0,New Generation,1983,56,336500.0,2014-05,JURONG EAST,3 ROOM,NEW GENERATION,07 TO 09,2014-05-01,True,True,True,True,7,9,True,True,Duplicate record,,,,,
2014-05,KALLANG/WHAMPOA,3 ROOM,463,CRAWFORD LANE,04 TO 06,60.0,Improved,1982,55,400000.0,2014-05,KALLANG/WHAMPOA,3 ROOM,IMPROVED,04 TO 06,2014-05-01,True,True,True,True,4,6,True,True,Duplicate record,,,,,
2014-05,QUEENSTOWN,3 ROOM,100,C'WEALTH CRES,01 TO 03,59.0,Standard,1970,43,292000.0,2014-05,QUEENSTOWN,3 ROOM,STANDARD,01 TO 03,2014-05-01,True,True,True,True,1,3,True,True,Duplicate record,,,,,
2014-05,QUEENSTOWN,3 ROOM,55,C'WEALTH DR,10 TO 12,56.0,Standard,1970,43,328000.0,2014-05,QUEENSTOWN,3 ROOM,STANDARD,10 TO 12,2014-05-01,True,True,True,True,10,12,True,True,Duplicate record,,,,,
2014-05,SEMBAWANG,5 ROOM,475,SEMBAWANG DR,10 TO 12,110.0,Improved,2000,73,430000.0,2014-05,SEMBAWANG,5 ROOM,IMPROVED,10 TO 12,2014-05-01,True,True,True,True,10,12,True,True,Duplicate record,,,,,
2014-05,SERANGOON,3 ROOM,221,SERANGOON AVE 4,01 TO 03,67.0,New Generation,1984,57,345000.0,2014-05,SERANGOON,3 ROOM,NEW GENERATION,01 TO 03,2014-05-01,True,True,True,True,1,3,True,True,Duplicate record,,,,,
2014-05,SERANGOON,4 ROOM,211,SERANGOON AVE 4,01 TO 03,92.0,New Generation,1985,58,485000.0,2014-05,SERANGOON,4 ROOM,NEW GENERATION,01 TO 03,2014-05-01,True,True,True,True,1,3,True,True,Duplicate record,,,,,
2014-05,TOA PAYOH,3 ROOM,23,TOA PAYOH EAST,07 TO 09,67.0,Improved,1970,43,330000.0,2014-05,TOA PAYOH,3 ROOM,IMPROVED,07 TO 09,2014-05-01,True,True,True,True,7,9,True,True,Duplicate record,,,,,
2014-05,TOA PAYOH,3 ROOM,4,UPP ALJUNIED LANE,07 TO 09,57.0,Standard,1968,41,298000.0,2014-05,TOA PAYOH,3 ROOM,STANDARD,07 TO 09,2014-05-01,True,True,True,True,7,9,True,True,Duplicate record,,,,,
2014-05,YISHUN,3 ROOM,130,YISHUN ST 11,04 TO 06,74.0,Model A,1985,58,305000.0,2014-05,YISHUN,3 ROOM,MODEL A,04 TO 06,2014-05-01,True,True,True,True,4,6,True,True,Duplicate record,,,,,
2014-06,JURONG EAST,3 ROOM,47,TEBAN GDNS RD,04 TO 06,68.0,New Generation,1985,58,285000.0,2014-06,JURONG EAST,3 ROOM,NEW GENERATION,04 TO 06,2014-06-01,True,True,True,True,4,6,True,True,Duplicate record,,,,,
2014-06,JURONG WEST,4 ROOM,655B,JURONG WEST ST 61,07 TO 09,85.0,Model A2,2002,75,410000.0,2014-06,JURONG WEST,4 ROOM,MODEL A2,07 TO 09,2014-06-01,True,True,True,True,7,9,True,True,Duplicate record,,,,,
2014-06,YISHUN,3 ROOM,208,YISHUN ST 21,10 TO 12,67.0,New Generation,1985,58,332000.0,2014-06,YISHUN,3 ROOM,NEW GENERATION,10 TO 12,2014-06-01,True,True,True,True,10,12,True,True,Duplicate record,,,,,
2014-08,KALLANG/WHAMPOA,4 ROOM,11,FARRER PK RD,07 TO 09,90.0,Model A,2004,77,615000.0,2014-08,KALLANG/WHAMPOA,4 ROOM,MODEL A,07 TO 09,2014-08-01,True,True,True,True,7,9,True,True,Duplicate record,,,,,
2014-08,YISHUN,4 ROOM,246,YISHUN AVE 9,07 TO 09,84.0,Simplified,1985,58,327000.0,2014-08,YISHUN,4 ROOM,SIMPLIFIED,07 TO 09,2014-08-01,True,True,True,True,7,9,True,True,Duplicate record,,,,,
2014-08,YISHUN,4 ROOM,312,YISHUN RING RD,01 TO 03,84.0,Simplified,1987,60,300000.0,2014-08,YISHUN,4 ROOM,SIMPLIFIED,01 TO 03,2014-08-01,True,True,True,True,1,3,True,True,Duplicate record,,,,,
2014-09,BUKIT TIMAH,3 ROOM,4,QUEEN'S RD,04 TO 06,73.0,Improved,1974,47,365000.0,2014-09,BUKIT TIMAH,3 ROOM,IMPROVED,04 TO 06,2014-09-01,True,True,True,True,4,6,True,True,Duplicate record,,,,,
2014-10,QUEENSTOWN,4 ROOM,91,TANGLIN HALT RD,22 TO 24,85.0,Model A,2008,81,735000.0,2014-10,QUEENSTOWN,4 ROOM,MODEL A,22 TO 24,2014-10-01,True,True,True,True,22,24,True,True,Duplicate record,,,,,
2014-10,SENGKANG,4 ROOM,271A,SENGKANG CTRL,07 TO 09,93.0,Premium Apartment,2010,83,508000.0,2014-10,SENGKANG,4 ROOM,PREMIUM APARTMENT,07 TO 09,2014-10-01,True,True,True,True,7,9,True,True,Duplicate record,,,,,
2014-11,BUKIT PANJANG,5 ROOM,152,GANGSA RD,13 TO 15,121.0,Improved,1998,71,555000.0,2014-11,BUKIT PANJANG,5 ROOM,IMPROVED,13 TO 15,2014-11-01,True,True,True,True,13,15,True,True,Duplicate record,,,,,
2014-12,TAMPINES,4 ROOM,226,TAMPINES ST 23,10 TO 12,104.0,Model A,1985,58,470000.0,2014-12,TAMPINES,4 ROOM,MODEL A,10 TO 12,2014-12-01,True,True,True,True,10,12,True,True,Duplicate record,,,,,
2015-01,JURONG EAST,3 ROOM,102,JURONG EAST ST 13,07 TO 09,68.0,New Generation,1982,55,360000.0,2015-01,JURONG EAST,3 ROOM,NEW GENERATION,07 TO 09,2015-01-01,True,True,True,True,7,9,True,True,Duplicate record,,,,,
2015-02,BEDOK,3 ROOM,419,BEDOK NTH ST 1,04 TO 06,68.0,New Generation,1979,52,328000.0,2015-02,BEDOK,3 ROOM,NEW GENERATION,04 TO 06,2015-02-01,True,True,True,True,4,6,True,True,Duplicate record,,,,,
2015-03,BUKIT BATOK,3 ROOM,421,BT BATOK WEST AVE 2,04 TO 06,68.0,New Generation,1988,61,255000.0,2015-03,BUKIT BATOK,3 ROOM,NEW GENERATION,04 TO 06,2015-03-01,True,True,True,True,4,6,True,True,Duplicate record,,,,,
2015-03,PASIR RIS,4 ROOM,112,PASIR RIS ST 11,10 TO 12,103.0,Model A,1990,63,380000.0,2015-03,PASIR RIS,4 ROOM,MODEL A,10 TO 12,2015-03-01,True,True,True,True,10,12,True,True,Duplicate record,,,,,
2015-04,ANG MO KIO,3 ROOM,468,ANG MO KIO AVE 10,01 TO 03,67.0,New Generation,1979,52,278000.0,2015-04,ANG MO KIO,3 ROOM,NEW GENERATION,01 TO 03,2015-04-01,True,True,True,True,1,3,True,True,Duplicate record,,,,,
2015-04,ANG MO KIO,3 ROOM,468,ANG MO KIO AVE 10,01 TO 03,67.0,New Generation,1979,52,268000.0,2015-04,ANG MO KIO,3 ROOM,NEW GENERATION,01 TO 03,2015-04-01,True,True,True,True,1,3,True,True,Duplicate record,,,,,
2015-04,HOUGANG,EXECUTIVE,705,HOUGANG AVE 2,10 TO 12,148.0,Maisonette,1986,59,615000.0,2015-04,HOUGANG,EXECUTIVE,MAISONETTE,10 TO 12,2015-04-01,True,True,True,True,10,12,True,True,Duplicate record,,,,,
2015-05,GEYLANG,4 ROOM,49,JLN TIGA,07 TO 09,93.0,Model A,2005,78,638000.0,2015-05,GEYLANG,4 ROOM,MODEL A,07 TO 09,2015-05-01,True,True,True,True,7,9,True,True,Duplicate record,,,,,
2015-05,HOUGANG,5 ROOM,653,HOUGANG AVE 8,04 TO 06,120.0,Improved,1987,60,485000.0,2015-05,HOUGANG,5 ROOM,IMPROVED,04 TO 06,2015-05-01,True,True,True,True,4,6,True,True,Duplicate record,,,,,
2015-05,JURONG WEST,5 ROOM,659B,JURONG WEST ST 65,04 TO 06,110.0,Improved,2001,74,440000.0,2015-05,JURONG WEST,5 ROOM,IMPROVED,04 TO 06,2015-05-01,True,True,True,True,4,6,True,True,Duplicate record,,,,,
2015-05,TAMPINES,3 ROOM,201D,TAMPINES ST 21,01 TO 03,82.0,New Generation,1987,60,320000.0,2015-05,TAMPINES,3 ROOM,NEW GENERATION,01 TO 03,2015-05-01,True,True,True,True,1,3,True,True,Duplicate record,,,,,
2015-06,BISHAN,4 ROOM,267,BISHAN ST 24,04 TO 06,104.0,Model A,1992,65,530000.0,2015-06,BISHAN,4 ROOM,MODEL A,04 TO 06,2015-06-01,True,True,True,True,4,6,True,True,Duplicate record,,,,,
2015-07,YISHUN,4 ROOM,390,YISHUN AVE 6,10 TO 12,104.0,Model A,1988,61,348000.0,2015-07,YISHUN,4 ROOM,MODEL A,10 TO 12,2015-07-01,True,True,True,True,10,12,True,True,Duplicate record,,,,,
2015-08,ANG MO KIO,3 ROOM,443,ANG MO KIO AVE 10,04 TO 06,67.0,New Generation,1979,52,314000.0,2015-08,ANG MO KIO,3 ROOM,NEW GENERATION,04 TO 06,2015-08-01,True,True,True,True,4,6,True,True,Duplicate record,,,,,
2015-08,BEDOK,5 ROOM,99,BEDOK NTH AVE 4,16 TO 18,123.0,Standard,1978,51,547500.0,2015-08,BEDOK,5 ROOM,STANDARD,16 TO 18,2015-08-01,True,True,True,True,16,18,True,True,Duplicate record,,,,,
2015-08,CLEMENTI,3 ROOM,339,CLEMENTI AVE 5,07 TO 09,67.0,New Generation,1979,52,365000.0,2015-08,CLEMENTI,3 ROOM,NEW GENERATION,07 TO 09,2015-08-01,True,True,True,True,7,9,True,True,Duplicate record,,,,,
2015-09,CENTRAL AREA,4 ROOM,1G,CANTONMENT RD,31 TO 33,93.0,Type S1,2011,84,850000.0,2015-09,CENTRAL AREA,4 ROOM,TYPE S1,31 TO 33,2015-09-01,True,True,True,True,31,33,True,True,Duplicate record,,,,,
2015-09,SENGKANG,4 ROOM,227A,COMPASSVALE DR,01 TO 03,101.0,Model A,1999,72,369000.0,2015-09,SENGKANG,4 ROOM,MODEL A,01 TO 03,2015-09-01,True,True,True,True,1,3,True,True,Duplicate record,,,,,
2015-10,BEDOK,4 ROOM,37,BEDOK STH AVE 2,13 TO 15,84.0,Improved,1977,50,355000.0,2015-10,BEDOK,4 ROOM,IMPROVED,13 TO 15,2015-10-01,True,True,True,True,13,15,True,True,Duplicate record,,,,,
2015-10,BUKIT BATOK,3 ROOM,267,BT BATOK EAST AVE 4,01 TO 03,64.0,Simplified,1987,60,255000.0,2015-10,BUKIT BATOK,3 ROOM,SIMPLIFIED,01 TO 03,2015-10-01,True,True,True,True,1,3,True,True,Duplicate record,,,,,
2015-10,GEYLANG,3 ROOM,21,BALAM RD,04 TO 06,60.3,Standard,1967,40,245000.0,2015-10,GEYLANG,3 ROOM,STANDARD,04 TO 06,2015-10-01,True,True,True,True,4,6,True,True,Duplicate record,,,,,
2015-10,JURONG EAST,3 ROOM,321,JURONG EAST ST 31,04 TO 06,74.0,Model A,1984,57,335000.0,2015-10,JURONG EAST,3 ROOM,MODEL A,04 TO 06,2015-10-01,True,True,True,True,4,6,True,True,Duplicate record,,,,,
2015-10,PUNGGOL,4 ROOM,642C,PUNGGOL DR,16 TO 18,90.0,Premium Apartment,2005,78,380000.0,2015-10,PUNGGOL,4 ROOM,PREMIUM APARTMENT,16 TO 18,2015-10-01,True,True,True,True,16,18,True,True,Duplicate record,,,,,
2015-10,SENGKANG,5 ROOM,229,COMPASSVALE WALK,13 TO 15,123.0,Improved,1999,72,463000.0,2015-10,SENGKANG,5 ROOM,IMPROVED,13 TO 15,2015-10-01,True,True,True,True,13,15,True,True,Duplicate record,,,,,
2015-12,BEDOK,4 ROOM,53,NEW UPP CHANGI RD,07 TO 09,84.0,Improved,1977,50,400000.0,2015-12,BEDOK,4 ROOM,IMPROVED,07 TO 09,2015-12-01,True,True,True,True,7,9,True,True,Duplicate record,,,,,
2015-12,CHOA CHU KANG,EXECUTIVE,759,CHOA CHU KANG NTH 5,04 TO 06,146.0,Maisonette,1995,68,510000.0,2015-12,CHOA CHU KANG,EXECUTIVE,MAISONETTE,04 TO 06,2015-12-01,True,True,True,True,4,6,True,True,Duplicate record,,,,,
2015-12,CLEMENTI,3 ROOM,715,CLEMENTI WEST ST 2,04 TO 06,68.0,New Generation,1981,54,268000.0,2015-12,CLEMENTI,3 ROOM,NEW GENERATION,04 TO 06,2015-12-01,True,True,True,True,4,6,True,True,Duplicate record,,,,,
2016-02,SEMBAWANG,4 ROOM,467,ADMIRALTY DR,07 TO 09,102.0,Premium Apartment,2001,74,365000.0,2016-02,SEMBAWANG,4 ROOM,PREMIUM APARTMENT,07 TO 09,2016-02-01,True,True,True,True,7,9,True,True,Duplicate record,,,,,
2016-02,SERANGOON,4 ROOM,236,SERANGOON AVE 3,01 TO 03,84.0,Simplified,1985,58,382000.0,2016-02,SERANGOON,4 ROOM,SIMPLIFIED,01 TO 03,2016-02-01,True,True,True,True,1,3,True,True,Duplicate record,,,,,
2016-03,BUKIT PANJANG,3 ROOM,104,GANGSA RD,01 TO 03,73.0,Model A,1988,61,280000.0,2016-03,BUKIT PANJANG,3 ROOM,MODEL A,01 TO 03,2016-03-01,True,True,True,True,1,3,True,True,Duplicate record,,,,,
2016-03,YISHUN,4 ROOM,448,YISHUN RING RD,01 TO 03,92.0,Model A,2012,85,385000.0,2016-03,YISHUN,4 ROOM,MODEL A,01 TO 03,2016-03-01,True,True,True,True,1,3,True,True,Duplicate record,,,,,
2016-04,BUKIT PANJANG,4 ROOM,616,SENJA RD,13 TO 15,90.0,Model A2,2002,75,350000.0,2016-04,BUKIT PANJANG,4 ROOM,MODEL A2,13 TO 15,2016-04-01,True,True,True,True,13,15,True,True,Duplicate record,,,,,
2016-04,CHOA CHU KANG,4 ROOM,673A,CHOA CHU KANG CRES,07 TO 09,104.0,Premium Apartment,1999,72,350000.0,2016-04,CHOA CHU KANG,4 ROOM,PREMIUM APARTMENT,07 TO 09,2016-04-01,True,True,True,True,7,9,True,True,Duplicate record,,,,,
2016-05,ANG MO KIO,3 ROOM,214,ANG MO KIO AVE 3,04 TO 06,67.0,New Generation,1976,49,280000.0,2016-05,ANG MO KIO,3 ROOM,NEW GENERATION,04 TO 06,2016-05-01,True,True,True,True,4,6,True,True,Duplicate record,,,,,
2016-05,TOA PAYOH,4 ROOM,79B,TOA PAYOH CTRL,04 TO 06,91.0,Model A,2009,82,585000.0,2016-05,TOA PAYOH,4 ROOM,MODEL A,04 TO 06,2016-05-01,True,True,True,True,4,6,True,True,Duplicate record,,,,,
2016-06,CLEMENTI,3 ROOM,705,CLEMENTI WEST ST 2,07 TO 09,67.0,New Generation,1980,53,290000.0,2016-06,CLEMENTI,3 ROOM,NEW GENERATION,07 TO 09,2016-06-01,True,True,True,True,7,9,True,True,Duplicate record,,,,,
2016-06,SEMBAWANG,5 ROOM,353A,ADMIRALTY DR,07 TO 09,110.0,Improved,2002,75,460168.0,2016-06,SEMBAWANG,5 ROOM,IMPROVED,07 TO 09,2016-06-01,True,True,True,True,7,9,True,True,Duplicate record,,,,,
2016-06,YISHUN,4 ROOM,445,YISHUN AVE 11,10 TO 12,92.0,Model A,2012,85,400000.0,2016-06,YISHUN,4 ROOM,MODEL A,10 TO 12,2016-06-01,True,True,True,True,10,12,True,True,Duplicate record,,,,,
2016-07,SEMBAWANG,5 ROOM,354C,ADMIRALTY DR,13 TO 15,113.0,Improved,2001,74,463000.0,2016-07,SEMBAWANG,5 ROOM,IMPROVED,13 TO 15,2016-07-01,True,True,True,True,13,15,True,True,Duplicate record,,,,,
2016-08,SENGKANG,4 ROOM,436B,FERNVALE RD,16 TO 18,96.0,Model A,2010,83,441888.0,2016-08,SENGKANG,4 ROOM,MODEL A,16 TO 18,2016-08-01,True,True,True,True,16,18,True,True,Duplicate record,,,,,
2016-09,YISHUN,4 ROOM,452,YISHUN RING RD,04 TO 06,92.0,Model A,2012,85,369888.0,2016-09,YISHUN,4 ROOM,MODEL A,04 TO 06,2016-09-01,True,True,True,True,4,6,True,True,Duplicate record,,,,,
2016-10,BUKIT BATOK,4 ROOM,210,BT BATOK ST 21,07 TO 09,104.0,Model A,1985,58,420000.0,2016-10,BUKIT BATOK,4 ROOM,MODEL A,07 TO 09,2016-10-01,True,True,True,True,7,9,True,True,Duplicate record,,,,,
2016-10,WOODLANDS,5 ROOM,686C,WOODLANDS DR 73,01 TO 03,115.0,Premium Apartment,2003,76,393000.0,2016-10,WOODLANDS,5 ROOM,PREMIUM APARTMENT,01 TO 03,2016-10-01,True,True,True,True,1,3,True,True,Duplicate record,,,,,
2016-11,BISHAN,4 ROOM,273A,BISHAN ST 24,07 TO 09,95.0,DBSS,2011,84,700008.0,2016-11,BISHAN,4 ROOM,DBSS,07 TO 09,2016-11-01,True,True,True,True,7,9,True,True,Duplicate record,,,,,
2016-11,HOUGANG,5 ROOM,120,HOUGANG AVE 1,01 TO 03,133.0,Improved-Maisonette,1983,56,627000.0,2016-11,HOUGANG,5 ROOM,IMPROVED-MAISONETTE,01 TO 03,2016-11-01,True,True,True,True,1,3,True,True,Duplicate record,,,,,
2016-11,QUEENSTOWN,3 ROOM,2,DOVER RD,07 TO 09,65.0,Improved,1975,48,342000.0,2016-11,QUEENSTOWN,3 ROOM,IMPROVED,07 TO 09,2016-11-01,True,True,True,True,7,9,True,True,Duplicate record,,,,,
2016-12,CLEMENTI,4 ROOM,511,WEST COAST DR,07 TO 09,91.0,New Generation,1978,51,435000.0,2016-12,CLEMENTI,4 ROOM,NEW GENERATION,07 TO 09,2016-12-01,True,True,True,True,7,9,True,True,Duplicate record,,,,,
2012-01,ANG MO KIO,3 ROOM,633,ANG MO KIO AVE 6,10 TO 12,67.0,New Generation,1985,58,350000.0,2012-01,ANG MO KIO,3 ROOM,NEW GENERATION,10 TO 12,2012-01-01,True,True,True,True,10,12,True,True,Duplicate record,,,,,
2012-01,GEYLANG,3 ROOM,23,BALAM RD,07 TO 09,60.3,Standard,1967,40,298000.0,2012-01,GEYLANG,3 ROOM,STANDARD,07 TO 09,2012-01-01,True,True,True,True,7,9,True,True,Duplicate record,,,,,
2012-01,JURONG WEST,4 ROOM,836,JURONG WEST ST 81,04 TO 06,109.0,Model A,1993,66,390000.0,2012-01,JURONG WEST,4 ROOM,MODEL A,04 TO 06,2012-01-01,True,True,True,True,4,6,True,True,Duplicate record,,,,,
2012-02,JURONG WEST,3 ROOM,213,BOON LAY PL,01 TO 03,66.0,Improved,1974,47,270000.0,2012-02,JURONG WEST,3 ROOM,IMPROVED,01 TO 03,2012-02-01,True,True,True,True,1,3,True,True,Duplicate record,,,,,
2012-02,WOODLANDS,3 ROOM,12,MARSILING LANE,07 TO 09,65.0,Improved,1976,49,293000.0,2012-02,WOODLANDS,3 ROOM,IMPROVED,07 TO 09,2012-02-01,True,True,True,True,7,9,True,True,Duplicate record,,,,,
2012-02,WOODLANDS,3 ROOM,12,MARSILING LANE,07 TO 09,65.0,Improved,1976,49,288000.0,2012-02,WOODLANDS,3 ROOM,IMPROVED,07 TO 09,2012-02-01,True,True,True,True,7,9,True,True,Duplicate record,,,,,
2012-03,BUKIT MERAH,5 ROOM,75C,REDHILL RD,16 TO 20,115.0,Improved,2007,80,823000.0,2012-03,BUKIT MERAH,5 ROOM,IMPROVED,16 TO 20,2012-03-01,True,True,True,True,16,20,True,True,Duplicate record,,,,,
2012-03,HOUGANG,4 ROOM,965,HOUGANG AVE 9,01 TO 05,101.0,Model A,1999,72,435000.0,2012-03,HOUGANG,4 ROOM,MODEL A,01 TO 05,2012-03-01,True,True,True,True,1,5,True,True,Duplicate record,,,,,
2012-03,JURONG EAST,3 ROOM,302,JURONG EAST ST 32,01 TO 05,68.0,New Generation,1983,56,323000.0,2012-03,JURONG EAST,3 ROOM,NEW GENERATION,01 TO 05,2012-03-01,True,True,True,True,1,5,True,True,Duplicate record,,,,,
2012-03,JURONG EAST,3 ROOM,302,JURONG EAST ST 32,01 TO 05,68.0,New Generation,1983,56,310000.0,2012-03,JURONG EAST,3 ROOM,NEW GENERATION,01 TO 05,2012-03-01,True,True,True,True,1,5,True,True,Duplicate record,,,,,
2012-03,PASIR RIS,4 ROOM,229,PASIR RIS ST 21,01 TO 05,107.0,Model A,1993,66,403000.0,2012-03,PASIR RIS,4 ROOM,MODEL A,01 TO 05,2012-03-01,True,True,True,True,1,5,True,True,Duplicate record,,,,,
2012-03,WOODLANDS,3 ROOM,18,MARSILING LANE,01 TO 05,60.0,Improved,1987,60,250000.0,2012-03,WOODLANDS,3 ROOM,IMPROVED,01 TO 05,2012-03-01,True,True,True,True,1,5,True,True,Duplicate record,,,,,
2012-04,BUKIT MERAH,3 ROOM,44,TELOK BLANGAH DR,01 TO 05,65.0,Improved,1976,49,350000.0,2012-04,BUKIT MERAH,3 ROOM,IMPROVED,01 TO 05,2012-04-01,True,True,True,True,1,5,True,True,Duplicate record,,,,,
2012-04,JURONG EAST,3 ROOM,110,JURONG EAST ST 13,01 TO 05,68.0,New Generation,1982,55,315000.0,2012-04,JURONG EAST,3 ROOM,NEW GENERATION,01 TO 05,2012-04-01,True,True,True,True,1,5,True,True,Duplicate record,,,,,
2012-04,KALLANG/WHAMPOA,4 ROOM,42,CAMBRIDGE RD,01 TO 05,91.0,New Generation,1982,55,470000.0,2012-04,KALLANG/WHAMPOA,4 ROOM,NEW GENERATION,01 TO 05,2012-04-01,True,True,True,True,1,5,True,True,Duplicate record,,,,,
2012-04,SENGKANG,5 ROOM,319A,ANCHORVALE DR,06 TO 10,110.0,Improved,2002,75,525000.0,2012-04,SENGKANG,5 ROOM,IMPROVED,06 TO 10,2012-04-01,True,True,True,True,6,10,True,True,Duplicate record,,,,,
2012-04,TAMPINES,4 ROOM,148,SIMEI ST 1,01 TO 05,84.0,Simplified,1988,61,410000.0,2012-04,TAMPINES,4 ROOM,SIMPLIFIED,01 TO 05,2012-04-01,True,True,True,True,1,5,True,True,Duplicate record,,,,,
2012-04,TAMPINES,4 ROOM,338,TAMPINES ST 33,06 TO 10,107.0,Model A,1995,68,420000.0,2012-04,TAMPINES,4 ROOM,MODEL A,06 TO 10,2012-04-01,True,True,True,True,6,10,True,True,Duplicate record,,,,,
2012-04,TOA PAYOH,3 ROOM,203,TOA PAYOH NTH,06 TO 10,65.0,Improved,1982,55,335000.0,2012-04,TOA PAYOH,3 ROOM,IMPROVED,06 TO 10,2012-04-01,True,True,True,True,6,10,True,True,Duplicate record,,,,,
2012-04,WOODLANDS,4 ROOM,665,WOODLANDS RING RD,01 TO 05,85.0,Model A2,2000,73,360000.0,2012-04,WOODLANDS,4 ROOM,MODEL A2,01 TO 05,2012-04-01,True,True,True,True,1,5,True,True,Duplicate record,,,,,
2012-05,BUKIT BATOK,4 ROOM,189,BT BATOK WEST AVE 6,01 TO 05,100.0,Model A,1997,70,488000.0,2012-05,BUKIT BATOK,4 ROOM,MODEL A,01 TO 05,2012-05-01,True,True,True,True,1,5,True,True,Duplicate record,,,,,
2012-05,GEYLANG,EXECUTIVE,334,UBI AVE 1,01 TO 05,146.0,Maisonette,1986,59,595000.0,2012-05,GEYLANG,EXECUTIVE,MAISONETTE,01 TO 05,2012-05-01,True,True,True,True,1,5,True,True,Duplicate record,,,,,
2012-05,TOA PAYOH,3 ROOM,205,TOA PAYOH NTH,06 TO 10,65.0,Improved,1973,46,340000.0,2012-05,TOA PAYOH,3 ROOM,IMPROVED,06 TO 10,2012-05-01,True,True,True,True,6,10,True,True,Duplicate record,,,,,
2012-05,TOA PAYOH,3 ROOM,25,TOA PAYOH EAST,01 TO 05,67.0,Improved,1971,44,325000.0,2012-05,TOA PAYOH,3 ROOM,IMPROVED,01 TO 05,2012-05-01,True,True,True,True,1,5,True,True,Duplicate record,,,,,
2012-05,WOODLANDS,5 ROOM,683D,WOODLANDS DR 62,11 TO 15,119.0,Premium Apartment,2000,73,486000.0,2012-05,WOODLANDS,5 ROOM,PREMIUM APARTMENT,11 TO 15,2012-05-01,True,True,True,True,11,15,True,True,Duplicate record,,,,,
2012-05,YISHUN,4 ROOM,425,YISHUN AVE 11,01 TO 05,84.0,Simplified,1988,61,330000.0,2012-05,YISHUN,4 ROOM,SIMPLIFIED,01 TO 05,2012-05-01,True,True,True,True,1,5,True,True,Duplicate record,,,,,
2012-06,CLEMENTI,3 ROOM,339,CLEMENTI AVE 5,07 TO 09,67.0,New Generation,1979,52,380000.0,2012-06,CLEMENTI,3 ROOM,NEW GENERATION,07 TO 09,2012-06-01,True,True,True,True,7,9,True,True,Duplicate record,,,,,
2012-06,JURONG WEST,5 ROOM,274D,JURONG WEST AVE 3,07 TO 09,111.0,Improved,2001,74,460000.0,2012-06,JURONG WEST,5 ROOM,IMPROVED,07 TO 09,2012-06-01,True,True,True,True,7,9,True,True,Duplicate record,,,,,
2012-06,YISHUN,3 ROOM,216,YISHUN ST 21,04 TO 06,68.0,New Generation,1985,58,303800.0,2012-06,YISHUN,3 ROOM,NEW GENERATION,04 TO 06,2012-06-01,True,True,True,True,4,6,True,True,Duplicate record,,,,,
2012-07,BUKIT MERAH,1 ROOM,7,TELOK BLANGAH CRES,10 TO 12,31.0,Improved,1975,48,233000.0,2012-07,BUKIT MERAH,1 ROOM,IMPROVED,10 TO 12,2012-07-01,True,True,True,True,10,12,True,True,Duplicate record,,,,,
2012-07,JURONG WEST,4 ROOM,542,JURONG WEST AVE 1,01 TO 03,103.0,Model A,1984,57,390000.0,2012-07,JURONG WEST,4 ROOM,MODEL A,01 TO 03,2012-07-01,True,True,True,True,1,3,True,True,Duplicate record,,,,,
2012-07,PUNGGOL,5 ROOM,176A,EDGEFIELD PLAINS,01 TO 03,110.0,Improved,2003,76,518000.0,2012-07,PUNGGOL,5 ROOM,IMPROVED,01 TO 03,2012-07-01,True,True,True,True,1,3,True,True,Duplicate record,,,,,
2012-07,SENGKANG,4 ROOM,265B,COMPASSVALE LINK,16 TO 18,92.0,Premium Apartment,2008,81,578000.0,2012-07,SENGKANG,4 ROOM,PREMIUM APARTMENT,16 TO 18,2012-07-01,True,True,True,True,16,18,True,True,Duplicate record,,,,,
2012-08,ANG MO KIO,2 ROOM,172,ANG MO KIO AVE 4,07 TO 09,45.0,Improved,1986,59,263000.0,2012-08,ANG MO KIO,2 ROOM,IMPROVED,07 TO 09,2012-08-01,True,True,True,True,7,9,True,True,Duplicate record,,,,,
2012-08,ANG MO KIO,3 ROOM,575,ANG MO KIO AVE 10,04 TO 06,67.0,New Generation,1980,53,342000.0,2012-08,ANG MO KIO,3 ROOM,NEW GENERATION,04 TO 06,2012-08-01,True,True,True,True,4,6,True,True,Duplicate record,,,,,
2012-08,BUKIT BATOK,3 ROOM,407,BT BATOK WEST AVE 4,10 TO 12,68.0,New Generation,1988,61,308000.0,2012-08,BUKIT BATOK,3 ROOM,NEW GENERATION,10 TO 12,2012-08-01,True,True,True,True,10,12,True,True,Duplicate record,,,,,
2012-08,CLEMENTI,3 ROOM,305,CLEMENTI AVE 4,04 TO 06,67.0,New Generation,1979,52,390000.0,2012-08,CLEMENTI,3 ROOM,NEW GENERATION,04 TO 06,2012-08-01,True,True,True,True,4,6,True,True,Duplicate record,,,,,
2012-08,QUEENSTOWN,4 ROOM,91,TANGLIN HALT RD,34 TO 36,85.0,Model A,2008,81,733000.0,2012-08,QUEENSTOWN,4 ROOM,MODEL A,34 TO 36,2012-08-01,True,True,True,True,34,36,True,True,Duplicate record,,,,,
2012-08,QUEENSTOWN,5 ROOM,183,STIRLING RD,07 TO 09,115.0,Improved,2000,73,700000.0,2012-08,QUEENSTOWN,5 ROOM,IMPROVED,07 TO 09,2012-08-01,True,True,True,True,7,9,True,True,Duplicate record,,,,,
2012-08,TAMPINES,3 ROOM,817,TAMPINES ST 81,04 TO 06,73.0,Model A,1984,57,360000.0,2012-08,TAMPINES,3 ROOM,MODEL A,04 TO 06,2012-08-01,True,True,True,True,4,6,True,True,Duplicate record,,,,,
2012-08,WOODLANDS,5 ROOM,744,WOODLANDS CIRCLE,10 TO 12,121.0,Improved,1998,71,462000.0,2012-08,WOODLANDS,5 ROOM,IMPROVED,10 TO 12,2012-08-01,True,True,True,True,10,12,True,True,Duplicate record,,,,,
2012-10,BEDOK,3 ROOM,510,BEDOK NTH ST 3,04 TO 06,67.0,New Generation,1979,52,333000.0,2012-10,BEDOK,3 ROOM,NEW GENERATION,04 TO 06,2012-10-01,True,True,True,True,4,6,True,True,Duplicate record,,,,,
2012-10,BISHAN,3 ROOM,313,SHUNFU RD,07 TO 09,67.0,New Generation,1985,58,422000.0,2012-10,BISHAN,3 ROOM,NEW GENERATION,07 TO 09,2012-10-01,True,True,True,True,7,9,True,True,Duplicate record,,,,,
2012-10,BUKIT BATOK,3 ROOM,178,BT BATOK WEST AVE 8,07 TO 09,73.0,Model A,1984,57,340000.0,2012-10,BUKIT BATOK,3 ROOM,MODEL A,07 TO 09,2012-10-01,True,True,True,True,7,9,True,True,Duplicate record,,,,,
2012-10,SENGKANG,4 ROOM,303C,ANCHORVALE LINK,13 TO 15,85.0,Model A2,2001,74,461000.0,2012-10,SENGKANG,4 ROOM,MODEL A2,13 TO 15,2012-10-01,True,True,True,True,13,15,True,True,Duplicate record,,,,,
2012-10,SERANGOON,3 ROOM,254,SERANGOON CTRL DR,04 TO 06,64.0,Simplified,1988,61,382000.0,2012-10,SERANGOON,3 ROOM,SIMPLIFIED,04 TO 06,2012-10-01,True,True,True,True,4,6,True,True,Duplicate record,,,,,
2012-11,BUKIT BATOK,5 ROOM,110,BT BATOK WEST AVE 6,19 TO 21,132.0,Model A,1985,58,690000.0,2012-11,BUKIT BATOK,5 ROOM,MODEL A,19 TO 21,2012-11-01,True,True,True,True,19,21,True,True,Duplicate record,,,,,
2012-12,JURONG WEST,EXECUTIVE,274B,JURONG WEST ST 25,04 TO 06,126.0,Apartment,2002,75,530000.0,2012-12,JURONG WEST,EXECUTIVE,APARTMENT,04 TO 06,2012-12-01,True,True,True,True,4,6,True,True,Duplicate record,,,,,
2012-12,JURONG WEST,EXECUTIVE,274C,JURONG WEST ST 25,07 TO 09,126.0,Apartment,2002,75,516000.0,2012-12,JURONG WEST,EXECUTIVE,APARTMENT,07 TO 09,2012-12-01,True,True,True,True,7,9,True,True,Duplicate record,,,,,
2012-12,SENGKANG,4 ROOM,275C,COMPASSVALE LINK,13 TO 15,90.0,Premium Apartment,2009,82,621000.0,2012-12,SENGKANG,4 ROOM,PREMIUM APARTMENT,13 TO 15,2012-12-01,True,True,True,True,13,15,True,True,Duplicate record,,,,,
2013-01,BEDOK,4 ROOM,166,BEDOK STH AVE 3,04 TO 06,83.0,Simplified,1985,58,445000.0,2013-01,BEDOK,4 ROOM,SIMPLIFIED,04 TO 06,2013-01-01,True,True,True,True,4,6,True,True,Duplicate record,,,,,
2013-01,PUNGGOL,4 ROOM,168A,PUNGGOL EAST,07 TO 09,92.0,Premium Apartment,2009,82,518000.0,2013-01,PUNGGOL,4 ROOM,PREMIUM APARTMENT,07 TO 09,2013-01-01,True,True,True,True,7,9,True,True,Duplicate record,,,,,
2013-01,PUNGGOL,5 ROOM,651,PUNGGOL CTRL,13 TO 15,110.0,Premium Apartment,2005,78,620000.0,2013-01,PUNGGOL,5 ROOM,PREMIUM APARTMENT,13 TO 15,2013-01-01,True,True,True,True,13,15,True,True,Duplicate record,,,,,
2013-03,PASIR RIS,4 ROOM,722,PASIR RIS ST 72,04 TO 06,111.0,Model A,1996,69,465000.0,2013-03,PASIR RIS,4 ROOM,MODEL A,04 TO 06,2013-03-01,True,True,True,True,4,6,True,True,Duplicate record,,,,,
2013-03,SENGKANG,4 ROOM,273D,COMPASSVALE LINK,04 TO 06,90.0,Premium Apartment,2009,82,570000.0,2013-03,SENGKANG,4 ROOM,PREMIUM APARTMENT,04 TO 06,2013-03-01,True,True,True,True,4,6,True,True,Duplicate record,,,,,
2013-04,BEDOK,3 ROOM,533,BEDOK NTH ST 3,01 TO 03,68.0,New Generation,1980,53,325000.0,2013-04,BEDOK,3 ROOM,NEW GENERATION,01 TO 03,2013-04-01,True,True,True,True,1,3,True,True,Duplicate record,,,,,
2013-04,CLEMENTI,5 ROOM,413,C'WEALTH AVE WEST,22 TO 24,125.0,Improved,1978,51,765000.0,2013-04,CLEMENTI,5 ROOM,IMPROVED,22 TO 24,2013-04-01,True,True,True,True,22,24,True,True,Duplicate record,,,,,
2013-04,SENGKANG,4 ROOM,272A,SENGKANG CTRL,07 TO 09,90.0,Premium Apartment,2009,82,598000.0,2013-04,SENGKANG,4 ROOM,PREMIUM APARTMENT,07 TO 09,2013-04-01,True,True,True,True,7,9,True,True,Duplicate record,,,,,
2013-04,SENGKANG,4 ROOM,436B,FERNVALE RD,07 TO 09,96.0,Model A,2010,83,505000.0,2013-04,SENGKANG,4 ROOM,MODEL A,07 TO 09,2013-04-01,True,True,True,True,7,9,True,True,Duplicate record,,,,,
2013-05,SERANGOON,EXECUTIVE,527,SERANGOON NTH AVE 4,10 TO 12,146.0,Apartment,1992,65,680000.0,2013-05,SERANGOON,EXECUTIVE,APARTMENT,10 TO 12,2013-05-01,True,True,True,True,10,12,True,True,Duplicate record,,,,,
2013-05,SERANGOON,EXECUTIVE,535,SERANGOON NTH AVE 4,04 TO 06,149.0,Apartment,1992,65,660000.0,2013-05,SERANGOON,EXECUTIVE,APARTMENT,04 TO 06,2013-05-01,True,True,True,True,4,6,True,True,Duplicate record,,,,,
2013-05,TOA PAYOH,4 ROOM,79B,TOA PAYOH CTRL,01 TO 03,92.0,Model A,2009,82,670000.0,2013-05,TOA PAYOH,4 ROOM,MODEL A,01 TO 03,2013-05-01,True,True,True,True,1,3,True,True,Duplicate record,,,,,
2013-06,BEDOK,4 ROOM,422,BEDOK NTH RD,10 TO 12,92.0,New Generation,1979,52,453000.0,2013-06,BEDOK,4 ROOM,NEW GENERATION,10 TO 12,2013-06-01,True,True,True,True,10,12,True,True,Duplicate record,,,,,
2013-07,ANG MO KIO,4 ROOM,427,ANG MO KIO AVE 3,04 TO 06,92.0,New Generation,1978,51,450000.0,2013-07,ANG MO KIO,4 ROOM,NEW GENERATION,04 TO 06,2013-07-01,True,True,True,True,4,6,True,True,Duplicate record,,,,,
2013-07,GEYLANG,2 ROOM,30,BALAM RD,04 TO 06,46.0,Standard,1973,46,253000.0,2013-07,GEYLANG,2 ROOM,STANDARD,04 TO 06,2013-07-01,True,True,True,True,4,6,True,True,Duplicate record,,,,,
2013-07,YISHUN,3 ROOM,742,YISHUN AVE 5,10 TO 12,67.0,New Generation,1985,58,368000.0,2013-07,YISHUN,3 ROOM,NEW GENERATION,10 TO 12,2013-07-01,True,True,True,True,10,12,True,True,Duplicate record,,,,,
2013-08,KALLANG/WHAMPOA,4 ROOM,100,WHAMPOA DR,22 TO 24,91.0,Improved,1974,47,490000.0,2013-08,KALLANG/WHAMPOA,4 ROOM,IMPROVED,22 TO 24,2013-08-01,True,True,True,True,22,24,True,True,Duplicate record,,,,,
2013-08,YISHUN,3 ROOM,774,YISHUN AVE 3,04 TO 06,64.0,Simplified,1987,60,318000.0,2013-08,YISHUN,3 ROOM,SIMPLIFIED,04 TO 06,2013-08-01,True,True,True,True,4,6,True,True,Duplicate record,,,,,
2013-09,BUKIT MERAH,3 ROOM,64,TELOK BLANGAH DR,07 TO 09,67.0,New Generation,1978,51,390000.0,2013-09,BUKIT MERAH,3 ROOM,NEW GENERATION,07 TO 09,2013-09-01,True,True,True,True,7,9,True,True,Duplicate record,,,,,
2013-11,SEMBAWANG,5 ROOM,324,SEMBAWANG CL,13 TO 15,123.0,Improved,1999,72,492000.0,2013-11,SEMBAWANG,5 ROOM,IMPROVED,13 TO 15,2013-11-01,True,True,True,True,13,15,True,True,Duplicate record,,,,,
2013-12,SENGKANG,4 ROOM,292B,COMPASSVALE ST,07 TO 09,90.0,Model A,2002,75,412000.0,2013-12,SENGKANG,4 ROOM,MODEL A,07 TO 09,2013-12-01,True,True,True,True,7,9,True,True,Duplicate record,,,,,
2014-02,JURONG WEST,3 ROOM,208,BOON LAY PL,04 TO 06,65.0,Improved,1976,49,295000.0,2014-02,JURONG WEST,3 ROOM,IMPROVED,04 TO 06,2014-02-01,True,True,True,True,4,6,True,True,Duplicate record,,,,,
2014-03,ANG MO KIO,2 ROOM,406,ANG MO KIO AVE 10,01 TO 03,44.0,Improved,1979,52,260000.0,2014-03,ANG MO KIO,2 ROOM,IMPROVED,01 TO 03,2014-03-01,True,True,True,True,1,3,True,True,Duplicate record,,,,,
2014-03,BEDOK,3 ROOM,529,BEDOK NTH ST 3,01 TO 03,68.0,New Generation,1979,52,320000.0,2014-03,BEDOK,3 ROOM,NEW GENERATION,01 TO 03,2014-03-01,True,True,True,True,1,3,True,True,Duplicate record,,,,,
2014-03,BUKIT BATOK,3 ROOM,422,BT BATOK WEST AVE 2,10 TO 12,68.0,New Generation,1988,61,305000.0,2014-03,BUKIT BATOK,3 ROOM,NEW GENERATION,10 TO 12,2014-03-01,True,True,True,True,10,12,True,True,Duplicate record,,,,,
2014-03,SENGKANG,5 ROOM,134,RIVERVALE ST,10 TO 12,121.0,Improved,1999,72,495000.0,2014-03,SENGKANG,5 ROOM,IMPROVED,10 TO 12,2014-03-01,True,True,True,True,10,12,True,True,Duplicate record,,,,,
2014-04,BUKIT PANJANG,4 ROOM,150,PETIR RD,01 TO 03,103.0,Model A,1988,61,400000.0,2014-04,BUKIT PANJANG,4 ROOM,MODEL A,01 TO 03,2014-04-01,True,True,True,True,1,3,True,True,Duplicate record,,,,,
2014-04,HOUGANG,4 ROOM,402,HOUGANG AVE 10,04 TO 06,91.0,New Generation,1985,58,440000.0,2014-04,HOUGANG,4 ROOM,NEW GENERATION,04 TO 06,2014-04-01,True,True,True,True,4,6,True,True,Duplicate record,,,,,
2014-04,HOUGANG,4 ROOM,402,HOUGANG AVE 10,04 TO 06,91.0,New Generation,1985,58,438000.0,2014-04,HOUGANG,4 ROOM,NEW GENERATION,04 TO 06,2014-04-01,True,True,True,True,4,6,True,True,Duplicate record,,,,,
2014-04,JURONG WEST,5 ROOM,444,JURONG WEST AVE 1,10 TO 12,133.0,Model A,1985,58,490000.0,2014-04,JURONG WEST,5 ROOM,MODEL A,10 TO 12,2014-04-01,True,True,True,True,10,12,True,True,Duplicate record,,,,,
2014-04,TAMPINES,4 ROOM,898A,TAMPINES ST 81,13 TO 15,104.0,Model A,1988,61,445000.0,2014-04,TAMPINES,4 ROOM,MODEL A,13 TO 15,2014-04-01,True,True,True,True,13,15,True,True,Duplicate record,,,,,
2014-05,BEDOK,3 ROOM,418,BEDOK NTH AVE 2,04 TO 06,67.0,New Generation,1978,51,344000.0,2014-05,BEDOK,3 ROOM,NEW GENERATION,04 TO 06,2014-05-01,True,True,True,True,4,6,True,True,Duplicate record,,,,,
2014-05,BISHAN,5 ROOM,262,BISHAN ST 22,07 TO 09,133.0,Model A,1992,65,720000.0,2014-05,BISHAN,5 ROOM,MODEL A,07 TO 09,2014-05-01,True,True,True,True,7,9,True,True,Duplicate record,,,,,
2014-05,CHOA CHU KANG,4 ROOM,484B,CHOA CHU KANG AVE 5,13 TO 15,101.0,Model A,1999,72,420000.0,2014-05,CHOA CHU KANG,4 ROOM,MODEL A,13 TO 15,2014-05-01,True,True,True,True,13,15,True,True,Duplicate record,,,,,
2014-05,CHOA CHU KANG,4 ROOM,562,CHOA CHU KANG ST 52,01 TO 03,109.0,Model A,1995,68,380000.0,2014-05,CHOA CHU KANG,4 ROOM,MODEL A,01 TO 03,2014-05-01,True,True,True,True,1,3,True,True,Duplicate record,,,,,
2014-05,GEYLANG,3 ROOM,3,HAIG RD,01 TO 03,65.0,Improved,1976,49,320000.0,2014-05,GEYLANG,3 ROOM,IMPROVED,01 TO 03,2014-05-01,True,True,True,True,1,3,True,True,Duplicate record,,,,,
2014-05,JURONG EAST,4 ROOM,315,JURONG EAST ST 32,10 TO 12,103.0,Model A,1984,57,460000.0,2014-05,JURONG EAST,4 ROOM,MODEL A,10 TO 12,2014-05-01,True,True,True,True,10,12,True,True,Duplicate record,,,,,
2014-05,JURONG WEST,4 ROOM,612,JURONG WEST ST 65,07 TO 09,95.0,Premium Apartment,2001,74,441000.0,2014-05,JURONG WEST,4 ROOM,PREMIUM APARTMENT,07 TO 09,2014-05-01,True,True,True,True,7,9,True,True,Duplicate record,,,,,
2014-05,JURONG WEST,4 ROOM,651B,JURONG WEST ST 61,04 TO 06,91.0,Model A,2002,75,428000.0,2014-05,JURONG WEST,4 ROOM,MODEL A,04 TO 06,2014-05-01,True,True,True,True,4,6,True,True,Duplicate record,,,,,
2014-05,WOODLANDS,4 ROOM,794,WOODLANDS DR 72,13 TO 15,101.0,Model A,1998,71,418800.0,2014-05,WOODLANDS,4 ROOM,MODEL A,13 TO 15,2014-05-01,True,True,True,True,13,15,True,True,Duplicate record,,,,,
2014-05,WOODLANDS,EXECUTIVE,788B,WOODLANDS CRES,04 TO 06,141.0,Maisonette,1999,72,590000.0,2014-05,WOODLANDS,EXECUTIVE,MAISONETTE,04 TO 06,2014-05-01,True,True,True,True,4,6,True,True,Duplicate record,,,,,
2014-05,YISHUN,4 ROOM,330,YISHUN RING RD,07 TO 09,105.0,Model A,1995,68,390000.0,2014-05,YISHUN,4 ROOM,MODEL A,07 TO 09,2014-05-01,True,True,True,True,7,9,True,True,Duplicate record,,,,,
2014-06,KALLANG/WHAMPOA,3 ROOM,1,KG KAYU RD,01 TO 03,62.0,Standard,1984,57,315000.0,2014-06,KALLANG/WHAMPOA,3 ROOM,STANDARD,01 TO 03,2014-06-01,True,True,True,True,1,3,True,True,Duplicate record,,,,,
2014-06,YISHUN,3 ROOM,124,YISHUN ST 11,04 TO 06,67.0,New Generation,1985,58,278000.0,2014-06,YISHUN,3 ROOM,NEW GENERATION,04 TO 06,2014-06-01,True,True,True,True,4,6,True,True,Duplicate record,,,,,
2014-06,YISHUN,3 ROOM,136,YISHUN RING RD,01 TO 03,68.0,New Generation,1984,57,298000.0,2014-06,YISHUN,3 ROOM,NEW GENERATION,01 TO 03,2014-06-01,True,True,True,True,1,3,True,True,Duplicate record,,,,,
2014-07,ANG MO KIO,3 ROOM,117,ANG MO KIO AVE 4,10 TO 12,73.0,New Generation,1978,51,356000.0,2014-07,ANG MO KIO,3 ROOM,NEW GENERATION,10 TO 12,2014-07-01,True,True,True,True,10,12,True,True,Duplicate record,,,,,
2014-08,BEDOK,3 ROOM,219D,BEDOK CTRL,07 TO 09,69.0,Model A,2010,83,448000.0,2014-08,BEDOK,3 ROOM,MODEL A,07 TO 09,2014-08-01,True,True,True,True,7,9,True,True,Duplicate record,,,,,
2014-08,HOUGANG,4 ROOM,419,HOUGANG AVE 8,10 TO 12,113.0,Model A,1989,62,485000.0,2014-08,HOUGANG,4 ROOM,MODEL A,10 TO 12,2014-08-01,True,True,True,True,10,12,True,True,Duplicate record,,,,,
2014-09,JURONG WEST,4 ROOM,450,JURONG WEST ST 42,01 TO 03,103.0,Model A,1985,58,360000.0,2014-09,JURONG WEST,4 ROOM,MODEL A,01 TO 03,2014-09-01,True,True,True,True,1,3,True,True,Duplicate record,,,,,
2014-10,BEDOK,4 ROOM,718,BEDOK RESERVOIR RD,04 TO 06,104.0,Model A,1984,57,430000.0,2014-10,BEDOK,4 ROOM,MODEL A,04 TO 06,2014-10-01,True,True,True,True,4,6,True,True,Duplicate record,,,,,
2014-11,BUKIT BATOK,3 ROOM,135,BT BATOK WEST AVE 6,04 TO 06,68.0,New Generation,1984,57,268000.0,2014-11,BUKIT BATOK,3 ROOM,NEW GENERATION,04 TO 06,2014-11-01,True,True,True,True,4,6,True,True,Duplicate record,,,,,
2014-11,CLEMENTI,3 ROOM,705,CLEMENTI WEST ST 2,01 TO 03,67.0,New Generation,1980,53,290000.0,2014-11,CLEMENTI,3 ROOM,NEW GENERATION,01 TO 03,2014-11-01,True,True,True,True,1,3,True,True,Duplicate record,,,,,
2014-12,BISHAN,3 ROOM,407,SIN MING AVE,10 TO 12,64.0,Simplified,1986,59,330000.0,2014-12,BISHAN,3 ROOM,SIMPLIFIED,10 TO 12,2014-12-01,True,True,True,True,10,12,True,True,Duplicate record,,,,,
2014-12,BUKIT MERAH,4 ROOM,22,JLN MEMBINA,07 TO 09,90.0,Model A,2003,76,708000.0,2014-12,BUKIT MERAH,4 ROOM,MODEL A,07 TO 09,2014-12-01,True,True,True,True,7,9,True,True,Duplicate record,,,,,
2014-12,MARINE PARADE,3 ROOM,47,MARINE CRES,07 TO 09,65.0,Improved,1975,48,410000.0,2014-12,MARINE PARADE,3 ROOM,IMPROVED,07 TO 09,2014-12-01,True,True,True,True,7,9,True,True,Duplicate record,,,,,
2015-01,WOODLANDS,5 ROOM,689D,WOODLANDS DR 75,10 TO 12,110.0,Premium Apartment,2004,77,440000.0,2015-01,WOODLANDS,5 ROOM,PREMIUM APARTMENT,10 TO 12,2015-01-01,True,True,True,True,10,12,True,True,Duplicate record,,,,,
2015-02,BUKIT BATOK,3 ROOM,212,BT BATOK ST 21,01 TO 03,67.0,New Generation,1985,58,275000.0,2015-02,BUKIT BATOK,3 ROOM,NEW GENERATION,01 TO 03,2015-02-01,True,True,True,True,1,3,True,True,Duplicate record,,,,,
2015-02,CENTRAL AREA,4 ROOM,1D,CANTONMENT RD,37 TO 39,95.0,Type S1,2011,84,866000.0,2015-02,CENTRAL AREA,4 ROOM,TYPE S1,37 TO 39,2015-02-01,True,True,True,True,37,39,True,True,Duplicate record,,,,,
2015-02,HOUGANG,EXECUTIVE,221,HOUGANG ST 21,04 TO 06,148.0,Maisonette,1992,65,750000.0,2015-02,HOUGANG,EXECUTIVE,MAISONETTE,04 TO 06,2015-02-01,True,True,True,True,4,6,True,True,Duplicate record,,,,,
2015-03,BUKIT BATOK,3 ROOM,313,BT BATOK ST 32,04 TO 06,68.0,New Generation,1986,59,290000.0,2015-03,BUKIT BATOK,3 ROOM,NEW GENERATION,04 TO 06,2015-03-01,True,True,True,True,4,6,True,True,Duplicate record,,,,,
2015-03,JURONG EAST,3 ROOM,253,JURONG EAST ST 24,04 TO 06,67.0,New Generation,1985,58,286000.0,2015-03,JURONG EAST,3 ROOM,NEW GENERATION,04 TO 06,2015-03-01,True,True,True,True,4,6,True,True,Duplicate record,,,,,
2015-03,SENGKANG,5 ROOM,268A,COMPASSVALE LINK,10 TO 12,111.0,Premium Apartment,2006,79,558000.0,2015-03,SENGKANG,5 ROOM,PREMIUM APARTMENT,10 TO 12,2015-03-01,True,True,True,True,10,12,True,True,Duplicate record,,,,,
2015-04,BUKIT BATOK,3 ROOM,224,BT BATOK ST 21,04 TO 06,67.0,New Generation,1984,57,300000.0,2015-04,BUKIT BATOK,3 ROOM,NEW GENERATION,04 TO 06,2015-04-01,True,True,True,True,4,6,True,True,Duplicate record,,,,,
2015-04,SERANGOON,4 ROOM,224,SERANGOON AVE 4,04 TO 06,91.0,New Generation,1984,57,408000.0,2015-04,SERANGOON,4 ROOM,NEW GENERATION,04 TO 06,2015-04-01,True,True,True,True,4,6,True,True,Duplicate record,,,,,
2015-04,TOA PAYOH,3 ROOM,5,UPP ALJUNIED LANE,04 TO 06,57.0,Standard,1968,41,275000.0,2015-04,TOA PAYOH,3 ROOM,STANDARD,04 TO 06,2015-04-01,True,True,True,True,4,6,True,True,Duplicate record,,,,,
2015-05,QUEENSTOWN,4 ROOM,23,DOVER CRES,04 TO 06,88.0,Improved,1976,49,470000.0,2015-05,QUEENSTOWN,4 ROOM,IMPROVED,04 TO 06,2015-05-01,True,True,True,True,4,6,True,True,Duplicate record,,,,,
2015-06,JURONG WEST,EXECUTIVE,666B,JURONG WEST ST 65,01 TO 03,130.0,Apartment,2000,73,450000.0,2015-06,JURONG WEST,EXECUTIVE,APARTMENT,01 TO 03,2015-06-01,True,True,True,True,1,3,True,True,Duplicate record,,,,,
2015-08,ANG MO KIO,3 ROOM,302,ANG MO KIO AVE 3,10 TO 12,73.0,New Generation,1978,51,355000.0,2015-08,ANG MO KIO,3 ROOM,NEW GENERATION,10 TO 12,2015-08-01,True,True,True,True,10,12,True,True,Duplicate record,,,,,
2015-08,BEDOK,5 ROOM,414,BEDOK NTH AVE 2,13 TO 15,119.0,Improved,1978,51,630000.0,2015-08,BEDOK,5 ROOM,IMPROVED,13 TO 15,2015-08-01,True,True,True,True,13,15,True,True,Duplicate record,,,,,
2015-09,TAMPINES,4 ROOM,165,SIMEI RD,04 TO 06,104.0,Model A,1989,62,428888.0,2015-09,TAMPINES,4 ROOM,MODEL A,04 TO 06,2015-09-01,True,True,True,True,4,6,True,True,Duplicate record,,,,,
2015-10,SERANGOON,4 ROOM,211,SERANGOON AVE 4,10 TO 12,91.0,New Generation,1985,58,465000.0,2015-10,SERANGOON,4 ROOM,NEW GENERATION,10 TO 12,2015-10-01,True,True,True,True,10,12,True,True,Duplicate record,,,,,
2015-11,BEDOK,3 ROOM,502,BEDOK NTH ST 3,01 TO 03,59.0,Improved,1978,51,255000.0,2015-11,BEDOK,3 ROOM,IMPROVED,01 TO 03,2015-11-01,True,True,True,True,1,3,True,True,Duplicate record,,,,,
2015-11,KALLANG/WHAMPOA,4 ROOM,38D,BENDEMEER RD,19 TO 21,89.0,Model A,2012,85,695000.0,2015-11,KALLANG/WHAMPOA,4 ROOM,MODEL A,19 TO 21,2015-11-01,True,True,True,True,19,21,True,True,Duplicate record,,,,,
2015-11,TAMPINES,3 ROOM,419,TAMPINES ST 41,04 TO 06,64.0,Simplified,1985,58,306000.0,2015-11,TAMPINES,3 ROOM,SIMPLIFIED,04 TO 06,2015-11-01,True,True,True,True,4,6,True,True,Duplicate record,,,,,
2015-11,TAMPINES,4 ROOM,488B,TAMPINES ST 45,07 TO 09,105.0,Model A,1989,62,405000.0,2015-11,TAMPINES,4 ROOM,MODEL A,07 TO 09,2015-11-01,True,True,True,True,7,9,True,True,Duplicate record,,,,,
2015-12,JURONG EAST,4 ROOM,224,JURONG EAST ST 21,04 TO 06,91.0,New Generation,1984,57,428000.0,2015-12,JURONG EAST,4 ROOM,NEW GENERATION,04 TO 06,2015-12-01,True,True,True,True,4,6,True,True,Duplicate record,,,,,
2015-12,PUNGGOL,4 ROOM,106B,PUNGGOL FIELD,07 TO 09,90.0,Model A,2003,76,375000.0,2015-12,PUNGGOL,4 ROOM,MODEL A,07 TO 09,2015-12-01,True,True,True,True,7,9,True,True,Duplicate record,,,,,
2016-01,BEDOK,4 ROOM,183,BEDOK NTH RD,07 TO 09,92.0,Model A,2005,78,550000.0,2016-01,BEDOK,4 ROOM,MODEL A,07 TO 09,2016-01-01,True,True,True,True,7,9,True,True,Duplicate record,,,,,
2016-01,BUKIT MERAH,3 ROOM,61,TELOK BLANGAH HTS,04 TO 06,67.0,New Generation,1976,49,300000.0,2016-01,BUKIT MERAH,3 ROOM,NEW GENERATION,04 TO 06,2016-01-01,True,True,True,True,4,6,True,True,Duplicate record,,,,,
2016-01,CLEMENTI,3 ROOM,450,CLEMENTI AVE 3,04 TO 06,82.0,New Generation,1980,53,410000.0,2016-01,CLEMENTI,3 ROOM,NEW GENERATION,04 TO 06,2016-01-01,True,True,True,True,4,6,True,True,Duplicate record,,,,,
2016-01,SENGKANG,4 ROOM,436D,FERNVALE RD,13 TO 15,96.0,Model A,2010,83,455000.0,2016-01,SENGKANG,4 ROOM,MODEL A,13 TO 15,2016-01-01,True,True,True,True,13,15,True,True,Duplicate record,,,,,
2016-02,BEDOK,3 ROOM,504,BEDOK NTH ST 3,13 TO 15,59.0,Improved,1978,51,280000.0,2016-02,BEDOK,3 ROOM,IMPROVED,13 TO 15,2016-02-01,True,True,True,True,13,15,True,True,Duplicate record,,,,,
2016-03,BEDOK,3 ROOM,525,BEDOK NTH ST 3,07 TO 09,67.0,New Generation,1979,52,290000.0,2016-03,BEDOK,3 ROOM,NEW GENERATION,07 TO 09,2016-03-01,True,True,True,True,7,9,True,True,Duplicate record,,,,,
2016-03,JURONG WEST,3 ROOM,511,JURONG WEST ST 52,04 TO 06,74.0,Model A,1984,57,280000.0,2016-03,JURONG WEST,3 ROOM,MODEL A,04 TO 06,2016-03-01,True,True,True,True,4,6,True,True,Duplicate record,,,,,
2016-04,KALLANG/WHAMPOA,3 ROOM,77,LOR LIMAU,07 TO 09,59.0,Improved,1973,46,280000.0,2016-04,KALLANG/WHAMPOA,3 ROOM,IMPROVED,07 TO 09,2016-04-01,True,True,True,True,7,9,True,True,Duplicate record,,,,,
2016-04,PUNGGOL,4 ROOM,614B,EDGEFIELD PLAINS,07 TO 09,92.0,Model A,2012,85,420000.0,2016-04,PUNGGOL,4 ROOM,MODEL A,07 TO 09,2016-04-01,True,True,True,True,7,9,True,True,Duplicate record,,,,,
2016-05,PASIR RIS,4 ROOM,142,PASIR RIS ST 11,04 TO 06,108.0,Model A,1994,67,365000.0,2016-05,PASIR RIS,4 ROOM,MODEL A,04 TO 06,2016-05-01,True,True,True,True,4,6,True,True,Duplicate record,,,,,
2016-05,SENGKANG,5 ROOM,203E,COMPASSVALE RD,10 TO 12,110.0,Improved,2000,73,465000.0,2016-05,SENGKANG,5 ROOM,IMPROVED,10 TO 12,2016-05-01,True,True,True,True,10,12,True,True,Duplicate record,,,,,
2016-08,ANG MO KIO,3 ROOM,301,ANG MO KIO AVE 3,01 TO 03,73.0,New Generation,1978,51,330000.0,2016-08,ANG MO KIO,3 ROOM,NEW GENERATION,01 TO 03,2016-08-01,True,True,True,True,1,3,True,True,Duplicate record,,,,,
2016-08,BUKIT MERAH,3 ROOM,130,BT MERAH VIEW,04 TO 06,65.0,Improved,1973,46,330000.0,2016-08,BUKIT MERAH,3 ROOM,IMPROVED,04 TO 06,2016-08-01,True,True,True,True,4,6,True,True,Duplicate record,,,,,
2016-08,TOA PAYOH,3 ROOM,125,LOR 1 TOA PAYOH,04 TO 06,67.0,Improved,1970,43,308000.0,2016-08,TOA PAYOH,3 ROOM,IMPROVED,04 TO 06,2016-08-01,True,True,True,True,4,6,True,True,Duplicate record,,,,,
2016-08,YISHUN,4 ROOM,450,YISHUN RING RD,10 TO 12,97.0,Model A,2012,85,408000.0,2016-08,YISHUN,4 ROOM,MODEL A,10 TO 12,2016-08-01,True,True,True,True,10,12,True,True,Duplicate record,,,,,
2016-09,CLEMENTI,3 ROOM,611,CLEMENTI WEST ST 1,07 TO 09,74.0,Model A,1983,56,290000.0,2016-09,CLEMENTI,3 ROOM,MODEL A,07 TO 09,2016-09-01,True,True,True,True,7,9,True,True,Duplicate record,,,,,
2016-09,PUNGGOL,5 ROOM,126A,EDGEDALE PLAINS,04 TO 06,110.0,Improved,2003,76,420000.0,2016-09,PUNGGOL,5 ROOM,IMPROVED,04 TO 06,2016-09-01,True,True,True,True,4,6,True,True,Duplicate record,,,,,
2016-09,SEMBAWANG,4 ROOM,482,ADMIRALTY LINK,10 TO 12,87.0,Model A2,2004,77,350000.0,2016-09,SEMBAWANG,4 ROOM,MODEL A2,10 TO 12,2016-09-01,True,True,True,True,10,12,True,True,Duplicate record,,,,,
2016-09,SEMBAWANG,EXECUTIVE,341A,SEMBAWANG CL,10 TO 12,131.0,Premium Apartment,2001,74,490000.0,2016-09,SEMBAWANG,EXECUTIVE,PREMIUM APARTMENT,10 TO 12,2016-09-01,True,True,True,True,10,12,True,True,Duplicate record,,,,,
2016-09,SENGKANG,4 ROOM,271A,SENGKANG CTRL,10 TO 12,93.0,Premium Apartment,2010,83,480000.0,2016-09,SENGKANG,4 ROOM,PREMIUM APARTMENT,10 TO 12,2016-09-01,True,True,True,True,10,12,True,True,Duplicate record,,,,,
2016-09,YISHUN,4 ROOM,720,YISHUN ST 71,04 TO 06,84.0,Simplified,1985,58,315000.0,2016-09,YISHUN,4 ROOM,SIMPLIFIED,04 TO 06,2016-09-01,True,True,True,True,4,6,True,True,Duplicate record,,,,,
2016-10,BEDOK,3 ROOM,50,CHAI CHEE ST,10 TO 12,68.0,New Generation,1981,54,275000.0,2016-10,BEDOK,3 ROOM,NEW GENERATION,10 TO 12,2016-10-01,True,True,True,True,10,12,True,True,Duplicate record,,,,,
2016-10,KALLANG/WHAMPOA,3 ROOM,44,BENDEMEER RD,07 TO 09,63.0,Standard,1981,54,275000.0,2016-10,KALLANG/WHAMPOA,3 ROOM,STANDARD,07 TO 09,2016-10-01,True,True,True,True,7,9,True,True,Duplicate record,,,,,
2016-10,PUNGGOL,5 ROOM,128C,PUNGGOL FIELD WALK,13 TO 15,110.0,Improved,2003,76,415000.0,2016-10,PUNGGOL,5 ROOM,IMPROVED,13 TO 15,2016-10-01,True,True,True,True,13,15,True,True,Duplicate record,,,,,
2016-11,BUKIT BATOK,3 ROOM,161,BT BATOK ST 11,04 TO 06,73.0,Model A,1984,57,295000.0,2016-11,BUKIT BATOK,3 ROOM,MODEL A,04 TO 06,2016-11-01,True,True,True,True,4,6,True,True,Duplicate record,,,,,
2012-01,PASIR RIS,4 ROOM,626,PASIR RIS DR 3,01 TO 03,104.0,Model A,1995,68,413000.0,2012-01,PASIR RIS,4 ROOM,MODEL A,01 TO 03,2012-01-01,True,True,True,True,1,3,True,True,Duplicate record,,,,,
2012-03,TOA PAYOH,3 ROOM,116,LOR 2 TOA PAYOH,16 TO 20,63.0,Improved,1970,43,372000.0,2012-03,TOA PAYOH,3 ROOM,IMPROVED,16 TO 20,2012-03-01,True,True,True,True,16,20,True,True,Duplicate record,,,,,
2012-03,YISHUN,3 ROOM,108,YISHUN RING RD,06 TO 10,67.0,New Generation,1985,58,302000.0,2012-03,YISHUN,3 ROOM,NEW GENERATION,06 TO 10,2012-03-01,True,True,True,True,6,10,True,True,Duplicate record,,,,,
2012-04,ANG MO KIO,3 ROOM,129,ANG MO KIO AVE 3,01 TO 05,73.0,New Generation,1979,52,337000.0,2012-04,ANG MO KIO,3 ROOM,NEW GENERATION,01 TO 05,2012-04-01,True,True,True,True,1,5,True,True,Duplicate record,,,,,
2012-04,BEDOK,3 ROOM,103,BEDOK RESERVOIR RD,01 TO 05,67.0,New Generation,1985,58,318000.0,2012-04,BEDOK,3 ROOM,NEW GENERATION,01 TO 05,2012-04-01,True,True,True,True,1,5,True,True,Duplicate record,,,,,
2012-04,BEDOK,4 ROOM,144,BEDOK RESERVOIR RD,01 TO 05,104.0,Model A,1987,60,400000.0,2012-04,BEDOK,4 ROOM,MODEL A,01 TO 05,2012-04-01,True,True,True,True,1,5,True,True,Duplicate record,,,,,
2012-04,CLEMENTI,3 ROOM,366,CLEMENTI AVE 2,06 TO 10,61.0,Model A,2003,76,386000.0,2012-04,CLEMENTI,3 ROOM,MODEL A,06 TO 10,2012-04-01,True,True,True,True,6,10,True,True,Duplicate record,,,,,
2012-04,PUNGGOL,5 ROOM,652,PUNGGOL CTRL,11 TO 15,110.0,Premium Apartment,2005,78,588000.0,2012-04,PUNGGOL,5 ROOM,PREMIUM APARTMENT,11 TO 15,2012-04-01,True,True,True,True,11,15,True,True,Duplicate record,,,,,
2012-04,QUEENSTOWN,3 ROOM,171,STIRLING RD,11 TO 15,60.0,Improved,1970,43,367000.0,2012-04,QUEENSTOWN,3 ROOM,IMPROVED,11 TO 15,2012-04-01,True,True,True,True,11,15,True,True,Duplicate record,,,,,
2012-04,SENGKANG,5 ROOM,192A,RIVERVALE DR,01 TO 05,115.0,Improved,2000,73,453000.0,2012-04,SENGKANG,5 ROOM,IMPROVED,01 TO 05,2012-04-01,True,True,True,True,1,5,True,True,Duplicate record,,,,,
2012-04,SENGKANG,5 ROOM,201D,COMPASSVALE DR,01 TO 05,110.0,Improved,2001,74,500000.0,2012-04,SENGKANG,5 ROOM,IMPROVED,01 TO 05,2012-04-01,True,True,True,True,1,5,True,True,Duplicate record,,,,,
2012-04,YISHUN,3 ROOM,736,YISHUN ST 72,01 TO 05,67.0,New Generation,1984,57,321000.0,2012-04,YISHUN,3 ROOM,NEW GENERATION,01 TO 05,2012-04-01,True,True,True,True,1,5,True,True,Duplicate record,,,,,
2012-05,JURONG WEST,3 ROOM,186,BOON LAY AVE,06 TO 10,59.0,Improved,1975,48,275000.0,2012-05,JURONG WEST,3 ROOM,IMPROVED,06 TO 10,2012-05-01,True,True,True,True,6,10,True,True,Duplicate record,,,,,
2012-05,MARINE PARADE,3 ROOM,59,MARINE TER,06 TO 10,65.0,Improved,1975,48,399000.0,2012-05,MARINE PARADE,3 ROOM,IMPROVED,06 TO 10,2012-05-01,True,True,True,True,6,10,True,True,Duplicate record,,,,,
2012-05,WOODLANDS,3 ROOM,217,MARSILING CRES,11 TO 15,74.0,Model A,1982,55,298000.0,2012-05,WOODLANDS,3 ROOM,MODEL A,11 TO 15,2012-05-01,True,True,True,True,11,15,True,True,Duplicate record,,,,,
2012-06,ANG MO KIO,3 ROOM,211,ANG MO KIO AVE 3,04 TO 06,67.0,New Generation,1977,50,328000.0,2012-06,ANG MO KIO,3 ROOM,NEW GENERATION,04 TO 06,2012-06-01,True,True,True,True,4,6,True,True,Duplicate record,,,,,
2012-06,WOODLANDS,3 ROOM,2A,WOODLANDS CTR RD,04 TO 06,68.0,New Generation,1980,53,268000.0,2012-06,WOODLANDS,3 ROOM,NEW GENERATION,04 TO 06,2012-06-01,True,True,True,True,4,6,True,True,Duplicate record,,,,,
2012-06,WOODLANDS,EXECUTIVE,788D,WOODLANDS CRES,10 TO 12,143.0,Maisonette,1999,72,585000.0,2012-06,WOODLANDS,EXECUTIVE,MAISONETTE,10 TO 12,2012-06-01,True,True,True,True,10,12,True,True,Duplicate record,,,,,
2012-07,ANG MO KIO,5 ROOM,596B,ANG MO KIO ST 52,01 TO 03,111.0,Improved,2002,75,730000.0,2012-07,ANG MO KIO,5 ROOM,IMPROVED,01 TO 03,2012-07-01,True,True,True,True,1,3,True,True,Duplicate record,,,,,
2012-07,JURONG WEST,4 ROOM,531,JURONG WEST ST 52,04 TO 06,93.0,New Generation,1983,56,410000.0,2012-07,JURONG WEST,4 ROOM,NEW GENERATION,04 TO 06,2012-07-01,True,True,True,True,4,6,True,True,Duplicate record,,,,,
2012-07,TAMPINES,3 ROOM,403,TAMPINES ST 41,01 TO 03,69.0,Improved,1985,58,370000.0,2012-07,TAMPINES,3 ROOM,IMPROVED,01 TO 03,2012-07-01,True,True,True,True,1,3,True,True,Duplicate record,,,,,
2012-07,YISHUN,4 ROOM,312,YISHUN RING RD,10 TO 12,84.0,Simplified,1987,60,362000.0,2012-07,YISHUN,4 ROOM,SIMPLIFIED,10 TO 12,2012-07-01,True,True,True,True,10,12,True,True,Duplicate record,,,,,
2012-08,ANG MO KIO,2 ROOM,406,ANG MO KIO AVE 10,07 TO 09,44.0,Improved,1979,52,280000.0,2012-08,ANG MO KIO,2 ROOM,IMPROVED,07 TO 09,2012-08-01,True,True,True,True,7,9,True,True,Duplicate record,,,,,
2012-08,BEDOK,3 ROOM,40,CHAI CHEE AVE,01 TO 03,65.0,Improved,1974,47,327000.0,2012-08,BEDOK,3 ROOM,IMPROVED,01 TO 03,2012-08-01,True,True,True,True,1,3,True,True,Duplicate record,,,,,
2012-08,BEDOK,3 ROOM,419,BEDOK NTH ST 1,04 TO 06,68.0,New Generation,1979,52,357000.0,2012-08,BEDOK,3 ROOM,NEW GENERATION,04 TO 06,2012-08-01,True,True,True,True,4,6,True,True,Duplicate record,,,,,
2012-08,BEDOK,5 ROOM,68,BEDOK STH AVE 3,04 TO 06,125.0,Standard,1977,50,655000.0,2012-08,BEDOK,5 ROOM,STANDARD,04 TO 06,2012-08-01,True,True,True,True,4,6,True,True,Duplicate record,,,,,
2012-08,CHOA CHU KANG,5 ROOM,691A,CHOA CHU KANG CRES,01 TO 03,110.0,Improved,2003,76,448000.0,2012-08,CHOA CHU KANG,5 ROOM,IMPROVED,01 TO 03,2012-08-01,True,True,True,True,1,3,True,True,Duplicate record,,,,,
2012-08,YISHUN,3 ROOM,354,YISHUN RING RD,10 TO 12,74.0,Model A,1989,62,320000.0,2012-08,YISHUN,3 ROOM,MODEL A,10 TO 12,2012-08-01,True,True,True,True,10,12,True,True,Duplicate record,,,,,
2012-09,YISHUN,3 ROOM,171,YISHUN AVE 7,04 TO 06,64.0,Simplified,1988,61,295000.0,2012-09,YISHUN,3 ROOM,SIMPLIFIED,04 TO 06,2012-09-01,True,True,True,True,4,6,True,True,Duplicate record,,,,,
2012-09,YISHUN,3 ROOM,710,YISHUN AVE 5,10 TO 12,68.0,New Generation,1984,57,345000.0,2012-09,YISHUN,3 ROOM,NEW GENERATION,10 TO 12,2012-09-01,True,True,True,True,10,12,True,True,Duplicate record,,,,,
2012-10,YISHUN,EXECUTIVE,877,YISHUN ST 81,01 TO 03,142.0,Apartment,1987,60,607000.0,2012-10,YISHUN,EXECUTIVE,APARTMENT,01 TO 03,2012-10-01,True,True,True,True,1,3,True,True,Duplicate record,,,,,
2012-11,TAMPINES,4 ROOM,116,SIMEI ST 1,07 TO 09,104.0,Model A,1988,61,550000.0,2012-11,TAMPINES,4 ROOM,MODEL A,07 TO 09,2012-11-01,True,True,True,True,7,9,True,True,Duplicate record,,,,,
2012-11,YISHUN,4 ROOM,390,YISHUN AVE 6,10 TO 12,104.0,Model A,1988,61,390000.0,2012-11,YISHUN,4 ROOM,MODEL A,10 TO 12,2012-11-01,True,True,True,True,10,12,True,True,Duplicate record,,,,,
2012-11,YISHUN,4 ROOM,439,YISHUN AVE 11,04 TO 06,84.0,Simplified,1988,61,335000.0,2012-11,YISHUN,4 ROOM,SIMPLIFIED,04 TO 06,2012-11-01,True,True,True,True,4,6,True,True,Duplicate record,,,,,
2012-12,CLEMENTI,3 ROOM,351,CLEMENTI AVE 2,01 TO 03,67.0,New Generation,1978,51,385000.0,2012-12,CLEMENTI,3 ROOM,NEW GENERATION,01 TO 03,2012-12-01,True,True,True,True,1,3,True,True,Duplicate record,,,,,
2013-01,GEYLANG,3 ROOM,95,ALJUNIED CRES,07 TO 09,65.0,Improved,1975,48,335000.0,2013-01,GEYLANG,3 ROOM,IMPROVED,07 TO 09,2013-01-01,True,True,True,True,7,9,True,True,Duplicate record,,,,,
2013-01,JURONG WEST,5 ROOM,675A,JURONG WEST ST 64,04 TO 06,110.0,Premium Apartment,2008,81,518338.0,2013-01,JURONG WEST,5 ROOM,PREMIUM APARTMENT,04 TO 06,2013-01-01,True,True,True,True,4,6,True,True,Duplicate record,,,,,
2013-01,PUNGGOL,5 ROOM,175A,PUNGGOL FIELD,10 TO 12,110.0,Improved,2003,76,545000.0,2013-01,PUNGGOL,5 ROOM,IMPROVED,10 TO 12,2013-01-01,True,True,True,True,10,12,True,True,Duplicate record,,,,,
2013-01,SENGKANG,EXECUTIVE,122B,SENGKANG EAST WAY,01 TO 03,129.0,Apartment,2000,73,580000.0,2013-01,SENGKANG,EXECUTIVE,APARTMENT,01 TO 03,2013-01-01,True,True,True,True,1,3,True,True,Duplicate record,,,,,
2013-01,TOA PAYOH,4 ROOM,200,TOA PAYOH NTH,10 TO 12,87.0,Improved,1973,46,434000.0,2013-01,TOA PAYOH,4 ROOM,IMPROVED,10 TO 12,2013-01-01,True,True,True,True,10,12,True,True,Duplicate record,,,,,
2013-03,BEDOK,3 ROOM,84,BEDOK NTH ST 4,04 TO 06,67.0,New Generation,1978,51,320000.0,2013-03,BEDOK,3 ROOM,NEW GENERATION,04 TO 06,2013-03-01,True,True,True,True,4,6,True,True,Duplicate record,,,,,
2013-03,MARINE PARADE,3 ROOM,46,MARINE CRES,04 TO 06,65.0,Improved,1975,48,405000.0,2013-03,MARINE PARADE,3 ROOM,IMPROVED,04 TO 06,2013-03-01,True,True,True,True,4,6,True,True,Duplicate record,,,,,
2013-04,BUKIT BATOK,3 ROOM,249,BT BATOK EAST AVE 5,04 TO 06,73.0,Model A,1985,58,345000.0,2013-04,BUKIT BATOK,3 ROOM,MODEL A,04 TO 06,2013-04-01,True,True,True,True,4,6,True,True,Duplicate record,,,,,
2013-04,YISHUN,4 ROOM,625,YISHUN ST 61,04 TO 06,88.0,Simplified,1987,60,433000.0,2013-04,YISHUN,4 ROOM,SIMPLIFIED,04 TO 06,2013-04-01,True,True,True,True,4,6,True,True,Duplicate record,,,,,
2013-05,CLEMENTI,3 ROOM,377,CLEMENTI AVE 5,04 TO 06,67.0,New Generation,1980,53,407000.0,2013-05,CLEMENTI,3 ROOM,NEW GENERATION,04 TO 06,2013-05-01,True,True,True,True,4,6,True,True,Duplicate record,,,,,
2013-05,GEYLANG,3 ROOM,87,CIRCUIT RD,04 TO 06,60.0,Improved,1970,43,303000.0,2013-05,GEYLANG,3 ROOM,IMPROVED,04 TO 06,2013-05-01,True,True,True,True,4,6,True,True,Duplicate record,,,,,
2013-05,QUEENSTOWN,3 ROOM,92,C'WEALTH DR,01 TO 03,60.0,Standard,1967,40,340000.0,2013-05,QUEENSTOWN,3 ROOM,STANDARD,01 TO 03,2013-05-01,True,True,True,True,1,3,True,True,Duplicate record,,,,,
2013-06,BEDOK,4 ROOM,34,BEDOK STH AVE 2,04 TO 06,90.0,Improved,1977,50,418000.0,2013-06,BEDOK,4 ROOM,IMPROVED,04 TO 06,2013-06-01,True,True,True,True,4,6,True,True,Duplicate record,,,,,
2013-06,GEYLANG,3 ROOM,66,CIRCUIT RD,01 TO 03,55.0,Standard,1967,40,285000.0,2013-06,GEYLANG,3 ROOM,STANDARD,01 TO 03,2013-06-01,True,True,True,True,1,3,True,True,Duplicate record,,,,,
2013-06,TOA PAYOH,4 ROOM,144,POTONG PASIR AVE 2,01 TO 03,111.0,Model A,1984,57,555000.0,2013-06,TOA PAYOH,4 ROOM,MODEL A,01 TO 03,2013-06-01,True,True,True,True,1,3,True,True,Duplicate record,,,,,
2013-07,JURONG WEST,5 ROOM,661C,JURONG WEST ST 64,07 TO 09,110.0,Improved,2001,74,545000.0,2013-07,JURONG WEST,5 ROOM,IMPROVED,07 TO 09,2013-07-01,True,True,True,True,7,9,True,True,Duplicate record,,,,,
2013-09,GEYLANG,3 ROOM,69,CIRCUIT RD,07 TO 09,56.0,Standard,1969,42,302388.0,2013-09,GEYLANG,3 ROOM,STANDARD,07 TO 09,2013-09-01,True,True,True,True,7,9,True,True,Duplicate record,,,,,
2013-11,TOA PAYOH,3 ROOM,104,POTONG PASIR AVE 1,07 TO 09,74.0,Model A,1984,57,413000.0,2013-11,TOA PAYOH,3 ROOM,MODEL A,07 TO 09,2013-11-01,True,True,True,True,7,9,True,True,Duplicate record,,,,,
2013-11,YISHUN,3 ROOM,123,YISHUN ST 11,07 TO 09,68.0,New Generation,1985,58,312000.0,2013-11,YISHUN,3 ROOM,NEW GENERATION,07 TO 09,2013-11-01,True,True,True,True,7,9,True,True,Duplicate record,,,,,
2014-02,TOA PAYOH,3 ROOM,115,POTONG PASIR AVE 1,01 TO 03,67.0,New Generation,1984,57,298000.0,2014-02,TOA PAYOH,3 ROOM,NEW GENERATION,01 TO 03,2014-02-01,True,True,True,True,1,3,True,True,Duplicate record,,,,,
2014-03,SENGKANG,4 ROOM,184C,RIVERVALE CRES,07 TO 09,85.0,Model A2,2003,76,380000.0,2014-03,SENGKANG,4 ROOM,MODEL A2,07 TO 09,2014-03-01,True,True,True,True,7,9,True,True,Duplicate record,,,,,
2014-04,BUKIT MERAH,5 ROOM,1,EVERTON PK,10 TO 12,138.0,Improved,1980,53,751888.0,2014-04,BUKIT MERAH,5 ROOM,IMPROVED,10 TO 12,2014-04-01,True,True,True,True,10,12,True,True,Duplicate record,,,,,
2014-04,BUKIT PANJANG,5 ROOM,272,BANGKIT RD,01 TO 03,128.0,Improved,1988,61,440000.0,2014-04,BUKIT PANJANG,5 ROOM,IMPROVED,01 TO 03,2014-04-01,True,True,True,True,1,3,True,True,Duplicate record,,,,,
2014-04,GEYLANG,3 ROOM,21,BALAM RD,04 TO 06,60.3,Standard,1967,40,295000.0,2014-04,GEYLANG,3 ROOM,STANDARD,04 TO 06,2014-04-01,True,True,True,True,4,6,True,True,Duplicate record,,,,,
2014-04,GEYLANG,3 ROOM,21,BALAM RD,04 TO 06,60.3,Standard,1967,40,288000.0,2014-04,GEYLANG,3 ROOM,STANDARD,04 TO 06,2014-04-01,True,True,True,True,4,6,True,True,Duplicate record,,,,,
2014-04,JURONG WEST,3 ROOM,915,JURONG WEST ST 91,10 TO 12,73.0,Model A,1988,61,328000.0,2014-04,JURONG WEST,3 ROOM,MODEL A,10 TO 12,2014-04-01,True,True,True,True,10,12,True,True,Duplicate record,,,,,
2014-04,MARINE PARADE,3 ROOM,30,MARINE CRES,13 TO 15,65.0,Improved,1975,48,420000.0,2014-04,MARINE PARADE,3 ROOM,IMPROVED,13 TO 15,2014-04-01,True,True,True,True,13,15,True,True,Duplicate record,,,,,
2014-04,QUEENSTOWN,3 ROOM,23A,QUEEN'S CL,16 TO 18,76.0,Improved,1973,46,420000.0,2014-04,QUEENSTOWN,3 ROOM,IMPROVED,16 TO 18,2014-04-01,True,True,True,True,16,18,True,True,Duplicate record,,,,,
2014-04,QUEENSTOWN,4 ROOM,43,TANGLIN HALT RD,04 TO 06,129.0,Adjoined flat,1971,44,605000.0,2014-04,QUEENSTOWN,4 ROOM,ADJOINED FLAT,04 TO 06,2014-04-01,True,True,True,True,4,6,True,True,Duplicate record,,,,,
2014-04,SENGKANG,4 ROOM,272D,SENGKANG CTRL,13 TO 15,90.0,Premium Apartment,2009,82,550000.0,2014-04,SENGKANG,4 ROOM,PREMIUM APARTMENT,13 TO 15,2014-04-01,True,True,True,True,13,15,True,True,Duplicate record,,,,,
2014-04,TAMPINES,5 ROOM,843,TAMPINES ST 83,07 TO 09,122.0,Improved,1988,61,500000.0,2014-04,TAMPINES,5 ROOM,IMPROVED,07 TO 09,2014-04-01,True,True,True,True,7,9,True,True,Duplicate record,,,,,
2014-05,ANG MO KIO,3 ROOM,556,ANG MO KIO AVE 10,01 TO 03,68.0,New Generation,1980,53,300000.0,2014-05,ANG MO KIO,3 ROOM,NEW GENERATION,01 TO 03,2014-05-01,True,True,True,True,1,3,True,True,Duplicate record,,,,,
2014-05,BEDOK,3 ROOM,534,BEDOK NTH ST 3,07 TO 09,69.0,Improved,1986,59,330000.0,2014-05,BEDOK,3 ROOM,IMPROVED,07 TO 09,2014-05-01,True,True,True,True,7,9,True,True,Duplicate record,,,,,
2014-05,BEDOK,4 ROOM,180,BEDOK NTH RD,19 TO 21,92.0,Model A,2006,79,568000.0,2014-05,BEDOK,4 ROOM,MODEL A,19 TO 21,2014-05-01,True,True,True,True,19,21,True,True,Duplicate record,,,,,
2014-05,BEDOK,5 ROOM,645,JLN TENAGA,07 TO 09,122.0,Improved,1993,66,575000.0,2014-05,BEDOK,5 ROOM,IMPROVED,07 TO 09,2014-05-01,True,True,True,True,7,9,True,True,Duplicate record,,,,,
2014-05,GEYLANG,4 ROOM,1,PINE CL,07 TO 09,95.0,Model A,2000,73,590000.0,2014-05,GEYLANG,4 ROOM,MODEL A,07 TO 09,2014-05-01,True,True,True,True,7,9,True,True,Duplicate record,,,,,
2014-05,HOUGANG,3 ROOM,511,HOUGANG AVE 10,04 TO 06,64.0,Simplified,1986,59,325000.0,2014-05,HOUGANG,3 ROOM,SIMPLIFIED,04 TO 06,2014-05-01,True,True,True,True,4,6,True,True,Duplicate record,,,,,
2014-05,JURONG EAST,5 ROOM,116,JURONG EAST ST 13,16 TO 18,120.0,Improved,1981,54,635000.0,2014-05,JURONG EAST,5 ROOM,IMPROVED,16 TO 18,2014-05-01,True,True,True,True,16,18,True,True,Duplicate record,,,,,
2014-05,PUNGGOL,4 ROOM,133,EDGEDALE PLAINS,04 TO 06,91.0,Premium Apartment,2003,76,385000.0,2014-05,PUNGGOL,4 ROOM,PREMIUM APARTMENT,04 TO 06,2014-05-01,True,True,True,True,4,6,True,True,Duplicate record,,,,,
2014-05,SEMBAWANG,4 ROOM,321,SEMBAWANG CL,07 TO 09,101.0,Model A,1999,72,400000.0,2014-05,SEMBAWANG,4 ROOM,MODEL A,07 TO 09,2014-05-01,True,True,True,True,7,9,True,True,Duplicate record,,,,,
2014-05,SERANGOON,5 ROOM,116,SERANGOON NTH AVE 1,04 TO 06,121.0,Improved,1986,59,468000.0,2014-05,SERANGOON,5 ROOM,IMPROVED,04 TO 06,2014-05-01,True,True,True,True,4,6,True,True,Duplicate record,,,,,
2014-05,YISHUN,4 ROOM,250,YISHUN AVE 9,10 TO 12,84.0,Simplified,1985,58,335000.0,2014-05,YISHUN,4 ROOM,SIMPLIFIED,10 TO 12,2014-05-01,True,True,True,True,10,12,True,True,Duplicate record,,,,,
2014-05,YISHUN,4 ROOM,756,YISHUN ST 72,01 TO 03,84.0,Simplified,1985,58,380000.0,2014-05,YISHUN,4 ROOM,SIMPLIFIED,01 TO 03,2014-05-01,True,True,True,True,1,3,True,True,Duplicate record,,,,,
2014-06,BUKIT PANJANG,5 ROOM,505,JELAPANG RD,07 TO 09,123.0,Improved,1998,71,440000.0,2014-06,BUKIT PANJANG,5 ROOM,IMPROVED,07 TO 09,2014-06-01,True,True,True,True,7,9,True,True,Duplicate record,,,,,
2014-06,CENTRAL AREA,3 ROOM,3,TG PAGAR PLAZA,04 TO 06,70.0,Improved,1977,50,470000.0,2014-06,CENTRAL AREA,3 ROOM,IMPROVED,04 TO 06,2014-06-01,True,True,True,True,4,6,True,True,Duplicate record,,,,,
2014-06,TAMPINES,5 ROOM,723,TAMPINES ST 72,07 TO 09,120.0,Improved,1997,70,528000.0,2014-06,TAMPINES,5 ROOM,IMPROVED,07 TO 09,2014-06-01,True,True,True,True,7,9,True,True,Duplicate record,,,,,
2014-07,KALLANG/WHAMPOA,4 ROOM,49,WHAMPOA STH,13 TO 15,87.0,Improved,1974,47,385000.0,2014-07,KALLANG/WHAMPOA,4 ROOM,IMPROVED,13 TO 15,2014-07-01,True,True,True,True,13,15,True,True,Duplicate record,,,,,
2014-07,QUEENSTOWN,3 ROOM,161,MEI LING ST,07 TO 09,72.0,Improved,1970,43,460000.0,2014-07,QUEENSTOWN,3 ROOM,IMPROVED,07 TO 09,2014-07-01,True,True,True,True,7,9,True,True,Duplicate record,,,,,
2014-08,CLEMENTI,4 ROOM,347,CLEMENTI AVE 5,10 TO 12,92.0,New Generation,1979,52,520000.0,2014-08,CLEMENTI,4 ROOM,NEW GENERATION,10 TO 12,2014-08-01,True,True,True,True,10,12,True,True,Duplicate record,,,,,
2014-09,BUKIT MERAH,3 ROOM,130,BT MERAH VIEW,16 TO 18,65.0,Improved,1973,46,402888.0,2014-09,BUKIT MERAH,3 ROOM,IMPROVED,16 TO 18,2014-09-01,True,True,True,True,16,18,True,True,Duplicate record,,,,,
2014-10,BEDOK,5 ROOM,762,BEDOK RESERVOIR VIEW,13 TO 15,115.0,Premium Apartment,2000,73,572000.0,2014-10,BEDOK,5 ROOM,PREMIUM APARTMENT,13 TO 15,2014-10-01,True,True,True,True,13,15,True,True,Duplicate record,,,,,
2014-10,CLEMENTI,3 ROOM,371,CLEMENTI AVE 4,10 TO 12,68.0,New Generation,1981,54,365000.0,2014-10,CLEMENTI,3 ROOM,NEW GENERATION,10 TO 12,2014-10-01,True,True,True,True,10,12,True,True,Duplicate record,,,,,
2014-10,WOODLANDS,3 ROOM,1,MARSILING DR,07 TO 09,65.0,Improved,1974,47,275000.0,2014-10,WOODLANDS,3 ROOM,IMPROVED,07 TO 09,2014-10-01,True,True,True,True,7,9,True,True,Duplicate record,,,,,
2014-10,WOODLANDS,3 ROOM,1,MARSILING DR,07 TO 09,65.0,Improved,1974,47,256000.0,2014-10,WOODLANDS,3 ROOM,IMPROVED,07 TO 09,2014-10-01,True,True,True,True,7,9,True,True,Duplicate record,,,,,
2014-11,BEDOK,3 ROOM,540,BEDOK NTH ST 3,01 TO 03,68.0,New Generation,1980,53,280000.0,2014-11,BEDOK,3 ROOM,NEW GENERATION,01 TO 03,2014-11-01,True,True,True,True,1,3,True,True,Duplicate record,,,,,
2014-11,SENGKANG,4 ROOM,265C,COMPASSVALE LINK,16 TO 18,92.0,Premium Apartment,2008,81,510000.0,2014-11,SENGKANG,4 ROOM,PREMIUM APARTMENT,16 TO 18,2014-11-01,True,True,True,True,16,18,True,True,Duplicate record,,,,,
2014-11,YISHUN,4 ROOM,655,YISHUN AVE 4,07 TO 09,84.0,Simplified,1987,60,330000.0,2014-11,YISHUN,4 ROOM,SIMPLIFIED,07 TO 09,2014-11-01,True,True,True,True,7,9,True,True,Duplicate record,,,,,
2014-11,YISHUN,4 ROOM,655,YISHUN AVE 4,07 TO 09,84.0,Simplified,1987,60,320000.0,2014-11,YISHUN,4 ROOM,SIMPLIFIED,07 TO 09,2014-11-01,True,True,True,True,7,9,True,True,Duplicate record,,,,,
2014-12,WOODLANDS,5 ROOM,664,WOODLANDS RING RD,01 TO 03,121.0,Improved,1998,71,400000.0,2014-12,WOODLANDS,5 ROOM,IMPROVED,01 TO 03,2014-12-01,True,True,True,True,1,3,True,True,Duplicate record,,,,,
2015-01,HOUGANG,3 ROOM,328,HOUGANG AVE 5,10 TO 12,67.0,New Generation,1983,56,300000.0,2015-01,HOUGANG,3 ROOM,NEW GENERATION,10 TO 12,2015-01-01,True,True,True,True,10,12,True,True,Duplicate record,,,,,
2015-01,KALLANG/WHAMPOA,3 ROOM,57,GEYLANG BAHRU,16 TO 18,65.0,Improved,1974,47,315000.0,2015-01,KALLANG/WHAMPOA,3 ROOM,IMPROVED,16 TO 18,2015-01-01,True,True,True,True,16,18,True,True,Duplicate record,,,,,
2015-03,SENGKANG,5 ROOM,316A,ANCHORVALE LINK,07 TO 09,110.0,Premium Apartment,2003,76,435000.0,2015-03,SENGKANG,5 ROOM,PREMIUM APARTMENT,07 TO 09,2015-03-01,True,True,True,True,7,9,True,True,Duplicate record,,,,,
2015-05,JURONG WEST,5 ROOM,652B,JURONG WEST ST 61,16 TO 18,110.0,Improved,2002,75,475000.0,2015-05,JURONG WEST,5 ROOM,IMPROVED,16 TO 18,2015-05-01,True,True,True,True,16,18,True,True,Duplicate record,,,,,
2015-05,TOA PAYOH,4 ROOM,214,LOR 8 TOA PAYOH,07 TO 09,82.0,Improved,1975,48,363000.0,2015-05,TOA PAYOH,4 ROOM,IMPROVED,07 TO 09,2015-05-01,True,True,True,True,7,9,True,True,Duplicate record,,,,,
2015-07,ANG MO KIO,3 ROOM,561,ANG MO KIO AVE 10,13 TO 15,82.0,New Generation,1980,53,380000.0,2015-07,ANG MO KIO,3 ROOM,NEW GENERATION,13 TO 15,2015-07-01,True,True,True,True,13,15,True,True,Duplicate record,,,,,
2015-08,BEDOK,5 ROOM,417,BEDOK NTH AVE 2,01 TO 03,119.0,Improved,1978,51,578000.0,2015-08,BEDOK,5 ROOM,IMPROVED,01 TO 03,2015-08-01,True,True,True,True,1,3,True,True,Duplicate record,,,,,
2015-10,ANG MO KIO,3 ROOM,151,ANG MO KIO AVE 5,10 TO 12,68.0,New Generation,1981,54,302888.0,2015-10,ANG MO KIO,3 ROOM,NEW GENERATION,10 TO 12,2015-10-01,True,True,True,True,10,12,True,True,Duplicate record,,,,,
2015-10,PUNGGOL,5 ROOM,171B,EDGEDALE PLAINS,04 TO 06,110.0,Improved,2004,77,390000.0,2015-10,PUNGGOL,5 ROOM,IMPROVED,04 TO 06,2015-10-01,True,True,True,True,4,6,True,True,Duplicate record,,,,,
2015-10,YISHUN,4 ROOM,404,YISHUN AVE 6,10 TO 12,84.0,Simplified,1988,61,305000.0,2015-10,YISHUN,4 ROOM,SIMPLIFIED,10 TO 12,2015-10-01,True,True,True,True,10,12,True,True,Duplicate record,,,,,
2015-10,YISHUN,4 ROOM,404,YISHUN AVE 6,10 TO 12,84.0,Simplified,1988,61,288000.0,2015-10,YISHUN,4 ROOM,SIMPLIFIED,10 TO 12,2015-10-01,True,True,True,True,10,12,True,True,Duplicate record,,,,,
2015-11,ANG MO KIO,4 ROOM,303,ANG MO KIO AVE 1,10 TO 12,98.0,New Generation,1977,50,480000.0,2015-11,ANG MO KIO,4 ROOM,NEW GENERATION,10 TO 12,2015-11-01,True,True,True,True,10,12,True,True,Duplicate record,,,,,
2015-11,JURONG EAST,3 ROOM,250,JURONG EAST ST 24,07 TO 09,67.0,New Generation,1986,59,291000.0,2015-11,JURONG EAST,3 ROOM,NEW GENERATION,07 TO 09,2015-11-01,True,True,True,True,7,9,True,True,Duplicate record,,,,,
2015-12,BEDOK,3 ROOM,32,CHAI CHEE AVE,04 TO 06,65.0,Improved,1974,47,290000.0,2015-12,BEDOK,3 ROOM,IMPROVED,04 TO 06,2015-12-01,True,True,True,True,4,6,True,True,Duplicate record,,,,,
2015-12,KALLANG/WHAMPOA,3 ROOM,68,GEYLANG BAHRU,07 TO 09,65.0,Improved,1974,47,320000.0,2015-12,KALLANG/WHAMPOA,3 ROOM,IMPROVED,07 TO 09,2015-12-01,True,True,True,True,7,9,True,True,Duplicate record,,,,,
2016-01,ANG MO KIO,3 ROOM,129,ANG MO KIO AVE 3,04 TO 06,88.0,New Generation,1979,52,363000.0,2016-01,ANG MO KIO,3 ROOM,NEW GENERATION,04 TO 06,2016-01-01,True,True,True,True,4,6,True,True,Duplicate record,,,,,
2016-01,BUKIT BATOK,3 ROOM,160,BT BATOK ST 11,04 TO 06,73.0,Model A,1984,57,279000.0,2016-01,BUKIT BATOK,3 ROOM,MODEL A,04 TO 06,2016-01-01,True,True,True,True,4,6,True,True,Duplicate record,,,,,
2016-03,ANG MO KIO,4 ROOM,209,ANG MO KIO AVE 3,04 TO 06,91.0,New Generation,1977,50,400000.0,2016-03,ANG MO KIO,4 ROOM,NEW GENERATION,04 TO 06,2016-03-01,True,True,True,True,4,6,True,True,Duplicate record,,,,,
2016-03,GEYLANG,4 ROOM,44,SIMS DR,13 TO 15,88.0,Improved,1975,48,388000.0,2016-03,GEYLANG,4 ROOM,IMPROVED,13 TO 15,2016-03-01,True,True,True,True,13,15,True,True,Duplicate record,,,,,
2016-03,PUNGGOL,4 ROOM,306C,PUNGGOL PL,04 TO 06,97.0,Premium Apartment,2012,85,510000.0,2016-03,PUNGGOL,4 ROOM,PREMIUM APARTMENT,04 TO 06,2016-03-01,True,True,True,True,4,6,True,True,Duplicate record,,,,,
2016-03,TAMPINES,3 ROOM,462,TAMPINES ST 44,04 TO 06,64.0,Simplified,1987,60,285000.0,2016-03,TAMPINES,3 ROOM,SIMPLIFIED,04 TO 06,2016-03-01,True,True,True,True,4,6,True,True,Duplicate record,,,,,
2016-04,HOUGANG,4 ROOM,324,HOUGANG AVE 5,04 TO 06,104.0,Model A,1983,56,418000.0,2016-04,HOUGANG,4 ROOM,MODEL A,04 TO 06,2016-04-01,True,True,True,True,4,6,True,True,Duplicate record,,,,,
2016-05,SEMBAWANG,4 ROOM,359,ADMIRALTY DR,07 TO 09,96.0,Premium Apartment,2001,74,370000.0,2016-05,SEMBAWANG,4 ROOM,PREMIUM APARTMENT,07 TO 09,2016-05-01,True,True,True,True,7,9,True,True,Duplicate record,,,,,
2016-05,TOA PAYOH,3 ROOM,115,POTONG PASIR AVE 1,10 TO 12,67.0,New Generation,1984,57,300000.0,2016-05,TOA PAYOH,3 ROOM,NEW GENERATION,10 TO 12,2016-05-01,True,True,True,True,10,12,True,True,Duplicate record,,,,,
2016-06,JURONG WEST,EXECUTIVE,627,JURONG WEST ST 65,01 TO 03,130.0,Apartment,2001,74,505000.0,2016-06,JURONG WEST,EXECUTIVE,APARTMENT,01 TO 03,2016-06-01,True,True,True,True,1,3,True,True,Duplicate record,,,,,
2016-06,SEMBAWANG,4 ROOM,510A,WELLINGTON CIRCLE,07 TO 09,90.0,Model A,2004,77,370000.0,2016-06,SEMBAWANG,4 ROOM,MODEL A,07 TO 09,2016-06-01,True,True,True,True,7,9,True,True,Duplicate record,,,,,
2016-06,SEMBAWANG,4 ROOM,510A,WELLINGTON CIRCLE,07 TO 09,90.0,Model A,2004,77,360000.0,2016-06,SEMBAWANG,4 ROOM,MODEL A,07 TO 09,2016-06-01,True,True,True,True,7,9,True,True,Duplicate record,,,,,
2016-06,WOODLANDS,4 ROOM,105,WOODLANDS ST 13,04 TO 06,91.0,New Generation,1985,58,322500.0,2016-06,WOODLANDS,4 ROOM,NEW GENERATION,04 TO 06,2016-06-01,True,True,True,True,4,6,True,True,Duplicate record,,,,,
2016-08,BUKIT BATOK,4 ROOM,206,BT BATOK ST 21,10 TO 12,104.0,Model A,1983,56,461000.0,2016-08,BUKIT BATOK,4 ROOM,MODEL A,10 TO 12,2016-08-01,True,True,True,True,10,12,True,True,Duplicate record,,,,,
2016-08,KALLANG/WHAMPOA,5 ROOM,103,JLN RAJAH,07 TO 09,135.0,Model A,1984,57,700000.0,2016-08,KALLANG/WHAMPOA,5 ROOM,MODEL A,07 TO 09,2016-08-01,True,True,True,True,7,9,True,True,Duplicate record,,,,,
2016-08,YISHUN,4 ROOM,448,YISHUN RING RD,04 TO 06,92.0,Model A,2012,85,375000.0,2016-08,YISHUN,4 ROOM,MODEL A,04 TO 06,2016-08-01,True,True,True,True,4,6,True,True,Duplicate record,,,,,
2016-09,BEDOK,4 ROOM,524,BEDOK NTH ST 3,07 TO 09,92.0,New Generation,1979,52,383000.0,2016-09,BEDOK,4 ROOM,NEW GENERATION,07 TO 09,2016-09-01,True,True,True,True,7,9,True,True,Duplicate record,,,,,
2016-09,JURONG EAST,4 ROOM,22,TEBAN GDNS RD,37 TO 39,92.0,Model A,2013,86,445000.0,2016-09,JURONG EAST,4 ROOM,MODEL A,37 TO 39,2016-09-01,True,True,True,True,37,39,True,True,Duplicate record,,,,,
2016-09,JURONG WEST,5 ROOM,177,YUNG SHENG RD,13 TO 15,116.0,Improved,2001,74,480000.0,2016-09,JURONG WEST,5 ROOM,IMPROVED,13 TO 15,2016-09-01,True,True,True,True,13,15,True,True,Duplicate record,,,,,
2016-09,TAMPINES,EXECUTIVE,737,TAMPINES ST 72,01 TO 03,140.0,Apartment,1997,70,570000.0,2016-09,TAMPINES,EXECUTIVE,APARTMENT,01 TO 03,2016-09-01,True,True,True,True,1,3,True,True,Duplicate record,,,,,
2016-09,WOODLANDS,3 ROOM,218,MARSILING CRES,10 TO 12,67.0,New Generation,1986,59,260000.0,2016-09,WOODLANDS,3 ROOM,NEW GENERATION,10 TO 12,2016-09-01,True,True,True,True,10,12,True,True,Duplicate record,,,,,
2016-10,ANG MO KIO,3 ROOM,630,ANG MO KIO AVE 4,01 TO 03,82.0,New Generation,1981,54,330000.0,2016-10,ANG MO KIO,3 ROOM,NEW GENERATION,01 TO 03,2016-10-01,True,True,True,True,1,3,True,True,Duplicate record,,,,,
2016-10,BUKIT BATOK,4 ROOM,385,BT BATOK WEST AVE 5,22 TO 24,90.0,Model A,2005,78,420000.0,2016-10,BUKIT BATOK,4 ROOM,MODEL A,22 TO 24,2016-10-01,True,True,True,True,22,24,True,True,Duplicate record,,,,,
2016-10,YISHUN,3 ROOM,204,YISHUN ST 21,04 TO 06,67.0,New Generation,1985,58,322000.0,2016-10,YISHUN,3 ROOM,NEW GENERATION,04 TO 06,2016-10-01,True,True,True,True,4,6,True,True,Duplicate record,,,,,
2016-11,SENGKANG,5 ROOM,206C,COMPASSVALE LANE,13 TO 15,122.0,Improved,1999,72,450000.0,2016-11,SENGKANG,5 ROOM,IMPROVED,13 TO 15,2016-11-01,True,True,True,True,13,15,True,True,Duplicate record,,,,,
2016-11,SERANGOON,3 ROOM,221,SERANGOON AVE 4,04 TO 06,67.0,New Generation,1984,57,305000.0,2016-11,SERANGOON,3 ROOM,NEW GENERATION,04 TO 06,2016-11-01,True,True,True,True,4,6,True,True,Duplicate record,,,,,
2016-12,CLEMENTI,3 ROOM,308,CLEMENTI AVE 4,10 TO 12,67.0,New Generation,1980,53,345000.0,2016-12,CLEMENTI,3 ROOM,NEW GENERATION,10 TO 12,2016-12-01,True,True,True,True,10,12,True,True,Duplicate record,,,,,
2012-01,ANG MO KIO,3 ROOM,506,ANG MO KIO AVE 8,07 TO 09,68.0,New Generation,1980,53,334000.0,2012-01,ANG MO KIO,3 ROOM,NEW GENERATION,07 TO 09,2012-01-01,True,True,True,True,7,9,True,True,Duplicate record,,,,,
2012-01,ANG MO KIO,3 ROOM,558,ANG MO KIO AVE 10,10 TO 12,67.0,New Generation,1980,53,336000.0,2012-01,ANG MO KIO,3 ROOM,NEW GENERATION,10 TO 12,2012-01-01,True,True,True,True,10,12,True,True,Duplicate record,,,,,
2012-02,PUNGGOL,4 ROOM,649,PUNGGOL CTRL,10 TO 12,90.0,Premium Apartment,2005,78,462000.0,2012-02,PUNGGOL,4 ROOM,PREMIUM APARTMENT,10 TO 12,2012-02-01,True,True,True,True,10,12,True,True,Duplicate record,,,,,
2012-02,TAMPINES,3 ROOM,884,TAMPINES ST 83,04 TO 06,74.0,Model A,1988,61,350000.0,2012-02,TAMPINES,3 ROOM,MODEL A,04 TO 06,2012-02-01,True,True,True,True,4,6,True,True,Duplicate record,,,,,
2012-03,ANG MO KIO,5 ROOM,350,ANG MO KIO ST 32,11 TO 15,110.0,Improved,2001,74,670000.0,2012-03,ANG MO KIO,5 ROOM,IMPROVED,11 TO 15,2012-03-01,True,True,True,True,11,15,True,True,Duplicate record,,,,,
2012-03,HOUGANG,3 ROOM,322,HOUGANG AVE 5,01 TO 05,67.0,New Generation,1983,56,330000.0,2012-03,HOUGANG,3 ROOM,NEW GENERATION,01 TO 05,2012-03-01,True,True,True,True,1,5,True,True,Duplicate record,,,,,
2012-03,JURONG EAST,3 ROOM,302,JURONG EAST ST 32,01 TO 05,67.0,New Generation,1983,56,318000.0,2012-03,JURONG EAST,3 ROOM,NEW GENERATION,01 TO 05,2012-03-01,True,True,True,True,1,5,True,True,Duplicate record,,,,,
2012-03,TAMPINES,4 ROOM,165,SIMEI RD,06 TO 10,104.0,Model A,1989,62,455000.0,2012-03,TAMPINES,4 ROOM,MODEL A,06 TO 10,2012-03-01,True,True,True,True,6,10,True,True,Duplicate record,,,,,
2012-03,TAMPINES,4 ROOM,843,TAMPINES ST 83,01 TO 05,84.0,Simplified,1988,61,380000.0,2012-03,TAMPINES,4 ROOM,SIMPLIFIED,01 TO 05,2012-03-01,True,True,True,True,1,5,True,True,Duplicate record,,,,,
2012-03,WOODLANDS,5 ROOM,718,WOODLANDS AVE 6,01 TO 05,120.0,Improved,1997,70,436000.0,2012-03,WOODLANDS,5 ROOM,IMPROVED,01 TO 05,2012-03-01,True,True,True,True,1,5,True,True,Duplicate record,,,,,
2012-03,YISHUN,3 ROOM,127,YISHUN ST 11,01 TO 05,72.0,New Generation,1984,57,288000.0,2012-03,YISHUN,3 ROOM,NEW GENERATION,01 TO 05,2012-03-01,True,True,True,True,1,5,True,True,Duplicate record,,,,,
2012-04,BUKIT BATOK,3 ROOM,167,BT BATOK WEST AVE 8,01 TO 05,74.0,Model A,1984,57,333000.0,2012-04,BUKIT BATOK,3 ROOM,MODEL A,01 TO 05,2012-04-01,True,True,True,True,1,5,True,True,Duplicate record,,,,,
2012-04,KALLANG/WHAMPOA,3 ROOM,23,BENDEMEER RD,06 TO 10,68.0,Improved,1972,45,370000.0,2012-04,KALLANG/WHAMPOA,3 ROOM,IMPROVED,06 TO 10,2012-04-01,True,True,True,True,6,10,True,True,Duplicate record,,,,,
2012-05,JURONG WEST,4 ROOM,657A,JURONG WEST ST 65,11 TO 15,91.0,Model A,2002,75,447000.0,2012-05,JURONG WEST,4 ROOM,MODEL A,11 TO 15,2012-05-01,True,True,True,True,11,15,True,True,Duplicate record,,,,,
2012-05,JURONG WEST,5 ROOM,664D,JURONG WEST ST 64,11 TO 15,110.0,Improved,2000,73,522000.0,2012-05,JURONG WEST,5 ROOM,IMPROVED,11 TO 15,2012-05-01,True,True,True,True,11,15,True,True,Duplicate record,,,,,
2012-05,WOODLANDS,EXECUTIVE,646,WOODLANDS RING RD,01 TO 05,144.0,Maisonette,1998,71,545000.0,2012-05,WOODLANDS,EXECUTIVE,MAISONETTE,01 TO 05,2012-05-01,True,True,True,True,1,5,True,True,Duplicate record,,,,,
2012-05,YISHUN,3 ROOM,734,YISHUN AVE 5,06 TO 10,67.0,New Generation,1985,58,343300.0,2012-05,YISHUN,3 ROOM,NEW GENERATION,06 TO 10,2012-05-01,True,True,True,True,6,10,True,True,Duplicate record,,,,,
2012-05,YISHUN,3 ROOM,734,YISHUN AVE 5,06 TO 10,67.0,New Generation,1985,58,336000.0,2012-05,YISHUN,3 ROOM,NEW GENERATION,06 TO 10,2012-05-01,True,True,True,True,6,10,True,True,Duplicate record,,,,,
2012-06,BEDOK,3 ROOM,122,BEDOK NTH ST 2,10 TO 12,67.0,New Generation,1978,51,338000.0,2012-06,BEDOK,3 ROOM,NEW GENERATION,10 TO 12,2012-06-01,True,True,True,True,10,12,True,True,Duplicate record,,,,,
2012-06,JURONG WEST,5 ROOM,645,JURONG WEST ST 61,01 TO 03,122.0,Improved,1998,71,486000.0,2012-06,JURONG WEST,5 ROOM,IMPROVED,01 TO 03,2012-06-01,True,True,True,True,1,3,True,True,Duplicate record,,,,,
2012-06,YISHUN,EXECUTIVE,359,YISHUN RING RD,04 TO 06,142.0,Apartment,1988,61,545000.0,2012-06,YISHUN,EXECUTIVE,APARTMENT,04 TO 06,2012-06-01,True,True,True,True,4,6,True,True,Duplicate record,,,,,
2012-07,BUKIT MERAH,3 ROOM,44,TELOK BLANGAH DR,01 TO 03,65.0,Improved,1976,49,346000.0,2012-07,BUKIT MERAH,3 ROOM,IMPROVED,01 TO 03,2012-07-01,True,True,True,True,1,3,True,True,Duplicate record,,,,,
2012-07,BUKIT MERAH,3 ROOM,44,TELOK BLANGAH DR,01 TO 03,65.0,Improved,1976,49,340000.0,2012-07,BUKIT MERAH,3 ROOM,IMPROVED,01 TO 03,2012-07-01,True,True,True,True,1,3,True,True,Duplicate record,,,,,
2012-07,CHOA CHU KANG,5 ROOM,685A,CHOA CHU KANG CRES,07 TO 09,110.0,Improved,2002,75,465000.0,2012-07,CHOA CHU KANG,5 ROOM,IMPROVED,07 TO 09,2012-07-01,True,True,True,True,7,9,True,True,Duplicate record,,,,,
2012-07,SEMBAWANG,EXECUTIVE,468B,ADMIRALTY DR,07 TO 09,137.0,Premium Apartment,2001,74,488000.0,2012-07,SEMBAWANG,EXECUTIVE,PREMIUM APARTMENT,07 TO 09,2012-07-01,True,True,True,True,7,9,True,True,Duplicate record,,,,,
2012-07,SENGKANG,4 ROOM,266C,COMPASSVALE BOW,04 TO 06,92.0,Premium Apartment,2007,80,548000.0,2012-07,SENGKANG,4 ROOM,PREMIUM APARTMENT,04 TO 06,2012-07-01,True,True,True,True,4,6,True,True,Duplicate record,,,,,
2012-07,TAMPINES,3 ROOM,408,TAMPINES ST 41,10 TO 12,60.0,Improved,1985,58,325000.0,2012-07,TAMPINES,3 ROOM,IMPROVED,10 TO 12,2012-07-01,True,True,True,True,10,12,True,True,Duplicate record,,,,,
2012-08,PUNGGOL,4 ROOM,167C,PUNGGOL EAST,01 TO 03,92.0,Premium Apartment,2009,82,480000.0,2012-08,PUNGGOL,4 ROOM,PREMIUM APARTMENT,01 TO 03,2012-08-01,True,True,True,True,1,3,True,True,Duplicate record,,,,,
2012-08,SEMBAWANG,4 ROOM,302,CANBERRA RD,07 TO 09,91.0,Model A2,1998,71,415000.0,2012-08,SEMBAWANG,4 ROOM,MODEL A2,07 TO 09,2012-08-01,True,True,True,True,7,9,True,True,Duplicate record,,,,,
2012-08,SEMBAWANG,4 ROOM,404,ADMIRALTY LINK,13 TO 15,90.0,Model A,2001,74,413000.0,2012-08,SEMBAWANG,4 ROOM,MODEL A,13 TO 15,2012-08-01,True,True,True,True,13,15,True,True,Duplicate record,,,,,
2012-09,JURONG WEST,3 ROOM,495,JURONG WEST ST 41,04 TO 06,64.0,Simplified,1986,59,295000.0,2012-09,JURONG WEST,3 ROOM,SIMPLIFIED,04 TO 06,2012-09-01,True,True,True,True,4,6,True,True,Duplicate record,,,,,
2012-09,JURONG WEST,5 ROOM,660A,JURONG WEST ST 64,01 TO 03,110.0,Improved,2001,74,510000.0,2012-09,JURONG WEST,5 ROOM,IMPROVED,01 TO 03,2012-09-01,True,True,True,True,1,3,True,True,Duplicate record,,,,,
2012-09,TOA PAYOH,4 ROOM,79C,TOA PAYOH CTRL,13 TO 15,91.0,Model A,2009,82,725000.0,2012-09,TOA PAYOH,4 ROOM,MODEL A,13 TO 15,2012-09-01,True,True,True,True,13,15,True,True,Duplicate record,,,,,
2012-10,SEMBAWANG,5 ROOM,421,CANBERRA RD,01 TO 03,110.0,Improved,2001,74,457000.0,2012-10,SEMBAWANG,5 ROOM,IMPROVED,01 TO 03,2012-10-01,True,True,True,True,1,3,True,True,Duplicate record,,,,,
2012-11,HOUGANG,3 ROOM,321,HOUGANG AVE 5,07 TO 09,67.0,New Generation,1983,56,344000.0,2012-11,HOUGANG,3 ROOM,NEW GENERATION,07 TO 09,2012-11-01,True,True,True,True,7,9,True,True,Duplicate record,,,,,
2012-11,JURONG WEST,5 ROOM,661B,JURONG WEST ST 64,10 TO 12,110.0,Improved,2001,74,532000.0,2012-11,JURONG WEST,5 ROOM,IMPROVED,10 TO 12,2012-11-01,True,True,True,True,10,12,True,True,Duplicate record,,,,,
2013-01,JURONG WEST,3 ROOM,119,HO CHING RD,04 TO 06,67.0,Improved,1972,45,305000.0,2013-01,JURONG WEST,3 ROOM,IMPROVED,04 TO 06,2013-01-01,True,True,True,True,4,6,True,True,Duplicate record,,,,,
2013-01,SEMBAWANG,EXECUTIVE,423,CANBERRA RD,07 TO 09,130.0,Apartment,2001,74,553888.0,2013-01,SEMBAWANG,EXECUTIVE,APARTMENT,07 TO 09,2013-01-01,True,True,True,True,7,9,True,True,Duplicate record,,,,,
2013-02,TOA PAYOH,3 ROOM,195,KIM KEAT AVE,10 TO 12,66.0,Improved,1973,46,315000.0,2013-02,TOA PAYOH,3 ROOM,IMPROVED,10 TO 12,2013-02-01,True,True,True,True,10,12,True,True,Duplicate record,,,,,
2013-03,CLEMENTI,3 ROOM,704,WEST COAST RD,01 TO 03,67.0,New Generation,1980,53,335000.0,2013-03,CLEMENTI,3 ROOM,NEW GENERATION,01 TO 03,2013-03-01,True,True,True,True,1,3,True,True,Duplicate record,,,,,
2013-04,BUKIT MERAH,3 ROOM,26D,JLN MEMBINA,13 TO 15,60.0,Model A,2009,82,525000.0,2013-04,BUKIT MERAH,3 ROOM,MODEL A,13 TO 15,2013-04-01,True,True,True,True,13,15,True,True,Duplicate record,,,,,
2013-04,GEYLANG,4 ROOM,10,EUNOS CRES,10 TO 12,91.0,New Generation,1978,51,518000.0,2013-04,GEYLANG,4 ROOM,NEW GENERATION,10 TO 12,2013-04-01,True,True,True,True,10,12,True,True,Duplicate record,,,,,
2013-04,JURONG WEST,4 ROOM,486,JURONG WEST AVE 1,10 TO 12,91.0,New Generation,1985,58,428000.0,2013-04,JURONG WEST,4 ROOM,NEW GENERATION,10 TO 12,2013-04-01,True,True,True,True,10,12,True,True,Duplicate record,,,,,
2013-04,SENGKANG,4 ROOM,436A,FERNVALE RD,19 TO 21,96.0,Model A,2010,83,535000.0,2013-04,SENGKANG,4 ROOM,MODEL A,19 TO 21,2013-04-01,True,True,True,True,19,21,True,True,Duplicate record,,,,,
2013-05,BUKIT MERAH,2 ROOM,48,LOWER DELTA RD,10 TO 12,43.0,Standard,1970,43,280800.0,2013-05,BUKIT MERAH,2 ROOM,STANDARD,10 TO 12,2013-05-01,True,True,True,True,10,12,True,True,Duplicate record,,,,,
2013-05,JURONG WEST,5 ROOM,678A,JURONG WEST ST 64,04 TO 06,110.0,Premium Apartment,2008,81,515000.0,2013-05,JURONG WEST,5 ROOM,PREMIUM APARTMENT,04 TO 06,2013-05-01,True,True,True,True,4,6,True,True,Duplicate record,,,,,
2013-06,BEDOK,3 ROOM,41,CHAI CHEE ST,07 TO 09,67.0,New Generation,1985,58,355000.0,2013-06,BEDOK,3 ROOM,NEW GENERATION,07 TO 09,2013-06-01,True,True,True,True,7,9,True,True,Duplicate record,,,,,
2013-06,PUNGGOL,4 ROOM,195D,PUNGGOL RD,10 TO 12,90.0,Premium Apartment,2007,80,517000.0,2013-06,PUNGGOL,4 ROOM,PREMIUM APARTMENT,10 TO 12,2013-06-01,True,True,True,True,10,12,True,True,Duplicate record,,,,,
2013-07,BISHAN,3 ROOM,406,SIN MING AVE,10 TO 12,64.0,Simplified,1987,60,354100.0,2013-07,BISHAN,3 ROOM,SIMPLIFIED,10 TO 12,2013-07-01,True,True,True,True,10,12,True,True,Duplicate record,,,,,
2013-07,CHOA CHU KANG,4 ROOM,670,CHOA CHU KANG CRES,01 TO 03,104.0,Premium Apartment,1999,72,403000.0,2013-07,CHOA CHU KANG,4 ROOM,PREMIUM APARTMENT,01 TO 03,2013-07-01,True,True,True,True,1,3,True,True,Duplicate record,,,,,
2013-07,SENGKANG,4 ROOM,436B,FERNVALE RD,04 TO 06,96.0,Model A,2010,83,495000.0,2013-07,SENGKANG,4 ROOM,MODEL A,04 TO 06,2013-07-01,True,True,True,True,4,6,True,True,Duplicate record,,,,,
2013-07,SENGKANG,5 ROOM,244,COMPASSVALE RD,01 TO 03,115.0,Improved,2000,73,490000.0,2013-07,SENGKANG,5 ROOM,IMPROVED,01 TO 03,2013-07-01,True,True,True,True,1,3,True,True,Duplicate record,,,,,
2013-07,TOA PAYOH,5 ROOM,81,LOR 4 TOA PAYOH,19 TO 21,122.0,Improved,1997,70,880000.0,2013-07,TOA PAYOH,5 ROOM,IMPROVED,19 TO 21,2013-07-01,True,True,True,True,19,21,True,True,Duplicate record,,,,,
2013-08,BUKIT MERAH,3 ROOM,44,TELOK BLANGAH DR,07 TO 09,65.0,Improved,1976,49,358000.0,2013-08,BUKIT MERAH,3 ROOM,IMPROVED,07 TO 09,2013-08-01,True,True,True,True,7,9,True,True,Duplicate record,,,,,
2013-08,GEYLANG,3 ROOM,45,SIMS DR,07 TO 09,65.0,Improved,1977,50,343000.0,2013-08,GEYLANG,3 ROOM,IMPROVED,07 TO 09,2013-08-01,True,True,True,True,7,9,True,True,Duplicate record,,,,,
2013-08,JURONG WEST,3 ROOM,484,JURONG WEST AVE 1,07 TO 09,67.0,New Generation,1985,58,338000.0,2013-08,JURONG WEST,3 ROOM,NEW GENERATION,07 TO 09,2013-08-01,True,True,True,True,7,9,True,True,Duplicate record,,,,,
2013-08,TOA PAYOH,3 ROOM,59,LOR 5 TOA PAYOH,07 TO 09,61.0,Standard,1973,46,322000.0,2013-08,TOA PAYOH,3 ROOM,STANDARD,07 TO 09,2013-08-01,True,True,True,True,7,9,True,True,Duplicate record,,,,,
2013-09,JURONG WEST,5 ROOM,678C,JURONG WEST ST 64,07 TO 09,110.0,Premium Apartment,2008,81,510000.0,2013-09,JURONG WEST,5 ROOM,PREMIUM APARTMENT,07 TO 09,2013-09-01,True,True,True,True,7,9,True,True,Duplicate record,,,,,
2013-10,SENGKANG,4 ROOM,270A,SENGKANG CTRL,13 TO 15,93.0,Premium Apartment,2010,83,600000.0,2013-10,SENGKANG,4 ROOM,PREMIUM APARTMENT,13 TO 15,2013-10-01,True,True,True,True,13,15,True,True,Duplicate record,,,,,
2014-02,TOA PAYOH,3 ROOM,107,LOR 1 TOA PAYOH,04 TO 06,67.0,Improved,1970,43,347888.0,2014-02,TOA PAYOH,3 ROOM,IMPROVED,04 TO 06,2014-02-01,True,True,True,True,4,6,True,True,Duplicate record,,,,,
2014-02,TOA PAYOH,3 ROOM,107,LOR 1 TOA PAYOH,04 TO 06,67.0,Improved,1970,43,340000.0,2014-02,TOA PAYOH,3 ROOM,IMPROVED,04 TO 06,2014-02-01,True,True,True,True,4,6,True,True,Duplicate record,,,,,
2014-02,WOODLANDS,5 ROOM,586,WOODLANDS DR 16,04 TO 06,111.0,Improved,2001,74,425000.0,2014-02,WOODLANDS,5 ROOM,IMPROVED,04 TO 06,2014-02-01,True,True,True,True,4,6,True,True,Duplicate record,,,,,
2014-03,JURONG WEST,3 ROOM,492,JURONG WEST ST 41,01 TO 03,64.0,Simplified,1986,59,300000.0,2014-03,JURONG WEST,3 ROOM,SIMPLIFIED,01 TO 03,2014-03-01,True,True,True,True,1,3,True,True,Duplicate record,,,,,
2014-03,KALLANG/WHAMPOA,3 ROOM,76,LOR LIMAU,13 TO 15,65.0,Improved,1973,46,342000.0,2014-03,KALLANG/WHAMPOA,3 ROOM,IMPROVED,13 TO 15,2014-03-01,True,True,True,True,13,15,True,True,Duplicate record,,,,,
2014-03,SENGKANG,4 ROOM,153,RIVERVALE CRES,13 TO 15,91.0,Model A,2005,78,450000.0,2014-03,SENGKANG,4 ROOM,MODEL A,13 TO 15,2014-03-01,True,True,True,True,13,15,True,True,Duplicate record,,,,,
2014-03,TAMPINES,4 ROOM,351,TAMPINES ST 33,04 TO 06,105.0,Model A,1996,69,433888.0,2014-03,TAMPINES,4 ROOM,MODEL A,04 TO 06,2014-03-01,True,True,True,True,4,6,True,True,Duplicate record,,,,,
2014-03,YISHUN,3 ROOM,739,YISHUN AVE 5,04 TO 06,67.0,New Generation,1985,58,318000.0,2014-03,YISHUN,3 ROOM,NEW GENERATION,04 TO 06,2014-03-01,True,True,True,True,4,6,True,True,Duplicate record,,,,,
2014-04,ANG MO KIO,3 ROOM,473,ANG MO KIO AVE 10,10 TO 12,67.0,New Generation,1984,57,345000.0,2014-04,ANG MO KIO,3 ROOM,NEW GENERATION,10 TO 12,2014-04-01,True,True,True,True,10,12,True,True,Duplicate record,,,,,
2014-04,BEDOK,5 ROOM,63,CHAI CHEE RD,07 TO 09,133.0,Model A,1984,57,535000.0,2014-04,BEDOK,5 ROOM,MODEL A,07 TO 09,2014-04-01,True,True,True,True,7,9,True,True,Duplicate record,,,,,
2014-04,BUKIT BATOK,3 ROOM,346,BT BATOK ST 34,07 TO 09,73.0,Model A,1986,59,336000.0,2014-04,BUKIT BATOK,3 ROOM,MODEL A,07 TO 09,2014-04-01,True,True,True,True,7,9,True,True,Duplicate record,,,,,
2014-04,BUKIT BATOK,3 ROOM,346,BT BATOK ST 34,07 TO 09,73.0,Model A,1986,59,323000.0,2014-04,BUKIT BATOK,3 ROOM,MODEL A,07 TO 09,2014-04-01,True,True,True,True,7,9,True,True,Duplicate record,,,,,
2014-04,BUKIT PANJANG,5 ROOM,246,BANGKIT RD,13 TO 15,122.0,Improved,1988,61,480000.0,2014-04,BUKIT PANJANG,5 ROOM,IMPROVED,13 TO 15,2014-04-01,True,True,True,True,13,15,True,True,Duplicate record,,,,,
2014-04,JURONG WEST,4 ROOM,403,JURONG WEST ST 42,10 TO 12,106.0,Model A,1984,57,380000.0,2014-04,JURONG WEST,4 ROOM,MODEL A,10 TO 12,2014-04-01,True,True,True,True,10,12,True,True,Duplicate record,,,,,
2014-04,SENGKANG,5 ROOM,158B,RIVERVALE CRES,04 TO 06,110.0,Premium Apartment,2003,76,472500.0,2014-04,SENGKANG,5 ROOM,PREMIUM APARTMENT,04 TO 06,2014-04-01,True,True,True,True,4,6,True,True,Duplicate record,,,,,
2014-05,ANG MO KIO,3 ROOM,302,ANG MO KIO AVE 3,07 TO 09,73.0,New Generation,1978,51,375000.0,2014-05,ANG MO KIO,3 ROOM,NEW GENERATION,07 TO 09,2014-05-01,True,True,True,True,7,9,True,True,Duplicate record,,,,,
2014-05,ANG MO KIO,3 ROOM,302,ANG MO KIO AVE 3,07 TO 09,73.0,New Generation,1978,51,375000.0,2014-05,ANG MO KIO,3 ROOM,NEW GENERATION,07 TO 09,2014-05-01,True,True,True,True,7,9,True,True,Duplicate record,,,,,
2014-05,ANG MO KIO,3 ROOM,417,ANG MO KIO AVE 10,07 TO 09,74.0,New Generation,1979,52,368000.0,2014-05,ANG MO KIO,3 ROOM,NEW GENERATION,07 TO 09,2014-05-01,True,True,True,True,7,9,True,True,Duplicate record,,,,,
2014-05,ANG MO KIO,3 ROOM,417,ANG MO KIO AVE 10,07 TO 09,74.0,New Generation,1979,52,360000.0,2014-05,ANG MO KIO,3 ROOM,NEW GENERATION,07 TO 09,2014-05-01,True,True,True,True,7,9,True,True,Duplicate record,,,,,
2014-05,BUKIT MERAH,4 ROOM,75B,REDHILL RD,13 TO 15,100.0,Model A,2005,78,720000.0,2014-05,BUKIT MERAH,4 ROOM,MODEL A,13 TO 15,2014-05-01,True,True,True,True,13,15,True,True,Duplicate record,,,,,
2014-05,BUKIT PANJANG,4 ROOM,611,BT PANJANG RING RD,10 TO 12,90.0,Model A,2002,75,392000.0,2014-05,BUKIT PANJANG,4 ROOM,MODEL A,10 TO 12,2014-05-01,True,True,True,True,10,12,True,True,Duplicate record,,,,,
2014-05,CHOA CHU KANG,4 ROOM,402,CHOA CHU KANG AVE 3,04 TO 06,105.0,Model A,1993,66,385000.0,2014-05,CHOA CHU KANG,4 ROOM,MODEL A,04 TO 06,2014-05-01,True,True,True,True,4,6,True,True,Duplicate record,,,,,
2014-05,CHOA CHU KANG,4 ROOM,626,CHOA CHU KANG ST 62,07 TO 09,100.0,Model A,1997,70,410000.0,2014-05,CHOA CHU KANG,4 ROOM,MODEL A,07 TO 09,2014-05-01,True,True,True,True,7,9,True,True,Duplicate record,,,,,
2014-05,JURONG WEST,5 ROOM,987B,JURONG WEST ST 93,13 TO 15,110.0,Premium Apartment,2008,81,530000.0,2014-05,JURONG WEST,5 ROOM,PREMIUM APARTMENT,13 TO 15,2014-05-01,True,True,True,True,13,15,True,True,Duplicate record,,,,,
2014-05,KALLANG/WHAMPOA,3 ROOM,82,WHAMPOA DR,01 TO 03,66.0,Improved,1974,47,310000.0,2014-05,KALLANG/WHAMPOA,3 ROOM,IMPROVED,01 TO 03,2014-05-01,True,True,True,True,1,3,True,True,Duplicate record,,,,,
2014-05,SENGKANG,4 ROOM,235,COMPASSVALE WALK,04 TO 06,101.0,Model A,1999,72,448000.0,2014-05,SENGKANG,4 ROOM,MODEL A,04 TO 06,2014-05-01,True,True,True,True,4,6,True,True,Duplicate record,,,,,
2014-05,TAMPINES,3 ROOM,110,TAMPINES ST 11,07 TO 09,74.0,Model A,1984,57,370000.0,2014-05,TAMPINES,3 ROOM,MODEL A,07 TO 09,2014-05-01,True,True,True,True,7,9,True,True,Duplicate record,,,,,
2014-05,WOODLANDS,3 ROOM,2,MARSILING DR,07 TO 09,65.0,Improved,1974,47,275000.0,2014-05,WOODLANDS,3 ROOM,IMPROVED,07 TO 09,2014-05-01,True,True,True,True,7,9,True,True,Duplicate record,,,,,
2014-05,YISHUN,4 ROOM,227,YISHUN ST 21,04 TO 06,93.0,New Generation,1985,58,413000.0,2014-05,YISHUN,4 ROOM,NEW GENERATION,04 TO 06,2014-05-01,True,True,True,True,4,6,True,True,Duplicate record,,,,,
2014-06,JURONG EAST,4 ROOM,47,TEBAN GDNS RD,01 TO 03,98.0,New Generation,1985,58,360000.0,2014-06,JURONG EAST,4 ROOM,NEW GENERATION,01 TO 03,2014-06-01,True,True,True,True,1,3,True,True,Duplicate record,,,,,
2014-06,PASIR RIS,4 ROOM,461,PASIR RIS DR 4,04 TO 06,104.0,Model A,1992,65,428000.0,2014-06,PASIR RIS,4 ROOM,MODEL A,04 TO 06,2014-06-01,True,True,True,True,4,6,True,True,Duplicate record,,,,,
2014-06,PUNGGOL,5 ROOM,126D,EDGEDALE PLAINS,13 TO 15,110.0,Improved,2003,76,420000.0,2014-06,PUNGGOL,5 ROOM,IMPROVED,13 TO 15,2014-06-01,True,True,True,True,13,15,True,True,Duplicate record,,,,,
2014-06,SENGKANG,4 ROOM,270A,SENGKANG CTRL,13 TO 15,93.0,Premium Apartment,2010,83,530000.0,2014-06,SENGKANG,4 ROOM,PREMIUM APARTMENT,13 TO 15,2014-06-01,True,True,True,True,13,15,True,True,Duplicate record,,,,,
2014-06,TAMPINES,5 ROOM,515D,TAMPINES CTRL 7,10 TO 12,109.0,DBSS,2008,81,677777.0,2014-06,TAMPINES,5 ROOM,DBSS,10 TO 12,2014-06-01,True,True,True,True,10,12,True,True,Duplicate record,,,,,
2014-07,BEDOK,3 ROOM,27,NEW UPP CHANGI RD,01 TO 03,65.0,Improved,1982,55,306880.0,2014-07,BEDOK,3 ROOM,IMPROVED,01 TO 03,2014-07-01,True,True,True,True,1,3,True,True,Duplicate record,,,,,
2014-07,CHOA CHU KANG,4 ROOM,423,CHOA CHU KANG AVE 4,04 TO 06,104.0,Model A,1992,65,380000.0,2014-07,CHOA CHU KANG,4 ROOM,MODEL A,04 TO 06,2014-07-01,True,True,True,True,4,6,True,True,Duplicate record,,,,,
2014-09,BUKIT MERAH,3 ROOM,60,TELOK BLANGAH HTS,07 TO 09,67.0,New Generation,1976,49,370000.0,2014-09,BUKIT MERAH,3 ROOM,NEW GENERATION,07 TO 09,2014-09-01,True,True,True,True,7,9,True,True,Duplicate record,,,,,
2014-09,SENGKANG,4 ROOM,271A,SENGKANG CTRL,13 TO 15,93.0,Premium Apartment,2010,83,500000.0,2014-09,SENGKANG,4 ROOM,PREMIUM APARTMENT,13 TO 15,2014-09-01,True,True,True,True,13,15,True,True,Duplicate record,,,,,
2014-09,WOODLANDS,3 ROOM,23,MARSILING DR,04 TO 06,67.0,New Generation,1977,50,270000.0,2014-09,WOODLANDS,3 ROOM,NEW GENERATION,04 TO 06,2014-09-01,True,True,True,True,4,6,True,True,Duplicate record,,,,,
2014-11,YISHUN,3 ROOM,220,YISHUN ST 21,04 TO 06,67.0,New Generation,1985,58,298000.0,2014-11,YISHUN,3 ROOM,NEW GENERATION,04 TO 06,2014-11-01,True,True,True,True,4,6,True,True,Duplicate record,,,,,
2014-12,BUKIT PANJANG,5 ROOM,166,GANGSA RD,13 TO 15,121.0,Improved,1998,71,565000.0,2014-12,BUKIT PANJANG,5 ROOM,IMPROVED,13 TO 15,2014-12-01,True,True,True,True,13,15,True,True,Duplicate record,,,,,
2014-12,JURONG WEST,4 ROOM,645,JURONG WEST ST 61,04 TO 06,100.0,Model A,1998,71,407000.0,2014-12,JURONG WEST,4 ROOM,MODEL A,04 TO 06,2014-12-01,True,True,True,True,4,6,True,True,Duplicate record,,,,,
2015-01,YISHUN,3 ROOM,712,YISHUN AVE 5,10 TO 12,68.0,New Generation,1984,57,295000.0,2015-01,YISHUN,3 ROOM,NEW GENERATION,10 TO 12,2015-01-01,True,True,True,True,10,12,True,True,Duplicate record,,,,,
2015-03,PUNGGOL,4 ROOM,132,EDGEDALE PLAINS,13 TO 15,91.0,Premium Apartment,2003,76,363000.0,2015-03,PUNGGOL,4 ROOM,PREMIUM APARTMENT,13 TO 15,2015-03-01,True,True,True,True,13,15,True,True,Duplicate record,,,,,
2015-03,SENGKANG,4 ROOM,209C,COMPASSVALE LANE,10 TO 12,92.0,Model A,2011,84,433000.0,2015-03,SENGKANG,4 ROOM,MODEL A,10 TO 12,2015-03-01,True,True,True,True,10,12,True,True,Duplicate record,,,,,
2015-04,ANG MO KIO,3 ROOM,301,ANG MO KIO AVE 3,10 TO 12,88.0,New Generation,1978,51,445000.0,2015-04,ANG MO KIO,3 ROOM,NEW GENERATION,10 TO 12,2015-04-01,True,True,True,True,10,12,True,True,Duplicate record,,,,,
2015-04,JURONG WEST,5 ROOM,648A,JURONG WEST ST 61,04 TO 06,110.0,Improved,2001,74,442000.0,2015-04,JURONG WEST,5 ROOM,IMPROVED,04 TO 06,2015-04-01,True,True,True,True,4,6,True,True,Duplicate record,,,,,
2015-04,TOA PAYOH,3 ROOM,9,LOR 7 TOA PAYOH,07 TO 09,66.0,Improved,1970,43,275000.0,2015-04,TOA PAYOH,3 ROOM,IMPROVED,07 TO 09,2015-04-01,True,True,True,True,7,9,True,True,Duplicate record,,,,,
2015-05,JURONG WEST,3 ROOM,122,YUAN CHING RD,07 TO 09,61.0,Improved,1974,47,250000.0,2015-05,JURONG WEST,3 ROOM,IMPROVED,07 TO 09,2015-05-01,True,True,True,True,7,9,True,True,Duplicate record,,,,,
2015-05,JURONG WEST,3 ROOM,501,JURONG WEST ST 51,01 TO 03,74.0,Model A,1986,59,304000.0,2015-05,JURONG WEST,3 ROOM,MODEL A,01 TO 03,2015-05-01,True,True,True,True,1,3,True,True,Duplicate record,,,,,
2015-05,SENGKANG,4 ROOM,249,COMPASSVALE RD,04 TO 06,85.0,Model A2,2000,73,363000.0,2015-05,SENGKANG,4 ROOM,MODEL A2,04 TO 06,2015-05-01,True,True,True,True,4,6,True,True,Duplicate record,,,,,
2015-06,KALLANG/WHAMPOA,4 ROOM,107,TOWNER RD,13 TO 15,105.0,Model A,1983,56,610000.0,2015-06,KALLANG/WHAMPOA,4 ROOM,MODEL A,13 TO 15,2015-06-01,True,True,True,True,13,15,True,True,Duplicate record,,,,,
2015-08,BEDOK,4 ROOM,64,NEW UPP CHANGI RD,04 TO 06,92.0,New Generation,1978,51,410000.0,2015-08,BEDOK,4 ROOM,NEW GENERATION,04 TO 06,2015-08-01,True,True,True,True,4,6,True,True,Duplicate record,,,,,
2015-08,BUKIT BATOK,4 ROOM,336,BT BATOK ST 32,04 TO 06,84.0,Simplified,1986,59,336800.0,2015-08,BUKIT BATOK,4 ROOM,SIMPLIFIED,04 TO 06,2015-08-01,True,True,True,True,4,6,True,True,Duplicate record,,,,,
2015-08,WOODLANDS,4 ROOM,8,MARSILING DR,10 TO 12,88.0,Improved,1976,49,300000.0,2015-08,WOODLANDS,4 ROOM,IMPROVED,10 TO 12,2015-08-01,True,True,True,True,10,12,True,True,Duplicate record,,,,,
2015-09,SENGKANG,5 ROOM,318C,ANCHORVALE LINK,10 TO 12,110.0,Premium Apartment,2003,76,448000.0,2015-09,SENGKANG,5 ROOM,PREMIUM APARTMENT,10 TO 12,2015-09-01,True,True,True,True,10,12,True,True,Duplicate record,,,,,
2015-10,BEDOK,3 ROOM,509,BEDOK NTH ST 3,01 TO 03,67.0,New Generation,1979,52,282000.0,2015-10,BEDOK,3 ROOM,NEW GENERATION,01 TO 03,2015-10-01,True,True,True,True,1,3,True,True,Duplicate record,,,,,
2015-10,HOUGANG,4 ROOM,925,HOUGANG ST 91,07 TO 09,100.0,Model A,1998,71,392000.0,2015-10,HOUGANG,4 ROOM,MODEL A,07 TO 09,2015-10-01,True,True,True,True,7,9,True,True,Duplicate record,,,,,
2015-10,SENGKANG,4 ROOM,264F,COMPASSVALE BOW,13 TO 15,92.0,Premium Apartment,2008,81,495000.0,2015-10,SENGKANG,4 ROOM,PREMIUM APARTMENT,13 TO 15,2015-10-01,True,True,True,True,13,15,True,True,Duplicate record,,,,,
2015-10,TOA PAYOH,3 ROOM,158,LOR 1 TOA PAYOH,04 TO 06,65.0,Improved,1972,45,318000.0,2015-10,TOA PAYOH,3 ROOM,IMPROVED,04 TO 06,2015-10-01,True,True,True,True,4,6,True,True,Duplicate record,,,,,
2015-10,WOODLANDS,5 ROOM,690B,WOODLANDS DR 75,13 TO 15,110.0,Premium Apartment,2004,77,395000.0,2015-10,WOODLANDS,5 ROOM,PREMIUM APARTMENT,13 TO 15,2015-10-01,True,True,True,True,13,15,True,True,Duplicate record,,,,,
2015-11,BUKIT BATOK,4 ROOM,315,BT BATOK ST 32,07 TO 09,84.0,Simplified,1986,59,330000.0,2015-11,BUKIT BATOK,4 ROOM,SIMPLIFIED,07 TO 09,2015-11-01,True,True,True,True,7,9,True,True,Duplicate record,,,,,
2015-12,TOA PAYOH,3 ROOM,173,LOR 1 TOA PAYOH,07 TO 09,66.0,Improved,1972,45,302000.0,2015-12,TOA PAYOH,3 ROOM,IMPROVED,07 TO 09,2015-12-01,True,True,True,True,7,9,True,True,Duplicate record,,,,,
2016-01,TAMPINES,3 ROOM,467,TAMPINES ST 44,10 TO 12,74.0,Model A,1987,60,325000.0,2016-01,TAMPINES,3 ROOM,MODEL A,10 TO 12,2016-01-01,True,True,True,True,10,12,True,True,Duplicate record,,,,,
2016-01,TOA PAYOH,3 ROOM,26,TOA PAYOH EAST,04 TO 06,67.0,Improved,1971,44,298000.0,2016-01,TOA PAYOH,3 ROOM,IMPROVED,04 TO 06,2016-01-01,True,True,True,True,4,6,True,True,Duplicate record,,,,,
2016-01,WOODLANDS,5 ROOM,897B,WOODLANDS DR 50,04 TO 06,118.0,Improved,1997,70,389000.0,2016-01,WOODLANDS,5 ROOM,IMPROVED,04 TO 06,2016-01-01,True,True,True,True,4,6,True,True,Duplicate record,,,,,
2016-03,GEYLANG,2 ROOM,109,ALJUNIED CRES,10 TO 12,45.0,Improved,1986,59,239888.0,2016-03,GEYLANG,2 ROOM,IMPROVED,10 TO 12,2016-03-01,True,True,True,True,10,12,True,True,Duplicate record,,,,,
2016-03,GEYLANG,3 ROOM,9,HAIG RD,01 TO 03,59.0,Improved,1976,49,285000.0,2016-03,GEYLANG,3 ROOM,IMPROVED,01 TO 03,2016-03-01,True,True,True,True,1,3,True,True,Duplicate record,,,,,
2016-03,PUNGGOL,4 ROOM,301D,PUNGGOL PL,01 TO 03,93.0,Premium Apartment,2011,84,400000.0,2016-03,PUNGGOL,4 ROOM,PREMIUM APARTMENT,01 TO 03,2016-03-01,True,True,True,True,1,3,True,True,Duplicate record,,,,,
2016-04,KALLANG/WHAMPOA,3 ROOM,57,GEYLANG BAHRU,16 TO 18,65.0,Improved,1974,47,330000.0,2016-04,KALLANG/WHAMPOA,3 ROOM,IMPROVED,16 TO 18,2016-04-01,True,True,True,True,16,18,True,True,Duplicate record,,,,,
2016-04,TAMPINES,3 ROOM,830,TAMPINES ST 82,01 TO 03,70.0,Simplified,1986,59,315000.0,2016-04,TAMPINES,3 ROOM,SIMPLIFIED,01 TO 03,2016-04-01,True,True,True,True,1,3,True,True,Duplicate record,,,,,
2016-05,BUKIT MERAH,1 ROOM,7,TELOK BLANGAH CRES,07 TO 09,31.0,Improved,1975,48,215000.0,2016-05,BUKIT MERAH,1 ROOM,IMPROVED,07 TO 09,2016-05-01,True,True,True,True,7,9,True,True,Duplicate record,,,,,
2016-05,PUNGGOL,5 ROOM,203B,PUNGGOL FIELD,07 TO 09,110.0,Improved,2004,77,465000.0,2016-05,PUNGGOL,5 ROOM,IMPROVED,07 TO 09,2016-05-01,True,True,True,True,7,9,True,True,Duplicate record,,,,,
2016-06,CHOA CHU KANG,5 ROOM,672B,CHOA CHU KANG CRES,07 TO 09,124.0,Premium Apartment,2000,73,425000.0,2016-06,CHOA CHU KANG,5 ROOM,PREMIUM APARTMENT,07 TO 09,2016-06-01,True,True,True,True,7,9,True,True,Duplicate record,,,,,
2016-06,HOUGANG,3 ROOM,124,HOUGANG AVE 1,10 TO 12,67.0,New Generation,1981,54,300500.0,2016-06,HOUGANG,3 ROOM,NEW GENERATION,10 TO 12,2016-06-01,True,True,True,True,10,12,True,True,Duplicate record,,,,,
2016-06,JURONG WEST,5 ROOM,676B,JURONG WEST ST 64,01 TO 03,110.0,Premium Apartment,2008,81,400000.0,2016-06,JURONG WEST,5 ROOM,PREMIUM APARTMENT,01 TO 03,2016-06-01,True,True,True,True,1,3,True,True,Duplicate record,,,,,
2016-06,TAMPINES,4 ROOM,871,TAMPINES ST 84,04 TO 06,104.0,Model A,1988,61,398000.0,2016-06,TAMPINES,4 ROOM,MODEL A,04 TO 06,2016-06-01,True,True,True,True,4,6,True,True,Duplicate record,,,,,
2016-07,BUKIT MERAH,5 ROOM,14,TELOK BLANGAH CRES,10 TO 12,119.0,Improved,1999,72,673000.0,2016-07,BUKIT MERAH,5 ROOM,IMPROVED,10 TO 12,2016-07-01,True,True,True,True,10,12,True,True,Duplicate record,,,,,
2016-07,TOA PAYOH,4 ROOM,146,LOR 2 TOA PAYOH,31 TO 33,91.0,Model A,2006,79,735000.0,2016-07,TOA PAYOH,4 ROOM,MODEL A,31 TO 33,2016-07-01,True,True,True,True,31,33,True,True,Duplicate record,,,,,
2016-08,BEDOK,4 ROOM,220A,BEDOK CTRL,04 TO 06,97.0,Model A,2010,83,598000.0,2016-08,BEDOK,4 ROOM,MODEL A,04 TO 06,2016-08-01,True,True,True,True,4,6,True,True,Duplicate record,,,,,
2016-08,KALLANG/WHAMPOA,3 ROOM,57,GEYLANG BAHRU,16 TO 18,65.0,Improved,1974,47,320000.0,2016-08,KALLANG/WHAMPOA,3 ROOM,IMPROVED,16 TO 18,2016-08-01,True,True,True,True,16,18,True,True,Duplicate record,,,,,
2016-10,ANG MO KIO,2 ROOM,314,ANG MO KIO AVE 3,10 TO 12,44.0,Improved,1978,51,228000.0,2016-10,ANG MO KIO,2 ROOM,IMPROVED,10 TO 12,2016-10-01,True,True,True,True,10,12,True,True,Duplicate record,,,,,
2016-10,GEYLANG,3 ROOM,34,CIRCUIT RD,01 TO 03,60.0,Standard,1967,40,258000.0,2016-10,GEYLANG,3 ROOM,STANDARD,01 TO 03,2016-10-01,True,True,True,True,1,3,True,True,Duplicate record,,,,,
2016-11,BEDOK,3 ROOM,628,BEDOK RESERVOIR RD,01 TO 03,67.0,New Generation,1983,56,275000.0,2016-11,BEDOK,3 ROOM,NEW GENERATION,01 TO 03,2016-11-01,True,True,True,True,1,3,True,True,Duplicate record,,,,,
2016-11,WOODLANDS,4 ROOM,554,WOODLANDS DR 53,10 TO 12,90.0,Model A2,1999,72,328000.0,2016-11,WOODLANDS,4 ROOM,MODEL A2,10 TO 12,2016-11-01,True,True,True,True,10,12,True,True,Duplicate record,,,,,
2016-12,CHOA CHU KANG,5 ROOM,684A,CHOA CHU KANG CRES,04 TO 06,110.0,Improved,2002,75,400000.0,2016-12,CHOA CHU KANG,5 ROOM,IMPROVED,04 TO 06,2016-12-01,True,True,True,True,4,6,True,True,Duplicate record,,,,,
2012-01,BEDOK,3 ROOM,138,BEDOK NTH ST 2,10 TO 12,67.0,New Generation,1978,51,316000.0,2012-01,BEDOK,3 ROOM,NEW GENERATION,10 TO 12,2012-01-01,True,True,True,True,10,12,True,True,Duplicate record,,,,,
2012-02,BEDOK,3 ROOM,520,BEDOK NTH AVE 1,01 TO 03,67.0,New Generation,1979,52,327000.0,2012-02,BEDOK,3 ROOM,NEW GENERATION,01 TO 03,2012-02-01,True,True,True,True,1,3,True,True,Duplicate record,,,,,
2012-02,JURONG EAST,4 ROOM,48,TEBAN GDNS RD,04 TO 06,98.0,New Generation,1985,58,360000.0,2012-02,JURONG EAST,4 ROOM,NEW GENERATION,04 TO 06,2012-02-01,True,True,True,True,4,6,True,True,Duplicate record,,,,,
2012-02,QUEENSTOWN,3 ROOM,13,HOLLAND DR,07 TO 09,65.0,Improved,1975,48,428000.0,2012-02,QUEENSTOWN,3 ROOM,IMPROVED,07 TO 09,2012-02-01,True,True,True,True,7,9,True,True,Duplicate record,,,,,
2012-03,HOUGANG,3 ROOM,658,HOUGANG AVE 8,06 TO 10,74.0,Model A,1987,60,358000.0,2012-03,HOUGANG,3 ROOM,MODEL A,06 TO 10,2012-03-01,True,True,True,True,6,10,True,True,Duplicate record,,,,,
2012-03,KALLANG/WHAMPOA,3 ROOM,57,GEYLANG BAHRU,06 TO 10,65.0,Improved,1974,47,325000.0,2012-03,KALLANG/WHAMPOA,3 ROOM,IMPROVED,06 TO 10,2012-03-01,True,True,True,True,6,10,True,True,Duplicate record,,,,,
2012-03,TOA PAYOH,3 ROOM,195,KIM KEAT AVE,01 TO 05,66.0,Improved,1973,46,277000.0,2012-03,TOA PAYOH,3 ROOM,IMPROVED,01 TO 05,2012-03-01,True,True,True,True,1,5,True,True,Duplicate record,,,,,
2012-03,TOA PAYOH,3 ROOM,26,TOA PAYOH EAST,06 TO 10,67.0,Improved,1971,44,335000.0,2012-03,TOA PAYOH,3 ROOM,IMPROVED,06 TO 10,2012-03-01,True,True,True,True,6,10,True,True,Duplicate record,,,,,
2012-04,CLEMENTI,3 ROOM,309,CLEMENTI AVE 4,06 TO 10,67.0,New Generation,1980,53,380000.0,2012-04,CLEMENTI,3 ROOM,NEW GENERATION,06 TO 10,2012-04-01,True,True,True,True,6,10,True,True,Duplicate record,,,,,
2012-04,CLEMENTI,3 ROOM,309,CLEMENTI AVE 4,06 TO 10,67.0,New Generation,1980,53,366000.0,2012-04,CLEMENTI,3 ROOM,NEW GENERATION,06 TO 10,2012-04-01,True,True,True,True,6,10,True,True,Duplicate record,,,,,
2012-04,CLEMENTI,3 ROOM,701,WEST COAST RD,06 TO 10,67.0,New Generation,1980,53,320000.0,2012-04,CLEMENTI,3 ROOM,NEW GENERATION,06 TO 10,2012-04-01,True,True,True,True,6,10,True,True,Duplicate record,,,,,
2012-04,SENGKANG,5 ROOM,403C,FERNVALE LANE,01 TO 05,111.0,Premium Apartment,2004,77,480000.0,2012-04,SENGKANG,5 ROOM,PREMIUM APARTMENT,01 TO 05,2012-04-01,True,True,True,True,1,5,True,True,Duplicate record,,,,,
2012-05,BUKIT MERAH,3 ROOM,44,TELOK BLANGAH DR,01 TO 05,65.0,Improved,1976,49,335000.0,2012-05,BUKIT MERAH,3 ROOM,IMPROVED,01 TO 05,2012-05-01,True,True,True,True,1,5,True,True,Duplicate record,,,,,
2012-05,SENGKANG,EXECUTIVE,310B,ANCHORVALE RD,16 TO 20,126.0,Premium Apartment,2003,76,610000.0,2012-05,SENGKANG,EXECUTIVE,PREMIUM APARTMENT,16 TO 20,2012-05-01,True,True,True,True,16,20,True,True,Duplicate record,,,,,
2012-05,WOODLANDS,4 ROOM,217,MARSILING CRES,01 TO 05,104.0,Model A,1982,55,345000.0,2012-05,WOODLANDS,4 ROOM,MODEL A,01 TO 05,2012-05-01,True,True,True,True,1,5,True,True,Duplicate record,,,,,
2012-05,YISHUN,4 ROOM,346,YISHUN AVE 11,01 TO 05,103.0,Model A,1988,61,370000.0,2012-05,YISHUN,4 ROOM,MODEL A,01 TO 05,2012-05-01,True,True,True,True,1,5,True,True,Duplicate record,,,,,
2012-06,PUNGGOL,5 ROOM,105A,EDGEFIELD PLAINS,07 TO 09,110.0,Improved,2003,76,533000.0,2012-06,PUNGGOL,5 ROOM,IMPROVED,07 TO 09,2012-06-01,True,True,True,True,7,9,True,True,Duplicate record,,,,,
2012-06,PUNGGOL,5 ROOM,106D,PUNGGOL FIELD,07 TO 09,110.0,Improved,2003,76,524000.0,2012-06,PUNGGOL,5 ROOM,IMPROVED,07 TO 09,2012-06-01,True,True,True,True,7,9,True,True,Duplicate record,,,,,
2012-06,SERANGOON,3 ROOM,303,SERANGOON AVE 2,04 TO 06,60.0,Improved,1984,57,311000.0,2012-06,SERANGOON,3 ROOM,IMPROVED,04 TO 06,2012-06-01,True,True,True,True,4,6,True,True,Duplicate record,,,,,
2012-06,TAMPINES,4 ROOM,339,TAMPINES ST 33,01 TO 03,109.0,Model A,1995,68,415000.0,2012-06,TAMPINES,4 ROOM,MODEL A,01 TO 03,2012-06-01,True,True,True,True,1,3,True,True,Duplicate record,,,,,
2012-07,CLEMENTI,3 ROOM,702,WEST COAST RD,01 TO 03,67.0,New Generation,1980,53,320000.0,2012-07,CLEMENTI,3 ROOM,NEW GENERATION,01 TO 03,2012-07-01,True,True,True,True,1,3,True,True,Duplicate record,,,,,
2012-07,TAMPINES,3 ROOM,204,TAMPINES ST 21,01 TO 03,68.0,Improved,1983,56,350000.0,2012-07,TAMPINES,3 ROOM,IMPROVED,01 TO 03,2012-07-01,True,True,True,True,1,3,True,True,Duplicate record,,,,,
2012-08,JURONG EAST,3 ROOM,102,JURONG EAST ST 13,04 TO 06,68.0,New Generation,1982,55,356000.0,2012-08,JURONG EAST,3 ROOM,NEW GENERATION,04 TO 06,2012-08-01,True,True,True,True,4,6,True,True,Duplicate record,,,,,
2012-08,JURONG WEST,3 ROOM,210,BOON LAY PL,16 TO 18,65.0,Improved,1977,50,321000.0,2012-08,JURONG WEST,3 ROOM,IMPROVED,16 TO 18,2012-08-01,True,True,True,True,16,18,True,True,Duplicate record,,,,,
2012-08,JURONG WEST,5 ROOM,652A,JURONG WEST ST 61,01 TO 03,111.0,Improved,2002,75,495000.0,2012-08,JURONG WEST,5 ROOM,IMPROVED,01 TO 03,2012-08-01,True,True,True,True,1,3,True,True,Duplicate record,,,,,
2012-08,JURONG WEST,5 ROOM,653C,JURONG WEST ST 61,01 TO 03,111.0,Improved,2002,75,471000.0,2012-08,JURONG WEST,5 ROOM,IMPROVED,01 TO 03,2012-08-01,True,True,True,True,1,3,True,True,Duplicate record,,,,,
2012-08,WOODLANDS,4 ROOM,437,WOODLANDS ST 41,04 TO 06,84.0,Simplified,1996,69,340000.0,2012-08,WOODLANDS,4 ROOM,SIMPLIFIED,04 TO 06,2012-08-01,True,True,True,True,4,6,True,True,Duplicate record,,,,,
2012-09,ANG MO KIO,3 ROOM,172,ANG MO KIO AVE 4,04 TO 06,60.0,Improved,1986,59,298000.0,2012-09,ANG MO KIO,3 ROOM,IMPROVED,04 TO 06,2012-09-01,True,True,True,True,4,6,True,True,Duplicate record,,,,,
2012-09,BUKIT PANJANG,4 ROOM,526,JELAPANG RD,04 TO 06,102.0,Model A,1999,72,431000.0,2012-09,BUKIT PANJANG,4 ROOM,MODEL A,04 TO 06,2012-09-01,True,True,True,True,4,6,True,True,Duplicate record,,,,,
2012-10,BEDOK,3 ROOM,29,NEW UPP CHANGI RD,10 TO 12,65.0,Improved,1977,50,371000.0,2012-10,BEDOK,3 ROOM,IMPROVED,10 TO 12,2012-10-01,True,True,True,True,10,12,True,True,Duplicate record,,,,,
2012-10,BEDOK,3 ROOM,37,CHAI CHEE AVE,04 TO 06,66.0,Improved,1983,56,345000.0,2012-10,BEDOK,3 ROOM,IMPROVED,04 TO 06,2012-10-01,True,True,True,True,4,6,True,True,Duplicate record,,,,,
2012-10,BEDOK,3 ROOM,502,BEDOK NTH ST 3,07 TO 09,59.0,Improved,1978,51,317000.0,2012-10,BEDOK,3 ROOM,IMPROVED,07 TO 09,2012-10-01,True,True,True,True,7,9,True,True,Duplicate record,,,,,
2012-10,SENGKANG,5 ROOM,251,COMPASSVALE ST,04 TO 06,116.0,Improved,2000,73,502000.0,2012-10,SENGKANG,5 ROOM,IMPROVED,04 TO 06,2012-10-01,True,True,True,True,4,6,True,True,Duplicate record,,,,,
2012-10,YISHUN,3 ROOM,704,YISHUN AVE 5,01 TO 03,68.0,New Generation,1984,57,325000.0,2012-10,YISHUN,3 ROOM,NEW GENERATION,01 TO 03,2012-10-01,True,True,True,True,1,3,True,True,Duplicate record,,,,,
2012-11,BEDOK,3 ROOM,550,BEDOK NTH AVE 1,01 TO 03,68.0,New Generation,1980,53,325000.0,2012-11,BEDOK,3 ROOM,NEW GENERATION,01 TO 03,2012-11-01,True,True,True,True,1,3,True,True,Duplicate record,,,,,
2012-11,TOA PAYOH,3 ROOM,206,TOA PAYOH NTH,01 TO 03,59.0,Improved,1973,46,310000.0,2012-11,TOA PAYOH,3 ROOM,IMPROVED,01 TO 03,2012-11-01,True,True,True,True,1,3,True,True,Duplicate record,,,,,
2013-02,SENGKANG,4 ROOM,273D,COMPASSVALE LINK,04 TO 06,90.0,Premium Apartment,2009,82,580000.0,2013-02,SENGKANG,4 ROOM,PREMIUM APARTMENT,04 TO 06,2013-02-01,True,True,True,True,4,6,True,True,Duplicate record,,,,,
2013-03,HOUGANG,4 ROOM,922,HOUGANG ST 91,01 TO 03,101.0,Model A,1998,71,447000.0,2013-03,HOUGANG,4 ROOM,MODEL A,01 TO 03,2013-03-01,True,True,True,True,1,3,True,True,Duplicate record,,,,,
2013-04,BEDOK,3 ROOM,100,BEDOK NTH AVE 4,07 TO 09,67.0,New Generation,1978,51,347000.0,2013-04,BEDOK,3 ROOM,NEW GENERATION,07 TO 09,2013-04-01,True,True,True,True,7,9,True,True,Duplicate record,,,,,
2013-04,CLEMENTI,4 ROOM,611,CLEMENTI WEST ST 1,04 TO 06,103.0,Model A,1983,56,473000.0,2013-04,CLEMENTI,4 ROOM,MODEL A,04 TO 06,2013-04-01,True,True,True,True,4,6,True,True,Duplicate record,,,,,
2013-04,WOODLANDS,3 ROOM,17,MARSILING LANE,04 TO 06,65.0,Improved,1984,57,318000.0,2013-04,WOODLANDS,3 ROOM,IMPROVED,04 TO 06,2013-04-01,True,True,True,True,4,6,True,True,Duplicate record,,,,,
2013-05,JURONG WEST,4 ROOM,944,JURONG WEST ST 91,10 TO 12,103.0,Model A,1989,62,410000.0,2013-05,JURONG WEST,4 ROOM,MODEL A,10 TO 12,2013-05-01,True,True,True,True,10,12,True,True,Duplicate record,,,,,
2013-06,JURONG WEST,5 ROOM,184,YUNG SHENG RD,07 TO 09,116.0,Improved,2001,74,504000.0,2013-06,JURONG WEST,5 ROOM,IMPROVED,07 TO 09,2013-06-01,True,True,True,True,7,9,True,True,Duplicate record,,,,,
2013-06,QUEENSTOWN,4 ROOM,28C,DOVER CRES,22 TO 24,95.0,Model A,2012,85,715000.0,2013-06,QUEENSTOWN,4 ROOM,MODEL A,22 TO 24,2013-06-01,True,True,True,True,22,24,True,True,Duplicate record,,,,,
2013-06,SENGKANG,4 ROOM,272A,SENGKANG CTRL,07 TO 09,90.0,Premium Apartment,2009,82,578000.0,2013-06,SENGKANG,4 ROOM,PREMIUM APARTMENT,07 TO 09,2013-06-01,True,True,True,True,7,9,True,True,Duplicate record,,,,,
2013-07,BEDOK,3 ROOM,501,BEDOK NTH ST 3,10 TO 12,59.0,Improved,1978,51,315000.0,2013-07,BEDOK,3 ROOM,IMPROVED,10 TO 12,2013-07-01,True,True,True,True,10,12,True,True,Duplicate record,,,,,
2013-07,SENGKANG,4 ROOM,272C,SENGKANG CTRL,10 TO 12,90.0,Premium Apartment,2009,82,590000.0,2013-07,SENGKANG,4 ROOM,PREMIUM APARTMENT,10 TO 12,2013-07-01,True,True,True,True,10,12,True,True,Duplicate record,,,,,
2013-10,SENGKANG,4 ROOM,277C,COMPASSVALE LINK,07 TO 09,90.0,Premium Apartment,2009,82,577000.0,2013-10,SENGKANG,4 ROOM,PREMIUM APARTMENT,07 TO 09,2013-10-01,True,True,True,True,7,9,True,True,Duplicate record,,,,,
2013-11,QUEENSTOWN,3 ROOM,21,GHIM MOH RD,04 TO 06,65.0,Improved,1977,50,405000.0,2013-11,QUEENSTOWN,3 ROOM,IMPROVED,04 TO 06,2013-11-01,True,True,True,True,4,6,True,True,Duplicate record,,,,,
2013-11,WOODLANDS,4 ROOM,510,WOODLANDS DR 14,04 TO 06,107.0,Premium Apartment,1999,72,450000.0,2013-11,WOODLANDS,4 ROOM,PREMIUM APARTMENT,04 TO 06,2013-11-01,True,True,True,True,4,6,True,True,Duplicate record,,,,,
2013-12,SENGKANG,4 ROOM,436C,FERNVALE RD,04 TO 06,96.0,Model A,2010,83,468000.0,2013-12,SENGKANG,4 ROOM,MODEL A,04 TO 06,2013-12-01,True,True,True,True,4,6,True,True,Duplicate record,,,,,
2014-02,SENGKANG,4 ROOM,184C,RIVERVALE CRES,13 TO 15,85.0,Model A2,2003,76,405000.0,2014-02,SENGKANG,4 ROOM,MODEL A2,13 TO 15,2014-02-01,True,True,True,True,13,15,True,True,Duplicate record,,,,,
2014-02,SENGKANG,5 ROOM,305C,ANCHORVALE LINK,01 TO 03,110.0,Improved,2001,74,465000.0,2014-02,SENGKANG,5 ROOM,IMPROVED,01 TO 03,2014-02-01,True,True,True,True,1,3,True,True,Duplicate record,,,,,
2014-03,BUKIT PANJANG,3 ROOM,223,PENDING RD,07 TO 09,73.0,Model A,1988,61,328000.0,2014-03,BUKIT PANJANG,3 ROOM,MODEL A,07 TO 09,2014-03-01,True,True,True,True,7,9,True,True,Duplicate record,,,,,
2014-03,GEYLANG,4 ROOM,9,EUNOS CRES,01 TO 03,91.0,New Generation,1978,51,460000.0,2014-03,GEYLANG,4 ROOM,NEW GENERATION,01 TO 03,2014-03-01,True,True,True,True,1,3,True,True,Duplicate record,,,,,
2014-03,JURONG WEST,3 ROOM,208,BOON LAY PL,01 TO 03,65.0,Improved,1976,49,280000.0,2014-03,JURONG WEST,3 ROOM,IMPROVED,01 TO 03,2014-03-01,True,True,True,True,1,3,True,True,Duplicate record,,,,,
2014-04,CLEMENTI,3 ROOM,366,CLEMENTI AVE 2,16 TO 18,61.0,Model A,2003,76,425000.0,2014-04,CLEMENTI,3 ROOM,MODEL A,16 TO 18,2014-04-01,True,True,True,True,16,18,True,True,Duplicate record,,,,,
2014-04,JURONG WEST,3 ROOM,518,JURONG WEST ST 52,07 TO 09,74.0,Model A,1984,57,338000.0,2014-04,JURONG WEST,3 ROOM,MODEL A,07 TO 09,2014-04-01,True,True,True,True,7,9,True,True,Duplicate record,,,,,
2014-04,JURONG WEST,4 ROOM,417,JURONG WEST ST 42,04 TO 06,84.0,Simplified,1985,58,350000.0,2014-04,JURONG WEST,4 ROOM,SIMPLIFIED,04 TO 06,2014-04-01,True,True,True,True,4,6,True,True,Duplicate record,,,,,
2014-04,KALLANG/WHAMPOA,3 ROOM,463,CRAWFORD LANE,19 TO 21,60.0,Improved,1982,55,425000.0,2014-04,KALLANG/WHAMPOA,3 ROOM,IMPROVED,19 TO 21,2014-04-01,True,True,True,True,19,21,True,True,Duplicate record,,,,,
2014-04,WOODLANDS,5 ROOM,686B,WOODLANDS DR 73,13 TO 15,113.0,Premium Apartment,2003,76,470888.0,2014-04,WOODLANDS,5 ROOM,PREMIUM APARTMENT,13 TO 15,2014-04-01,True,True,True,True,13,15,True,True,Duplicate record,,,,,
2014-04,WOODLANDS,EXECUTIVE,636,WOODLANDS RING RD,10 TO 12,141.0,Apartment,1999,72,602000.0,2014-04,WOODLANDS,EXECUTIVE,APARTMENT,10 TO 12,2014-04-01,True,True,True,True,10,12,True,True,Duplicate record,,,,,
2014-05,ANG MO KIO,3 ROOM,126,ANG MO KIO AVE 3,04 TO 06,82.0,New Generation,1978,51,401888.0,2014-05,ANG MO KIO,3 ROOM,NEW GENERATION,04 TO 06,2014-05-01,True,True,True,True,4,6,True,True,Duplicate record,,,,,
2014-05,ANG MO KIO,3 ROOM,608,ANG MO KIO AVE 5,01 TO 03,81.0,New Generation,1980,53,380000.0,2014-05,ANG MO KIO,3 ROOM,NEW GENERATION,01 TO 03,2014-05-01,True,True,True,True,1,3,True,True,Duplicate record,,,,,
2014-05,BUKIT BATOK,3 ROOM,131,BT BATOK WEST AVE 6,04 TO 06,73.0,Model A,1984,57,335000.0,2014-05,BUKIT BATOK,3 ROOM,MODEL A,04 TO 06,2014-05-01,True,True,True,True,4,6,True,True,Duplicate record,,,,,
2014-05,BUKIT MERAH,2 ROOM,24,BEO CRES,07 TO 09,48.0,Standard,1971,44,315000.0,2014-05,BUKIT MERAH,2 ROOM,STANDARD,07 TO 09,2014-05-01,True,True,True,True,7,9,True,True,Duplicate record,,,,,
2014-05,BUKIT PANJANG,4 ROOM,125,PENDING RD,04 TO 06,103.0,Model A,1987,60,375000.0,2014-05,BUKIT PANJANG,4 ROOM,MODEL A,04 TO 06,2014-05-01,True,True,True,True,4,6,True,True,Duplicate record,,,,,
2014-05,BUKIT PANJANG,4 ROOM,125,PENDING RD,04 TO 06,103.0,Model A,1987,60,375000.0,2014-05,BUKIT PANJANG,4 ROOM,MODEL A,04 TO 06,2014-05-01,True,True,True,True,4,6,True,True,Duplicate record,,,,,
2014-05,JURONG WEST,3 ROOM,456,JURONG WEST ST 41,04 TO 06,67.0,New Generation,1985,58,330000.0,2014-05,JURONG WEST,3 ROOM,NEW GENERATION,04 TO 06,2014-05-01,True,True,True,True,4,6,True,True,Duplicate record,,,,,
2014-05,QUEENSTOWN,3 ROOM,2,GHIM MOH RD,04 TO 06,65.0,Improved,1976,49,395000.0,2014-05,QUEENSTOWN,3 ROOM,IMPROVED,04 TO 06,2014-05-01,True,True,True,True,4,6,True,True,Duplicate record,,,,,
2014-05,SENGKANG,4 ROOM,303B,ANCHORVALE LINK,07 TO 09,85.0,Model A2,2001,74,391600.0,2014-05,SENGKANG,4 ROOM,MODEL A2,07 TO 09,2014-05-01,True,True,True,True,7,9,True,True,Duplicate record,,,,,
2014-05,TAMPINES,5 ROOM,859,TAMPINES AVE 5,07 TO 09,127.0,Improved,1988,61,578000.0,2014-05,TAMPINES,5 ROOM,IMPROVED,07 TO 09,2014-05-01,True,True,True,True,7,9,True,True,Duplicate record,,,,,
2014-05,YISHUN,5 ROOM,314,YISHUN RING RD,07 TO 09,136.0,Model A,1995,68,470000.0,2014-05,YISHUN,5 ROOM,MODEL A,07 TO 09,2014-05-01,True,True,True,True,7,9,True,True,Duplicate record,,,,,
2014-06,ANG MO KIO,3 ROOM,474,ANG MO KIO AVE 10,10 TO 12,81.0,New Generation,1984,57,370000.0,2014-06,ANG MO KIO,3 ROOM,NEW GENERATION,10 TO 12,2014-06-01,True,True,True,True,10,12,True,True,Duplicate record,,,,,
2014-06,BEDOK,3 ROOM,526,BEDOK NTH ST 3,07 TO 09,67.0,New Generation,1979,52,325000.0,2014-06,BEDOK,3 ROOM,NEW GENERATION,07 TO 09,2014-06-01,True,True,True,True,7,9,True,True,Duplicate record,,,,,
2014-06,JURONG WEST,5 ROOM,443,JURONG WEST AVE 1,07 TO 09,133.0,Model A,1985,58,470000.0,2014-06,JURONG WEST,5 ROOM,MODEL A,07 TO 09,2014-06-01,True,True,True,True,7,9,True,True,Duplicate record,,,,,
2014-06,JURONG WEST,5 ROOM,443,JURONG WEST AVE 1,07 TO 09,133.0,Model A,1985,58,460000.0,2014-06,JURONG WEST,5 ROOM,MODEL A,07 TO 09,2014-06-01,True,True,True,True,7,9,True,True,Duplicate record,,,,,
2014-07,BUKIT MERAH,5 ROOM,84,TELOK BLANGAH HTS,19 TO 21,118.0,Improved,1997,70,788000.0,2014-07,BUKIT MERAH,5 ROOM,IMPROVED,19 TO 21,2014-07-01,True,True,True,True,19,21,True,True,Duplicate record,,,,,
2014-07,BUKIT PANJANG,4 ROOM,442,FAJAR RD,04 TO 06,100.0,Model A,1997,70,350000.0,2014-07,BUKIT PANJANG,4 ROOM,MODEL A,04 TO 06,2014-07-01,True,True,True,True,4,6,True,True,Duplicate record,,,,,
2014-07,PUNGGOL,4 ROOM,195A,PUNGGOL RD,01 TO 03,90.0,Premium Apartment,2007,80,400000.0,2014-07,PUNGGOL,4 ROOM,PREMIUM APARTMENT,01 TO 03,2014-07-01,True,True,True,True,1,3,True,True,Duplicate record,,,,,
2014-08,GEYLANG,3 ROOM,1,HAIG RD,07 TO 09,59.0,Improved,1982,55,317000.0,2014-08,GEYLANG,3 ROOM,IMPROVED,07 TO 09,2014-08-01,True,True,True,True,7,9,True,True,Duplicate record,,,,,
2014-09,CLEMENTI,3 ROOM,715,CLEMENTI WEST ST 2,04 TO 06,68.0,New Generation,1981,54,316888.0,2014-09,CLEMENTI,3 ROOM,NEW GENERATION,04 TO 06,2014-09-01,True,True,True,True,4,6,True,True,Duplicate record,,,,,
2014-09,JURONG EAST,3 ROOM,211,JURONG EAST ST 21,01 TO 03,67.0,New Generation,1983,56,319000.0,2014-09,JURONG EAST,3 ROOM,NEW GENERATION,01 TO 03,2014-09-01,True,True,True,True,1,3,True,True,Duplicate record,,,,,
2014-09,SENGKANG,5 ROOM,121D,SENGKANG EAST WAY,10 TO 12,110.0,Improved,2000,73,473000.0,2014-09,SENGKANG,5 ROOM,IMPROVED,10 TO 12,2014-09-01,True,True,True,True,10,12,True,True,Duplicate record,,,,,
2014-10,BUKIT MERAH,4 ROOM,114,BT PURMEI RD,10 TO 12,106.0,Model A,1985,58,580000.0,2014-10,BUKIT MERAH,4 ROOM,MODEL A,10 TO 12,2014-10-01,True,True,True,True,10,12,True,True,Duplicate record,,,,,
2014-12,CLEMENTI,4 ROOM,410,C'WEALTH AVE WEST,01 TO 03,97.0,New Generation,1978,51,515000.0,2014-12,CLEMENTI,4 ROOM,NEW GENERATION,01 TO 03,2014-12-01,True,True,True,True,1,3,True,True,Duplicate record,,,,,
2014-12,CLEMENTI,4 ROOM,410,C'WEALTH AVE WEST,01 TO 03,97.0,New Generation,1978,51,482000.0,2014-12,CLEMENTI,4 ROOM,NEW GENERATION,01 TO 03,2014-12-01,True,True,True,True,1,3,True,True,Duplicate record,,,,,
2014-12,HOUGANG,4 ROOM,984C,BUANGKOK LINK,07 TO 09,90.0,Model A,2004,77,395000.0,2014-12,HOUGANG,4 ROOM,MODEL A,07 TO 09,2014-12-01,True,True,True,True,7,9,True,True,Duplicate record,,,,,
2015-01,QUEENSTOWN,4 ROOM,168A,QUEENSWAY,19 TO 21,84.0,Improved,1974,47,463000.0,2015-01,QUEENSTOWN,4 ROOM,IMPROVED,19 TO 21,2015-01-01,True,True,True,True,19,21,True,True,Duplicate record,,,,,
2015-01,WOODLANDS,4 ROOM,577,WOODLANDS DR 16,01 TO 03,91.0,Model A,2000,73,340000.0,2015-01,WOODLANDS,4 ROOM,MODEL A,01 TO 03,2015-01-01,True,True,True,True,1,3,True,True,Duplicate record,,,,,
2015-02,JURONG WEST,3 ROOM,120,HO CHING RD,04 TO 06,67.0,Improved,1972,45,271000.0,2015-02,JURONG WEST,3 ROOM,IMPROVED,04 TO 06,2015-02-01,True,True,True,True,4,6,True,True,Duplicate record,,,,,
2015-03,GEYLANG,4 ROOM,122,GEYLANG EAST CTRL,07 TO 09,91.0,New Generation,1982,55,465000.0,2015-03,GEYLANG,4 ROOM,NEW GENERATION,07 TO 09,2015-03-01,True,True,True,True,7,9,True,True,Duplicate record,,,,,
2015-03,JURONG WEST,5 ROOM,653A,JURONG WEST ST 61,10 TO 12,110.0,Improved,2002,75,446000.0,2015-03,JURONG WEST,5 ROOM,IMPROVED,10 TO 12,2015-03-01,True,True,True,True,10,12,True,True,Duplicate record,,,,,
2015-04,BUKIT MERAH,3 ROOM,22,HAVELOCK RD,04 TO 06,64.0,Standard,1969,42,376000.0,2015-04,BUKIT MERAH,3 ROOM,STANDARD,04 TO 06,2015-04-01,True,True,True,True,4,6,True,True,Duplicate record,,,,,
2015-05,CLEMENTI,4 ROOM,358,CLEMENTI AVE 2,07 TO 09,92.0,New Generation,1978,51,540000.0,2015-05,CLEMENTI,4 ROOM,NEW GENERATION,07 TO 09,2015-05-01,True,True,True,True,7,9,True,True,Duplicate record,,,,,
2015-05,PASIR RIS,EXECUTIVE,129,PASIR RIS ST 11,04 TO 06,146.0,Maisonette,1988,61,575000.0,2015-05,PASIR RIS,EXECUTIVE,MAISONETTE,04 TO 06,2015-05-01,True,True,True,True,4,6,True,True,Duplicate record,,,,,
2015-06,BEDOK,3 ROOM,410,BEDOK NTH AVE 2,04 TO 06,68.0,New Generation,1980,53,340000.0,2015-06,BEDOK,3 ROOM,NEW GENERATION,04 TO 06,2015-06-01,True,True,True,True,4,6,True,True,Duplicate record,,,,,
2015-06,JURONG WEST,4 ROOM,466,JURONG WEST ST 41,04 TO 06,91.0,New Generation,1985,58,368000.0,2015-06,JURONG WEST,4 ROOM,NEW GENERATION,04 TO 06,2015-06-01,True,True,True,True,4,6,True,True,Duplicate record,,,,,
2015-06,JURONG WEST,5 ROOM,659C,JURONG WEST ST 65,07 TO 09,110.0,Improved,2001,74,458000.0,2015-06,JURONG WEST,5 ROOM,IMPROVED,07 TO 09,2015-06-01,True,True,True,True,7,9,True,True,Duplicate record,,,,,
2015-06,WOODLANDS,3 ROOM,23,MARSILING DR,01 TO 03,67.0,New Generation,1977,50,255000.0,2015-06,WOODLANDS,3 ROOM,NEW GENERATION,01 TO 03,2015-06-01,True,True,True,True,1,3,True,True,Duplicate record,,,,,
2015-06,YISHUN,3 ROOM,210,YISHUN ST 21,07 TO 09,67.0,New Generation,1985,58,305000.0,2015-06,YISHUN,3 ROOM,NEW GENERATION,07 TO 09,2015-06-01,True,True,True,True,7,9,True,True,Duplicate record,,,,,
2015-08,ANG MO KIO,3 ROOM,473,ANG MO KIO AVE 10,07 TO 09,67.0,New Generation,1984,57,308000.0,2015-08,ANG MO KIO,3 ROOM,NEW GENERATION,07 TO 09,2015-08-01,True,True,True,True,7,9,True,True,Duplicate record,,,,,
2015-08,CLEMENTI,3 ROOM,429,CLEMENTI AVE 3,10 TO 12,67.0,New Generation,1978,51,378888.0,2015-08,CLEMENTI,3 ROOM,NEW GENERATION,10 TO 12,2015-08-01,True,True,True,True,10,12,True,True,Duplicate record,,,,,
2015-08,KALLANG/WHAMPOA,3 ROOM,44,BENDEMEER RD,10 TO 12,63.0,Standard,1981,54,295000.0,2015-08,KALLANG/WHAMPOA,3 ROOM,STANDARD,10 TO 12,2015-08-01,True,True,True,True,10,12,True,True,Duplicate record,,,,,
2015-09,JURONG WEST,5 ROOM,678C,JURONG WEST ST 64,07 TO 09,110.0,Premium Apartment,2008,81,470000.0,2015-09,JURONG WEST,5 ROOM,PREMIUM APARTMENT,07 TO 09,2015-09-01,True,True,True,True,7,9,True,True,Duplicate record,,,,,
2015-09,SERANGOON,3 ROOM,147,SERANGOON NTH AVE 1,07 TO 09,64.0,Simplified,1988,61,280000.0,2015-09,SERANGOON,3 ROOM,SIMPLIFIED,07 TO 09,2015-09-01,True,True,True,True,7,9,True,True,Duplicate record,,,,,
2015-10,BUKIT BATOK,3 ROOM,363,BT BATOK ST 31,01 TO 03,68.0,New Generation,1987,60,273000.0,2015-10,BUKIT BATOK,3 ROOM,NEW GENERATION,01 TO 03,2015-10-01,True,True,True,True,1,3,True,True,Duplicate record,,,,,
2015-10,BUKIT MERAH,3 ROOM,41,KIM CHENG ST,01 TO 03,88.0,Standard,1973,46,643000.0,2015-10,BUKIT MERAH,3 ROOM,STANDARD,01 TO 03,2015-10-01,True,True,True,True,1,3,True,True,Duplicate record,,,,,
2015-10,TAMPINES,EXECUTIVE,111,SIMEI ST 1,01 TO 03,146.0,Maisonette,1987,60,678000.0,2015-10,TAMPINES,EXECUTIVE,MAISONETTE,01 TO 03,2015-10-01,True,True,True,True,1,3,True,True,Duplicate record,,,,,
2015-11,TAMPINES,5 ROOM,723,TAMPINES ST 72,04 TO 06,120.0,Improved,1997,70,520000.0,2015-11,TAMPINES,5 ROOM,IMPROVED,04 TO 06,2015-11-01,True,True,True,True,4,6,True,True,Duplicate record,,,,,
2015-12,KALLANG/WHAMPOA,5 ROOM,17,JLN TENTERAM,16 TO 18,105.0,Improved,2001,74,594000.0,2015-12,KALLANG/WHAMPOA,5 ROOM,IMPROVED,16 TO 18,2015-12-01,True,True,True,True,16,18,True,True,Duplicate record,,,,,
2016-02,JURONG EAST,3 ROOM,232,JURONG EAST ST 21,04 TO 06,67.0,New Generation,1982,55,285000.0,2016-02,JURONG EAST,3 ROOM,NEW GENERATION,04 TO 06,2016-02-01,True,True,True,True,4,6,True,True,Duplicate record,,,,,
2016-03,BEDOK,3 ROOM,21,CHAI CHEE RD,10 TO 12,65.0,Improved,1972,45,262000.0,2016-03,BEDOK,3 ROOM,IMPROVED,10 TO 12,2016-03-01,True,True,True,True,10,12,True,True,Duplicate record,,,,,
2016-03,PASIR RIS,EXECUTIVE,271,PASIR RIS ST 21,01 TO 03,146.0,Apartment,1994,67,522000.0,2016-03,PASIR RIS,EXECUTIVE,APARTMENT,01 TO 03,2016-03-01,True,True,True,True,1,3,True,True,Duplicate record,,,,,
2016-04,JURONG WEST,4 ROOM,641,JURONG WEST ST 61,10 TO 12,100.0,Model A,1998,71,418000.0,2016-04,JURONG WEST,4 ROOM,MODEL A,10 TO 12,2016-04-01,True,True,True,True,10,12,True,True,Duplicate record,,,,,
2016-04,SENGKANG,5 ROOM,313A,ANCHORVALE RD,13 TO 15,110.0,Premium Apartment,2003,76,438000.0,2016-04,SENGKANG,5 ROOM,PREMIUM APARTMENT,13 TO 15,2016-04-01,True,True,True,True,13,15,True,True,Duplicate record,,,,,
2016-04,YISHUN,4 ROOM,410,YISHUN RING RD,04 TO 06,104.0,Model A,1988,61,370000.0,2016-04,YISHUN,4 ROOM,MODEL A,04 TO 06,2016-04-01,True,True,True,True,4,6,True,True,Duplicate record,,,,,
2016-05,GEYLANG,3 ROOM,93,PAYA LEBAR WAY,01 TO 03,58.0,Improved,1972,45,250000.0,2016-05,GEYLANG,3 ROOM,IMPROVED,01 TO 03,2016-05-01,True,True,True,True,1,3,True,True,Duplicate record,,,,,
2016-06,JURONG EAST,3 ROOM,210,JURONG EAST ST 21,07 TO 09,67.0,New Generation,1983,56,303000.0,2016-06,JURONG EAST,3 ROOM,NEW GENERATION,07 TO 09,2016-06-01,True,True,True,True,7,9,True,True,Duplicate record,,,,,
2016-06,PUNGGOL,4 ROOM,615B,EDGEFIELD PLAINS,01 TO 03,92.0,Model A,2012,85,420000.0,2016-06,PUNGGOL,4 ROOM,MODEL A,01 TO 03,2016-06-01,True,True,True,True,1,3,True,True,Duplicate record,,,,,
2016-06,PUNGGOL,4 ROOM,647,PUNGGOL CTRL,07 TO 09,90.0,Premium Apartment,2005,78,395000.0,2016-06,PUNGGOL,4 ROOM,PREMIUM APARTMENT,07 TO 09,2016-06-01,True,True,True,True,7,9,True,True,Duplicate record,,,,,
2016-07,ANG MO KIO,3 ROOM,534,ANG MO KIO AVE 10,04 TO 06,68.0,New Generation,1980,53,295000.0,2016-07,ANG MO KIO,3 ROOM,NEW GENERATION,04 TO 06,2016-07-01,True,True,True,True,4,6,True,True,Duplicate record,,,,,
2016-07,CENTRAL AREA,3 ROOM,533,UPP CROSS ST,13 TO 15,60.0,Improved,1980,53,485000.0,2016-07,CENTRAL AREA,3 ROOM,IMPROVED,13 TO 15,2016-07-01,True,True,True,True,13,15,True,True,Duplicate record,,,,,
2016-08,WOODLANDS,3 ROOM,149,WOODLANDS ST 13,04 TO 06,68.0,New Generation,1985,58,260000.0,2016-08,WOODLANDS,3 ROOM,NEW GENERATION,04 TO 06,2016-08-01,True,True,True,True,4,6,True,True,Duplicate record,,,,,
2016-09,ANG MO KIO,3 ROOM,310C,ANG MO KIO AVE 1,28 TO 30,70.0,Model A,2012,85,505000.0,2016-09,ANG MO KIO,3 ROOM,MODEL A,28 TO 30,2016-09-01,True,True,True,True,28,30,True,True,Duplicate record,,,,,
2016-09,ANG MO KIO,3 ROOM,635,ANG MO KIO AVE 6,10 TO 12,68.0,New Generation,1980,53,315000.0,2016-09,ANG MO KIO,3 ROOM,NEW GENERATION,10 TO 12,2016-09-01,True,True,True,True,10,12,True,True,Duplicate record,,,,,
2016-09,QUEENSTOWN,3 ROOM,169,STIRLING RD,10 TO 12,60.0,Improved,1970,43,285600.0,2016-09,QUEENSTOWN,3 ROOM,IMPROVED,10 TO 12,2016-09-01,True,True,True,True,10,12,True,True,Duplicate record,,,,,
2016-10,ANG MO KIO,3 ROOM,476,ANG MO KIO AVE 10,10 TO 12,67.0,New Generation,1979,52,280000.0,2016-10,ANG MO KIO,3 ROOM,NEW GENERATION,10 TO 12,2016-10-01,True,True,True,True,10,12,True,True,Duplicate record,,,,,
2016-10,TOA PAYOH,2 ROOM,120,LOR 2 TOA PAYOH,04 TO 06,40.0,Standard,1968,41,253000.0,2016-10,TOA PAYOH,2 ROOM,STANDARD,04 TO 06,2016-10-01,True,True,True,True,4,6,True,True,Duplicate record,,,,,
2016-11,BEDOK,3 ROOM,3,BEDOK STH AVE 1,04 TO 06,59.0,Improved,1976,49,268000.0,2016-11,BEDOK,3 ROOM,IMPROVED,04 TO 06,2016-11-01,True,True,True,True,4,6,True,True,Duplicate record,,,,,
2016-11,TAMPINES,3 ROOM,818,TAMPINES ST 81,10 TO 12,73.0,Model A,1984,57,340000.0,2016-11,TAMPINES,3 ROOM,MODEL A,10 TO 12,2016-11-01,True,True,True,True,10,12,True,True,Duplicate record,,,,,
2012-01,JURONG WEST,4 ROOM,483,JURONG WEST ST 41,01 TO 03,91.0,New Generation,1985,58,365000.0,2012-01,JURONG WEST,4 ROOM,NEW GENERATION,01 TO 03,2012-01-01,True,True,True,True,1,3,True,True,Duplicate record,,,,,
2012-02,YISHUN,3 ROOM,108,YISHUN RING RD,01 TO 03,67.0,New Generation,1985,58,305000.0,2012-02,YISHUN,3 ROOM,NEW GENERATION,01 TO 03,2012-02-01,True,True,True,True,1,3,True,True,Duplicate record,,,,,
2012-03,BUKIT MERAH,2 ROOM,76,TELOK BLANGAH DR,11 TO 15,44.0,Improved,1978,51,292000.0,2012-03,BUKIT MERAH,2 ROOM,IMPROVED,11 TO 15,2012-03-01,True,True,True,True,11,15,True,True,Duplicate record,,,,,
2012-03,CHOA CHU KANG,4 ROOM,485A,CHOA CHU KANG AVE 5,06 TO 10,101.0,Model A,1999,72,403000.0,2012-03,CHOA CHU KANG,4 ROOM,MODEL A,06 TO 10,2012-03-01,True,True,True,True,6,10,True,True,Duplicate record,,,,,
2012-03,QUEENSTOWN,3 ROOM,12,HOLLAND AVE,16 TO 20,65.0,Improved,1975,48,460000.0,2012-03,QUEENSTOWN,3 ROOM,IMPROVED,16 TO 20,2012-03-01,True,True,True,True,16,20,True,True,Duplicate record,,,,,
2012-03,WOODLANDS,3 ROOM,23,MARSILING DR,11 TO 15,67.0,New Generation,1977,50,295000.0,2012-03,WOODLANDS,3 ROOM,NEW GENERATION,11 TO 15,2012-03-01,True,True,True,True,11,15,True,True,Duplicate record,,,,,
2012-04,PUNGGOL,5 ROOM,130,EDGEDALE PLAINS,06 TO 10,111.0,Premium Apartment,2003,76,513000.0,2012-04,PUNGGOL,5 ROOM,PREMIUM APARTMENT,06 TO 10,2012-04-01,True,True,True,True,6,10,True,True,Duplicate record,,,,,
2012-04,QUEENSTOWN,3 ROOM,9,HOLLAND AVE,06 TO 10,65.0,Improved,1974,47,417000.0,2012-04,QUEENSTOWN,3 ROOM,IMPROVED,06 TO 10,2012-04-01,True,True,True,True,6,10,True,True,Duplicate record,,,,,
2012-04,SENGKANG,4 ROOM,264F,COMPASSVALE BOW,11 TO 15,92.0,Premium Apartment,2008,81,565000.0,2012-04,SENGKANG,4 ROOM,PREMIUM APARTMENT,11 TO 15,2012-04-01,True,True,True,True,11,15,True,True,Duplicate record,,,,,
2012-04,TOA PAYOH,3 ROOM,207,TOA PAYOH NTH,06 TO 10,65.0,Improved,1973,46,355000.0,2012-04,TOA PAYOH,3 ROOM,IMPROVED,06 TO 10,2012-04-01,True,True,True,True,6,10,True,True,Duplicate record,,,,,
2012-05,BUKIT MERAH,3 ROOM,7,EVERTON PK,01 TO 05,82.0,New Generation,1980,53,457000.0,2012-05,BUKIT MERAH,3 ROOM,NEW GENERATION,01 TO 05,2012-05-01,True,True,True,True,1,5,True,True,Duplicate record,,,,,
2012-05,GEYLANG,3 ROOM,43,CIRCUIT RD,01 TO 05,52.0,Standard,1971,44,260000.0,2012-05,GEYLANG,3 ROOM,STANDARD,01 TO 05,2012-05-01,True,True,True,True,1,5,True,True,Duplicate record,,,,,
2012-05,HOUGANG,4 ROOM,220,HOUGANG ST 21,11 TO 15,104.0,Model A,1992,65,550000.0,2012-05,HOUGANG,4 ROOM,MODEL A,11 TO 15,2012-05-01,True,True,True,True,11,15,True,True,Duplicate record,,,,,
2012-05,JURONG WEST,4 ROOM,914,JURONG WEST ST 91,01 TO 05,103.0,Model A,1988,61,389500.0,2012-05,JURONG WEST,4 ROOM,MODEL A,01 TO 05,2012-05-01,True,True,True,True,1,5,True,True,Duplicate record,,,,,
2012-05,WOODLANDS,3 ROOM,22,MARSILING DR,06 TO 10,67.0,New Generation,1977,50,292000.0,2012-05,WOODLANDS,3 ROOM,NEW GENERATION,06 TO 10,2012-05-01,True,True,True,True,6,10,True,True,Duplicate record,,,,,
2012-05,YISHUN,4 ROOM,755,YISHUN ST 72,01 TO 05,84.0,Simplified,1986,59,385000.0,2012-05,YISHUN,4 ROOM,SIMPLIFIED,01 TO 05,2012-05-01,True,True,True,True,1,5,True,True,Duplicate record,,,,,
2012-06,CHOA CHU KANG,3 ROOM,1,TECK WHYE AVE,10 TO 12,74.0,Model A,1984,57,326000.0,2012-06,CHOA CHU KANG,3 ROOM,MODEL A,10 TO 12,2012-06-01,True,True,True,True,10,12,True,True,Duplicate record,,,,,
2012-06,KALLANG/WHAMPOA,3 ROOM,3,ST. GEORGE'S RD,07 TO 09,59.0,Improved,1976,49,317000.0,2012-06,KALLANG/WHAMPOA,3 ROOM,IMPROVED,07 TO 09,2012-06-01,True,True,True,True,7,9,True,True,Duplicate record,,,,,
2012-07,BEDOK,3 ROOM,102,BEDOK NTH AVE 4,04 TO 06,67.0,New Generation,1977,50,321000.0,2012-07,BEDOK,3 ROOM,NEW GENERATION,04 TO 06,2012-07-01,True,True,True,True,4,6,True,True,Duplicate record,,,,,
2012-07,BEDOK,3 ROOM,39,BEDOK STH RD,13 TO 15,67.0,New Generation,1978,51,363500.0,2012-07,BEDOK,3 ROOM,NEW GENERATION,13 TO 15,2012-07-01,True,True,True,True,13,15,True,True,Duplicate record,,,,,
2012-07,KALLANG/WHAMPOA,3 ROOM,64,KALLANG BAHRU,07 TO 09,65.0,Improved,1974,47,343000.0,2012-07,KALLANG/WHAMPOA,3 ROOM,IMPROVED,07 TO 09,2012-07-01,True,True,True,True,7,9,True,True,Duplicate record,,,,,
2012-07,SENGKANG,5 ROOM,290B,COMPASSVALE CRES,13 TO 15,110.0,Improved,2001,74,503888.0,2012-07,SENGKANG,5 ROOM,IMPROVED,13 TO 15,2012-07-01,True,True,True,True,13,15,True,True,Duplicate record,,,,,
2012-08,BUKIT MERAH,3 ROOM,13,TELOK BLANGAH CRES,07 TO 09,65.0,Improved,1975,48,347000.0,2012-08,BUKIT MERAH,3 ROOM,IMPROVED,07 TO 09,2012-08-01,True,True,True,True,7,9,True,True,Duplicate record,,,,,
2012-08,SEMBAWANG,EXECUTIVE,503A,CANBERRA LINK,07 TO 09,130.0,Apartment,2001,74,560000.0,2012-08,SEMBAWANG,EXECUTIVE,APARTMENT,07 TO 09,2012-08-01,True,True,True,True,7,9,True,True,Duplicate record,,,,,
2012-08,SENGKANG,5 ROOM,314B,ANCHORVALE LINK,13 TO 15,110.0,Premium Apartment,2003,76,561888.0,2012-08,SENGKANG,5 ROOM,PREMIUM APARTMENT,13 TO 15,2012-08-01,True,True,True,True,13,15,True,True,Duplicate record,,,,,
2012-08,YISHUN,3 ROOM,264,YISHUN ST 22,04 TO 06,64.0,Simplified,1986,59,274000.0,2012-08,YISHUN,3 ROOM,SIMPLIFIED,04 TO 06,2012-08-01,True,True,True,True,4,6,True,True,Duplicate record,,,,,
2012-10,ANG MO KIO,4 ROOM,177,ANG MO KIO AVE 4,07 TO 09,91.0,New Generation,1981,54,443000.0,2012-10,ANG MO KIO,4 ROOM,NEW GENERATION,07 TO 09,2012-10-01,True,True,True,True,7,9,True,True,Duplicate record,,,,,
2012-10,JURONG EAST,3 ROOM,110,JURONG EAST ST 13,07 TO 09,68.0,New Generation,1982,55,322000.0,2012-10,JURONG EAST,3 ROOM,NEW GENERATION,07 TO 09,2012-10-01,True,True,True,True,7,9,True,True,Duplicate record,,,,,
2012-11,ANG MO KIO,3 ROOM,443,ANG MO KIO AVE 10,10 TO 12,67.0,New Generation,1979,52,367000.0,2012-11,ANG MO KIO,3 ROOM,NEW GENERATION,10 TO 12,2012-11-01,True,True,True,True,10,12,True,True,Duplicate record,,,,,
2012-11,SEMBAWANG,EXECUTIVE,467,ADMIRALTY DR,13 TO 15,137.0,Premium Apartment,2001,74,520888.0,2012-11,SEMBAWANG,EXECUTIVE,PREMIUM APARTMENT,13 TO 15,2012-11-01,True,True,True,True,13,15,True,True,Duplicate record,,,,,
2012-11,WOODLANDS,3 ROOM,2,MARSILING DR,04 TO 06,65.0,Improved,1974,47,290000.0,2012-11,WOODLANDS,3 ROOM,IMPROVED,04 TO 06,2012-11-01,True,True,True,True,4,6,True,True,Duplicate record,,,,,
2012-12,WOODLANDS,3 ROOM,218,MARSILING CRES,04 TO 06,81.0,New Generation,1986,59,326000.0,2012-12,WOODLANDS,3 ROOM,NEW GENERATION,04 TO 06,2012-12-01,True,True,True,True,4,6,True,True,Duplicate record,,,,,
2012-12,WOODLANDS,3 ROOM,218,MARSILING CRES,04 TO 06,81.0,New Generation,1986,59,320000.0,2012-12,WOODLANDS,3 ROOM,NEW GENERATION,04 TO 06,2012-12-01,True,True,True,True,4,6,True,True,Duplicate record,,,,,
2013-01,BEDOK,4 ROOM,34,BEDOK STH AVE 2,01 TO 03,90.0,Improved,1977,50,405000.0,2013-01,BEDOK,4 ROOM,IMPROVED,01 TO 03,2013-01-01,True,True,True,True,1,3,True,True,Duplicate record,,,,,
2013-01,BUKIT MERAH,4 ROOM,26D,JLN MEMBINA,25 TO 27,90.0,Model A,2009,82,754000.0,2013-01,BUKIT MERAH,4 ROOM,MODEL A,25 TO 27,2013-01-01,True,True,True,True,25,27,True,True,Duplicate record,,,,,
2013-01,CLEMENTI,3 ROOM,602,CLEMENTI WEST ST 1,10 TO 12,67.0,New Generation,1979,52,360000.0,2013-01,CLEMENTI,3 ROOM,NEW GENERATION,10 TO 12,2013-01-01,True,True,True,True,10,12,True,True,Duplicate record,,,,,
2013-01,TAMPINES,5 ROOM,489C,TAMPINES ST 45,10 TO 12,121.0,Improved,1989,62,533000.0,2013-01,TAMPINES,5 ROOM,IMPROVED,10 TO 12,2013-01-01,True,True,True,True,10,12,True,True,Duplicate record,,,,,
2013-02,WOODLANDS,5 ROOM,787D,WOODLANDS CRES,10 TO 12,122.0,Improved,1997,70,475000.0,2013-02,WOODLANDS,5 ROOM,IMPROVED,10 TO 12,2013-02-01,True,True,True,True,10,12,True,True,Duplicate record,,,,,
2013-02,YISHUN,3 ROOM,701,YISHUN AVE 5,10 TO 12,68.0,New Generation,1984,57,345000.0,2013-02,YISHUN,3 ROOM,NEW GENERATION,10 TO 12,2013-02-01,True,True,True,True,10,12,True,True,Duplicate record,,,,,
2013-04,CLEMENTI,3 ROOM,701,WEST COAST RD,01 TO 03,67.0,New Generation,1980,53,330000.0,2013-04,CLEMENTI,3 ROOM,NEW GENERATION,01 TO 03,2013-04-01,True,True,True,True,1,3,True,True,Duplicate record,,,,,
2013-07,CLEMENTI,3 ROOM,702,WEST COAST RD,07 TO 09,67.0,New Generation,1980,53,348000.0,2013-07,CLEMENTI,3 ROOM,NEW GENERATION,07 TO 09,2013-07-01,True,True,True,True,7,9,True,True,Duplicate record,,,,,
2013-07,JURONG WEST,5 ROOM,180,YUNG SHENG RD,10 TO 12,116.0,Improved,2001,74,506000.0,2013-07,JURONG WEST,5 ROOM,IMPROVED,10 TO 12,2013-07-01,True,True,True,True,10,12,True,True,Duplicate record,,,,,
2013-08,JURONG EAST,3 ROOM,110,JURONG EAST ST 13,13 TO 15,68.0,New Generation,1982,55,340000.0,2013-08,JURONG EAST,3 ROOM,NEW GENERATION,13 TO 15,2013-08-01,True,True,True,True,13,15,True,True,Duplicate record,,,,,
2013-09,JURONG EAST,4 ROOM,414,PANDAN GDNS,04 TO 06,97.0,New Generation,1978,51,376000.0,2013-09,JURONG EAST,4 ROOM,NEW GENERATION,04 TO 06,2013-09-01,True,True,True,True,4,6,True,True,Duplicate record,,,,,
2013-10,BUKIT MERAH,3 ROOM,15,TELOK BLANGAH CRES,13 TO 15,65.0,Improved,1975,48,381000.0,2013-10,BUKIT MERAH,3 ROOM,IMPROVED,13 TO 15,2013-10-01,True,True,True,True,13,15,True,True,Duplicate record,,,,,
2013-10,BUKIT TIMAH,3 ROOM,3,QUEEN'S RD,07 TO 09,76.0,Improved,1974,47,480000.0,2013-10,BUKIT TIMAH,3 ROOM,IMPROVED,07 TO 09,2013-10-01,True,True,True,True,7,9,True,True,Duplicate record,,,,,
2013-12,QUEENSTOWN,3 ROOM,160,MEI LING ST,16 TO 18,72.0,Improved,1970,43,490000.0,2013-12,QUEENSTOWN,3 ROOM,IMPROVED,16 TO 18,2013-12-01,True,True,True,True,16,18,True,True,Duplicate record,,,,,
2014-03,ANG MO KIO,3 ROOM,129,ANG MO KIO AVE 3,04 TO 06,73.0,New Generation,1979,52,360000.0,2014-03,ANG MO KIO,3 ROOM,NEW GENERATION,04 TO 06,2014-03-01,True,True,True,True,4,6,True,True,Duplicate record,,,,,
2014-03,CHOA CHU KANG,4 ROOM,223,CHOA CHU KANG CTRL,07 TO 09,104.0,Model A,1993,66,410000.0,2014-03,CHOA CHU KANG,4 ROOM,MODEL A,07 TO 09,2014-03-01,True,True,True,True,7,9,True,True,Duplicate record,,,,,
2014-03,GEYLANG,3 ROOM,98,ALJUNIED CRES,10 TO 12,65.0,Improved,1975,48,348000.0,2014-03,GEYLANG,3 ROOM,IMPROVED,10 TO 12,2014-03-01,True,True,True,True,10,12,True,True,Duplicate record,,,,,
2014-03,PUNGGOL,5 ROOM,134,EDGEDALE PLAINS,04 TO 06,111.0,Premium Apartment,2003,76,505000.0,2014-03,PUNGGOL,5 ROOM,PREMIUM APARTMENT,04 TO 06,2014-03-01,True,True,True,True,4,6,True,True,Duplicate record,,,,,
2014-03,SENGKANG,5 ROOM,260D,SENGKANG EAST WAY,10 TO 12,110.0,Improved,2001,74,568000.0,2014-03,SENGKANG,5 ROOM,IMPROVED,10 TO 12,2014-03-01,True,True,True,True,10,12,True,True,Duplicate record,,,,,
2014-03,YISHUN,3 ROOM,704,YISHUN AVE 5,10 TO 12,68.0,New Generation,1984,57,300000.0,2014-03,YISHUN,3 ROOM,NEW GENERATION,10 TO 12,2014-03-01,True,True,True,True,10,12,True,True,Duplicate record,,,,,
2014-04,BEDOK,3 ROOM,55,CHAI CHEE DR,07 TO 09,75.0,Model A,1984,57,330000.0,2014-04,BEDOK,3 ROOM,MODEL A,07 TO 09,2014-04-01,True,True,True,True,7,9,True,True,Duplicate record,,,,,
2014-04,BEDOK,3 ROOM,57,NEW UPP CHANGI RD,13 TO 15,60.0,Improved,1985,58,305000.0,2014-04,BEDOK,3 ROOM,IMPROVED,13 TO 15,2014-04-01,True,True,True,True,13,15,True,True,Duplicate record,,,,,
2014-04,BUKIT MERAH,2 ROOM,2,JLN BT HO SWEE,01 TO 03,34.0,Standard,1971,44,262000.0,2014-04,BUKIT MERAH,2 ROOM,STANDARD,01 TO 03,2014-04-01,True,True,True,True,1,3,True,True,Duplicate record,,,,,
2014-04,BUKIT MERAH,3 ROOM,28,JLN BT MERAH,01 TO 03,60.0,Standard,1967,40,333000.0,2014-04,BUKIT MERAH,3 ROOM,STANDARD,01 TO 03,2014-04-01,True,True,True,True,1,3,True,True,Duplicate record,,,,,
2014-04,CLEMENTI,3 ROOM,308,CLEMENTI AVE 4,10 TO 12,67.0,New Generation,1980,53,383000.0,2014-04,CLEMENTI,3 ROOM,NEW GENERATION,10 TO 12,2014-04-01,True,True,True,True,10,12,True,True,Duplicate record,,,,,
2014-04,KALLANG/WHAMPOA,3 ROOM,123,MCNAIR RD,04 TO 06,64.0,Simplified,1987,60,366000.0,2014-04,KALLANG/WHAMPOA,3 ROOM,SIMPLIFIED,04 TO 06,2014-04-01,True,True,True,True,4,6,True,True,Duplicate record,,,,,
2014-04,SEMBAWANG,5 ROOM,350A,CANBERRA RD,04 TO 06,110.0,Improved,2001,74,490000.0,2014-04,SEMBAWANG,5 ROOM,IMPROVED,04 TO 06,2014-04-01,True,True,True,True,4,6,True,True,Duplicate record,,,,,
2014-04,SERANGOON,3 ROOM,2,LOR LEW LIAN,04 TO 06,64.0,Improved,1983,56,335000.0,2014-04,SERANGOON,3 ROOM,IMPROVED,04 TO 06,2014-04-01,True,True,True,True,4,6,True,True,Duplicate record,,,,,
2014-05,BEDOK,4 ROOM,148,BEDOK RESERVOIR RD,07 TO 09,84.0,Simplified,1987,60,405000.0,2014-05,BEDOK,4 ROOM,SIMPLIFIED,07 TO 09,2014-05-01,True,True,True,True,7,9,True,True,Duplicate record,,,,,
2014-05,BEDOK,EXECUTIVE,661,JLN DAMAI,04 TO 06,145.0,Apartment,1996,69,620000.0,2014-05,BEDOK,EXECUTIVE,APARTMENT,04 TO 06,2014-05-01,True,True,True,True,4,6,True,True,Duplicate record,,,,,
2014-05,BUKIT MERAH,3 ROOM,130,BT MERAH VIEW,13 TO 15,65.0,Improved,1973,46,406800.0,2014-05,BUKIT MERAH,3 ROOM,IMPROVED,13 TO 15,2014-05-01,True,True,True,True,13,15,True,True,Duplicate record,,,,,
2014-05,BUKIT PANJANG,5 ROOM,203,PETIR RD,04 TO 06,122.0,Improved,1988,61,415000.0,2014-05,BUKIT PANJANG,5 ROOM,IMPROVED,04 TO 06,2014-05-01,True,True,True,True,4,6,True,True,Duplicate record,,,,,
2014-05,CLEMENTI,3 ROOM,345,CLEMENTI AVE 5,10 TO 12,67.0,New Generation,1979,52,377000.0,2014-05,CLEMENTI,3 ROOM,NEW GENERATION,10 TO 12,2014-05-01,True,True,True,True,10,12,True,True,Duplicate record,,,,,
2014-05,HOUGANG,3 ROOM,311,HOUGANG AVE 5,04 TO 06,68.0,New Generation,1983,56,305000.0,2014-05,HOUGANG,3 ROOM,NEW GENERATION,04 TO 06,2014-05-01,True,True,True,True,4,6,True,True,Duplicate record,,,,,
2014-05,PASIR RIS,4 ROOM,142,PASIR RIS ST 11,04 TO 06,108.0,Model A,1994,67,404000.0,2014-05,PASIR RIS,4 ROOM,MODEL A,04 TO 06,2014-05-01,True,True,True,True,4,6,True,True,Duplicate record,,,,,
2014-05,PUNGGOL,4 ROOM,649,PUNGGOL CTRL,04 TO 06,90.0,Premium Apartment,2005,78,452000.0,2014-05,PUNGGOL,4 ROOM,PREMIUM APARTMENT,04 TO 06,2014-05-01,True,True,True,True,4,6,True,True,Duplicate record,,,,,
2014-05,SENGKANG,4 ROOM,407B,FERNVALE RD,04 TO 06,91.0,Premium Apartment,2005,78,395000.0,2014-05,SENGKANG,4 ROOM,PREMIUM APARTMENT,04 TO 06,2014-05-01,True,True,True,True,4,6,True,True,Duplicate record,,,,,
2014-05,SENGKANG,5 ROOM,258A,COMPASSVALE RD,07 TO 09,110.0,Improved,2001,74,550000.0,2014-05,SENGKANG,5 ROOM,IMPROVED,07 TO 09,2014-05-01,True,True,True,True,7,9,True,True,Duplicate record,,,,,
2014-05,TOA PAYOH,4 ROOM,191,LOR 4 TOA PAYOH,04 TO 06,84.0,Improved,1974,47,500000.0,2014-05,TOA PAYOH,4 ROOM,IMPROVED,04 TO 06,2014-05-01,True,True,True,True,4,6,True,True,Duplicate record,,,,,
2014-05,WOODLANDS,5 ROOM,578,WOODLANDS DR 16,01 TO 03,110.0,Improved,2000,73,405000.0,2014-05,WOODLANDS,5 ROOM,IMPROVED,01 TO 03,2014-05-01,True,True,True,True,1,3,True,True,Duplicate record,,,,,
2014-05,YISHUN,3 ROOM,629,YISHUN ST 61,07 TO 09,73.0,Model A,1988,61,338000.0,2014-05,YISHUN,3 ROOM,MODEL A,07 TO 09,2014-05-01,True,True,True,True,7,9,True,True,Duplicate record,,,,,
2014-06,ANG MO KIO,5 ROOM,551,ANG MO KIO AVE 10,19 TO 21,118.0,Improved,1981,54,610000.0,2014-06,ANG MO KIO,5 ROOM,IMPROVED,19 TO 21,2014-06-01,True,True,True,True,19,21,True,True,Duplicate record,,,,,
2014-06,TAMPINES,3 ROOM,436,TAMPINES ST 43,04 TO 06,74.0,Model A,1986,59,358000.0,2014-06,TAMPINES,3 ROOM,MODEL A,04 TO 06,2014-06-01,True,True,True,True,4,6,True,True,Duplicate record,,,,,
2014-07,SENGKANG,4 ROOM,272D,SENGKANG CTRL,01 TO 03,90.0,Premium Apartment,2009,82,500000.0,2014-07,SENGKANG,4 ROOM,PREMIUM APARTMENT,01 TO 03,2014-07-01,True,True,True,True,1,3,True,True,Duplicate record,,,,,
2014-08,BEDOK,5 ROOM,715,BEDOK RESERVOIR RD,10 TO 12,121.0,Improved,1980,53,540000.0,2014-08,BEDOK,5 ROOM,IMPROVED,10 TO 12,2014-08-01,True,True,True,True,10,12,True,True,Duplicate record,,,,,
2014-08,HOUGANG,3 ROOM,528,HOUGANG AVE 6,04 TO 06,74.0,Model A,1987,60,352000.0,2014-08,HOUGANG,3 ROOM,MODEL A,04 TO 06,2014-08-01,True,True,True,True,4,6,True,True,Duplicate record,,,,,
2014-08,TOA PAYOH,4 ROOM,79C,TOA PAYOH CTRL,07 TO 09,92.0,Model A,2009,82,690000.0,2014-08,TOA PAYOH,4 ROOM,MODEL A,07 TO 09,2014-08-01,True,True,True,True,7,9,True,True,Duplicate record,,,,,
2014-09,KALLANG/WHAMPOA,3 ROOM,32,JLN BAHAGIA,01 TO 03,56.0,Standard,1971,44,264000.0,2014-09,KALLANG/WHAMPOA,3 ROOM,STANDARD,01 TO 03,2014-09-01,True,True,True,True,1,3,True,True,Duplicate record,,,,,
2014-09,YISHUN,3 ROOM,107,YISHUN RING RD,04 TO 06,67.0,New Generation,1982,55,283000.0,2014-09,YISHUN,3 ROOM,NEW GENERATION,04 TO 06,2014-09-01,True,True,True,True,4,6,True,True,Duplicate record,,,,,
2014-10,QUEENSTOWN,3 ROOM,165,STIRLING RD,07 TO 09,60.0,Improved,1970,43,320000.0,2014-10,QUEENSTOWN,3 ROOM,IMPROVED,07 TO 09,2014-10-01,True,True,True,True,7,9,True,True,Duplicate record,,,,,
2014-10,YISHUN,3 ROOM,710,YISHUN AVE 5,04 TO 06,68.0,New Generation,1984,57,286000.0,2014-10,YISHUN,3 ROOM,NEW GENERATION,04 TO 06,2014-10-01,True,True,True,True,4,6,True,True,Duplicate record,,,,,
2014-11,SEMBAWANG,4 ROOM,489,ADMIRALTY LINK,16 TO 18,96.0,Model A,2010,83,405000.0,2014-11,SEMBAWANG,4 ROOM,MODEL A,16 TO 18,2014-11-01,True,True,True,True,16,18,True,True,Duplicate record,,,,,
2015-01,PUNGGOL,4 ROOM,302D,PUNGGOL PL,04 TO 06,93.0,Premium Apartment,2011,84,455000.0,2015-01,PUNGGOL,4 ROOM,PREMIUM APARTMENT,04 TO 06,2015-01-01,True,True,True,True,4,6,True,True,Duplicate record,,,,,
2015-01,SENGKANG,4 ROOM,273C,COMPASSVALE LINK,13 TO 15,90.0,Premium Apartment,2009,82,538000.0,2015-01,SENGKANG,4 ROOM,PREMIUM APARTMENT,13 TO 15,2015-01-01,True,True,True,True,13,15,True,True,Duplicate record,,,,,
2015-03,BUKIT BATOK,3 ROOM,145,BT BATOK ST 11,04 TO 06,68.0,New Generation,1984,57,283000.0,2015-03,BUKIT BATOK,3 ROOM,NEW GENERATION,04 TO 06,2015-03-01,True,True,True,True,4,6,True,True,Duplicate record,,,,,
2015-04,ANG MO KIO,3 ROOM,610,ANG MO KIO AVE 4,10 TO 12,68.0,New Generation,1980,53,295000.0,2015-04,ANG MO KIO,3 ROOM,NEW GENERATION,10 TO 12,2015-04-01,True,True,True,True,10,12,True,True,Duplicate record,,,,,
2015-05,SENGKANG,4 ROOM,439A,SENGKANG WEST AVE,10 TO 12,94.0,Model A,2011,84,400000.0,2015-05,SENGKANG,4 ROOM,MODEL A,10 TO 12,2015-05-01,True,True,True,True,10,12,True,True,Duplicate record,,,,,
2015-05,TOA PAYOH,3 ROOM,232,LOR 8 TOA PAYOH,07 TO 09,65.0,Improved,1976,49,295000.0,2015-05,TOA PAYOH,3 ROOM,IMPROVED,07 TO 09,2015-05-01,True,True,True,True,7,9,True,True,Duplicate record,,,,,
2015-06,PUNGGOL,5 ROOM,652,PUNGGOL CTRL,04 TO 06,110.0,Premium Apartment,2005,78,430000.0,2015-06,PUNGGOL,5 ROOM,PREMIUM APARTMENT,04 TO 06,2015-06-01,True,True,True,True,4,6,True,True,Duplicate record,,,,,
2015-06,TOA PAYOH,3 ROOM,203,TOA PAYOH NTH,04 TO 06,65.0,Improved,1982,55,302000.0,2015-06,TOA PAYOH,3 ROOM,IMPROVED,04 TO 06,2015-06-01,True,True,True,True,4,6,True,True,Duplicate record,,,,,
2015-07,BEDOK,3 ROOM,542,BEDOK NTH ST 3,10 TO 12,67.0,New Generation,1985,58,280000.0,2015-07,BEDOK,3 ROOM,NEW GENERATION,10 TO 12,2015-07-01,True,True,True,True,10,12,True,True,Duplicate record,,,,,
2015-07,QUEENSTOWN,4 ROOM,28B,DOVER CRES,22 TO 24,88.0,Model A,2012,85,680000.0,2015-07,QUEENSTOWN,4 ROOM,MODEL A,22 TO 24,2015-07-01,True,True,True,True,22,24,True,True,Duplicate record,,,,,
2015-07,SENGKANG,4 ROOM,308A,ANCHORVALE RD,04 TO 06,90.0,Model A,2002,75,350000.0,2015-07,SENGKANG,4 ROOM,MODEL A,04 TO 06,2015-07-01,True,True,True,True,4,6,True,True,Duplicate record,,,,,
2015-08,BEDOK,3 ROOM,4,BEDOK STH AVE 1,01 TO 03,65.0,Improved,1976,49,290000.0,2015-08,BEDOK,3 ROOM,IMPROVED,01 TO 03,2015-08-01,True,True,True,True,1,3,True,True,Duplicate record,,,,,
2015-09,SEMBAWANG,EXECUTIVE,468D,ADMIRALTY DR,13 TO 15,137.0,Premium Apartment,2001,74,480000.0,2015-09,SEMBAWANG,EXECUTIVE,PREMIUM APARTMENT,13 TO 15,2015-09-01,True,True,True,True,13,15,True,True,Duplicate record,,,,,
2015-09,SEMBAWANG,EXECUTIVE,503A,CANBERRA LINK,10 TO 12,130.0,Apartment,2001,74,500000.0,2015-09,SEMBAWANG,EXECUTIVE,APARTMENT,10 TO 12,2015-09-01,True,True,True,True,10,12,True,True,Duplicate record,,,,,
2015-09,TAMPINES,4 ROOM,916,TAMPINES ST 91,04 TO 06,104.0,Model A,1984,57,425000.0,2015-09,TAMPINES,4 ROOM,MODEL A,04 TO 06,2015-09-01,True,True,True,True,4,6,True,True,Duplicate record,,,,,
2015-09,YISHUN,3 ROOM,630,YISHUN ST 61,07 TO 09,73.0,Model A,1988,61,300000.0,2015-09,YISHUN,3 ROOM,MODEL A,07 TO 09,2015-09-01,True,True,True,True,7,9,True,True,Duplicate record,,,,,
2015-11,JURONG EAST,3 ROOM,243,JURONG EAST ST 24,01 TO 03,67.0,New Generation,1983,56,260000.0,2015-11,JURONG EAST,3 ROOM,NEW GENERATION,01 TO 03,2015-11-01,True,True,True,True,1,3,True,True,Duplicate record,,,,,
2015-11,SENGKANG,5 ROOM,203A,COMPASSVALE RD,07 TO 09,110.0,Improved,2000,73,460000.0,2015-11,SENGKANG,5 ROOM,IMPROVED,07 TO 09,2015-11-01,True,True,True,True,7,9,True,True,Duplicate record,,,,,
2015-12,BEDOK,3 ROOM,521,BEDOK NTH AVE 1,01 TO 03,67.0,New Generation,1979,52,280000.0,2015-12,BEDOK,3 ROOM,NEW GENERATION,01 TO 03,2015-12-01,True,True,True,True,1,3,True,True,Duplicate record,,,,,
2015-12,KALLANG/WHAMPOA,3 ROOM,2,JLN BATU,04 TO 06,60.0,Standard,1969,42,322000.0,2015-12,KALLANG/WHAMPOA,3 ROOM,STANDARD,04 TO 06,2015-12-01,True,True,True,True,4,6,True,True,Duplicate record,,,,,
2016-02,BISHAN,3 ROOM,407,SIN MING AVE,07 TO 09,64.0,Simplified,1986,59,315000.0,2016-02,BISHAN,3 ROOM,SIMPLIFIED,07 TO 09,2016-02-01,True,True,True,True,7,9,True,True,Duplicate record,,,,,
2016-03,ANG MO KIO,3 ROOM,333,ANG MO KIO AVE 1,04 TO 06,68.0,New Generation,1981,54,340000.0,2016-03,ANG MO KIO,3 ROOM,NEW GENERATION,04 TO 06,2016-03-01,True,True,True,True,4,6,True,True,Duplicate record,,,,,
2016-04,BISHAN,3 ROOM,313,SHUNFU RD,04 TO 06,67.0,New Generation,1985,58,405000.0,2016-04,BISHAN,3 ROOM,NEW GENERATION,04 TO 06,2016-04-01,True,True,True,True,4,6,True,True,Duplicate record,,,,,
2016-04,JURONG WEST,5 ROOM,268B,BOON LAY DR,04 TO 06,110.0,Improved,2002,75,387000.0,2016-04,JURONG WEST,5 ROOM,IMPROVED,04 TO 06,2016-04-01,True,True,True,True,4,6,True,True,Duplicate record,,,,,
2016-05,BEDOK,3 ROOM,2,BEDOK STH AVE 1,04 TO 06,65.0,Improved,1976,49,295000.0,2016-05,BEDOK,3 ROOM,IMPROVED,04 TO 06,2016-05-01,True,True,True,True,4,6,True,True,Duplicate record,,,,,
2016-05,JURONG WEST,5 ROOM,721,JURONG WEST AVE 5,04 TO 06,121.0,Improved,1989,62,365000.0,2016-05,JURONG WEST,5 ROOM,IMPROVED,04 TO 06,2016-05-01,True,True,True,True,4,6,True,True,Duplicate record,,,,,
2016-05,SENGKANG,EXECUTIVE,302C,ANCHORVALE LINK,13 TO 15,130.0,Apartment,2001,74,573000.0,2016-05,SENGKANG,EXECUTIVE,APARTMENT,13 TO 15,2016-05-01,True,True,True,True,13,15,True,True,Duplicate record,,,,,
2016-06,SENGKANG,4 ROOM,273D,COMPASSVALE LINK,13 TO 15,90.0,Premium Apartment,2009,82,540000.0,2016-06,SENGKANG,4 ROOM,PREMIUM APARTMENT,13 TO 15,2016-06-01,True,True,True,True,13,15,True,True,Duplicate record,,,,,
2016-07,CLEMENTI,4 ROOM,381,CLEMENTI AVE 5,04 TO 06,91.0,New Generation,1981,54,460000.0,2016-07,CLEMENTI,4 ROOM,NEW GENERATION,04 TO 06,2016-07-01,True,True,True,True,4,6,True,True,Duplicate record,,,,,
2016-07,CLEMENTI,4 ROOM,716,CLEMENTI WEST ST 2,07 TO 09,91.0,New Generation,1981,54,460000.0,2016-07,CLEMENTI,4 ROOM,NEW GENERATION,07 TO 09,2016-07-01,True,True,True,True,7,9,True,True,Duplicate record,,,,,
2016-07,PUNGGOL,5 ROOM,132,EDGEDALE PLAINS,16 TO 18,111.0,Premium Apartment,2003,76,425000.0,2016-07,PUNGGOL,5 ROOM,PREMIUM APARTMENT,16 TO 18,2016-07-01,True,True,True,True,16,18,True,True,Duplicate record,,,,,
2016-08,BUKIT BATOK,3 ROOM,247,BT BATOK EAST AVE 5,07 TO 09,73.0,Model A,1985,58,277000.0,2016-08,BUKIT BATOK,3 ROOM,MODEL A,07 TO 09,2016-08-01,True,True,True,True,7,9,True,True,Duplicate record,,,,,
2016-08,TAMPINES,4 ROOM,168B,SIMEI LANE,10 TO 12,94.0,DBSS,2011,84,618000.0,2016-08,TAMPINES,4 ROOM,DBSS,10 TO 12,2016-08-01,True,True,True,True,10,12,True,True,Duplicate record,,,,,
2016-08,TOA PAYOH,3 ROOM,4,LOR 7 TOA PAYOH,07 TO 09,68.0,Improved,1969,42,290000.0,2016-08,TOA PAYOH,3 ROOM,IMPROVED,07 TO 09,2016-08-01,True,True,True,True,7,9,True,True,Duplicate record,,,,,
2016-09,ANG MO KIO,3 ROOM,212,ANG MO KIO AVE 3,01 TO 03,67.0,New Generation,1977,50,280000.0,2016-09,ANG MO KIO,3 ROOM,NEW GENERATION,01 TO 03,2016-09-01,True,True,True,True,1,3,True,True,Duplicate record,,,,,
2016-10,PUNGGOL,4 ROOM,301D,PUNGGOL PL,04 TO 06,93.0,Premium Apartment,2011,84,445000.0,2016-10,PUNGGOL,4 ROOM,PREMIUM APARTMENT,04 TO 06,2016-10-01,True,True,True,True,4,6,True,True,Duplicate record,,,,,
2016-10,TOA PAYOH,3 ROOM,13,LOR 7 TOA PAYOH,01 TO 03,66.0,Improved,1970,43,265000.0,2016-10,TOA PAYOH,3 ROOM,IMPROVED,01 TO 03,2016-10-01,True,True,True,True,1,3,True,True,Duplicate record,,,,,
2016-10,TOA PAYOH,3 ROOM,183,TOA PAYOH CTRL,01 TO 03,67.0,Improved,1972,45,310000.0,2016-10,TOA PAYOH,3 ROOM,IMPROVED,01 TO 03,2016-10-01,True,True,True,True,1,3,True,True,Duplicate record,,,,,
2016-11,TOA PAYOH,3 ROOM,126,LOR 1 TOA PAYOH,13 TO 15,67.0,Improved,1970,43,308000.0,2016-11,TOA PAYOH,3 ROOM,IMPROVED,13 TO 15,2016-11-01,True,True,True,True,13,15,True,True,Duplicate record,,,,,
2016-12,JURONG WEST,3 ROOM,121,YUAN CHING RD,01 TO 03,61.0,Improved,1974,47,233000.0,2016-12,JURONG WEST,3 ROOM,IMPROVED,01 TO 03,2016-12-01,True,True,True,True,1,3,True,True,Duplicate record,,,,,
2012-01,BUKIT MERAH,3 ROOM,37,JLN RUMAH TINGGI,04 TO 06,53.0,Standard,1969,42,303000.0,2012-01,BUKIT MERAH,3 ROOM,STANDARD,04 TO 06,2012-01-01,True,True,True,True,4,6,True,True,Duplicate record,,,,,
2012-01,BUKIT MERAH,3 ROOM,37,JLN RUMAH TINGGI,04 TO 06,53.0,Standard,1969,42,290000.0,2012-01,BUKIT MERAH,3 ROOM,STANDARD,04 TO 06,2012-01-01,True,True,True,True,4,6,True,True,Duplicate record,,,,,
2012-01,SENGKANG,EXECUTIVE,202B,SENGKANG EAST RD,13 TO 15,130.0,Apartment,2001,74,630000.0,2012-01,SENGKANG,EXECUTIVE,APARTMENT,13 TO 15,2012-01-01,True,True,True,True,13,15,True,True,Duplicate record,,,,,
2012-01,YISHUN,3 ROOM,108,YISHUN RING RD,04 TO 06,60.0,Improved,1985,58,296000.0,2012-01,YISHUN,3 ROOM,IMPROVED,04 TO 06,2012-01-01,True,True,True,True,4,6,True,True,Duplicate record,,,,,
2012-02,JURONG WEST,3 ROOM,516,JURONG WEST ST 52,01 TO 03,74.0,Model A,1984,57,347000.0,2012-02,JURONG WEST,3 ROOM,MODEL A,01 TO 03,2012-02-01,True,True,True,True,1,3,True,True,Duplicate record,,,,,
2012-02,JURONG WEST,3 ROOM,516,JURONG WEST ST 52,04 TO 06,74.0,Model A,1984,57,380000.0,2012-02,JURONG WEST,3 ROOM,MODEL A,04 TO 06,2012-02-01,True,True,True,True,4,6,True,True,Duplicate record,,,,,
2012-03,GEYLANG,3 ROOM,60,CIRCUIT RD,01 TO 05,56.0,Standard,1969,42,285000.0,2012-03,GEYLANG,3 ROOM,STANDARD,01 TO 05,2012-03-01,True,True,True,True,1,5,True,True,Duplicate record,,,,,
2012-03,JURONG WEST,4 ROOM,836,JURONG WEST ST 81,11 TO 15,109.0,Model A,1993,66,417000.0,2012-03,JURONG WEST,4 ROOM,MODEL A,11 TO 15,2012-03-01,True,True,True,True,11,15,True,True,Duplicate record,,,,,
2012-03,WOODLANDS,4 ROOM,860,WOODLANDS ST 83,06 TO 10,106.0,Model A,1996,69,414180.0,2012-03,WOODLANDS,4 ROOM,MODEL A,06 TO 10,2012-03-01,True,True,True,True,6,10,True,True,Duplicate record,,,,,
2012-03,YISHUN,3 ROOM,220,YISHUN ST 21,01 TO 05,67.0,New Generation,1985,58,310000.0,2012-03,YISHUN,3 ROOM,NEW GENERATION,01 TO 05,2012-03-01,True,True,True,True,1,5,True,True,Duplicate record,,,,,
2012-04,ANG MO KIO,3 ROOM,214,ANG MO KIO AVE 3,06 TO 10,67.0,New Generation,1976,49,333800.0,2012-04,ANG MO KIO,3 ROOM,NEW GENERATION,06 TO 10,2012-04-01,True,True,True,True,6,10,True,True,Duplicate record,,,,,
2012-04,CHOA CHU KANG,5 ROOM,160,JLN TECK WHYE,16 TO 20,124.0,Improved,1998,71,501000.0,2012-04,CHOA CHU KANG,5 ROOM,IMPROVED,16 TO 20,2012-04-01,True,True,True,True,16,20,True,True,Duplicate record,,,,,
2012-04,JURONG WEST,EXECUTIVE,630,JURONG WEST ST 65,06 TO 10,130.0,Apartment,2001,74,580000.0,2012-04,JURONG WEST,EXECUTIVE,APARTMENT,06 TO 10,2012-04-01,True,True,True,True,6,10,True,True,Duplicate record,,,,,
2012-04,KALLANG/WHAMPOA,3 ROOM,57,GEYLANG BAHRU,16 TO 20,65.0,Improved,1974,47,366000.0,2012-04,KALLANG/WHAMPOA,3 ROOM,IMPROVED,16 TO 20,2012-04-01,True,True,True,True,16,20,True,True,Duplicate record,,,,,
2012-04,TAMPINES,3 ROOM,262,TAMPINES ST 21,06 TO 10,74.0,Model A,1984,57,392000.0,2012-04,TAMPINES,3 ROOM,MODEL A,06 TO 10,2012-04-01,True,True,True,True,6,10,True,True,Duplicate record,,,,,
2012-04,TAMPINES,3 ROOM,915,TAMPINES ST 91,11 TO 15,73.0,Model A,1984,57,360000.0,2012-04,TAMPINES,3 ROOM,MODEL A,11 TO 15,2012-04-01,True,True,True,True,11,15,True,True,Duplicate record,,,,,
2012-04,TAMPINES,4 ROOM,140,TAMPINES ST 12,06 TO 10,91.0,New Generation,1984,57,452000.0,2012-04,TAMPINES,4 ROOM,NEW GENERATION,06 TO 10,2012-04-01,True,True,True,True,6,10,True,True,Duplicate record,,,,,
2012-04,TOA PAYOH,3 ROOM,194,KIM KEAT AVE,01 TO 05,66.0,Improved,1973,46,284000.0,2012-04,TOA PAYOH,3 ROOM,IMPROVED,01 TO 05,2012-04-01,True,True,True,True,1,5,True,True,Duplicate record,,,,,
2012-05,TAMPINES,3 ROOM,808,TAMPINES AVE 4,06 TO 10,73.0,Model A,1984,57,355000.0,2012-05,TAMPINES,3 ROOM,MODEL A,06 TO 10,2012-05-01,True,True,True,True,6,10,True,True,Duplicate record,,,,,
2012-05,WOODLANDS,5 ROOM,511,WOODLANDS DR 14,06 TO 10,128.0,Premium Apartment,1999,72,492000.0,2012-05,WOODLANDS,5 ROOM,PREMIUM APARTMENT,06 TO 10,2012-05-01,True,True,True,True,6,10,True,True,Duplicate record,,,,,
2012-05,WOODLANDS,5 ROOM,576,WOODLANDS DR 16,01 TO 05,110.0,Improved,2000,73,430000.0,2012-05,WOODLANDS,5 ROOM,IMPROVED,01 TO 05,2012-05-01,True,True,True,True,1,5,True,True,Duplicate record,,,,,
2012-06,JURONG WEST,3 ROOM,480,JURONG WEST ST 41,07 TO 09,67.0,New Generation,1985,58,326000.0,2012-06,JURONG WEST,3 ROOM,NEW GENERATION,07 TO 09,2012-06-01,True,True,True,True,7,9,True,True,Duplicate record,,,,,
2012-06,JURONG WEST,4 ROOM,845,JURONG WEST ST 81,04 TO 06,108.0,Model A,1996,69,403000.0,2012-06,JURONG WEST,4 ROOM,MODEL A,04 TO 06,2012-06-01,True,True,True,True,4,6,True,True,Duplicate record,,,,,
2012-07,JURONG WEST,5 ROOM,275C,JURONG WEST ST 25,07 TO 09,111.0,Improved,2002,75,458000.0,2012-07,JURONG WEST,5 ROOM,IMPROVED,07 TO 09,2012-07-01,True,True,True,True,7,9,True,True,Duplicate record,,,,,
2012-07,JURONG WEST,EXECUTIVE,629,JURONG WEST ST 65,13 TO 15,130.0,Apartment,2001,74,593000.0,2012-07,JURONG WEST,EXECUTIVE,APARTMENT,13 TO 15,2012-07-01,True,True,True,True,13,15,True,True,Duplicate record,,,,,
2012-07,QUEENSTOWN,4 ROOM,91,TANGLIN HALT RD,07 TO 09,90.0,Model A,2008,81,706000.0,2012-07,QUEENSTOWN,4 ROOM,MODEL A,07 TO 09,2012-07-01,True,True,True,True,7,9,True,True,Duplicate record,,,,,
2012-08,BEDOK,3 ROOM,526,BEDOK NTH ST 3,04 TO 06,67.0,New Generation,1979,52,335000.0,2012-08,BEDOK,3 ROOM,NEW GENERATION,04 TO 06,2012-08-01,True,True,True,True,4,6,True,True,Duplicate record,,,,,
2012-08,QUEENSTOWN,4 ROOM,15,GHIM MOH RD,07 TO 09,82.0,Improved,1977,50,515000.0,2012-08,QUEENSTOWN,4 ROOM,IMPROVED,07 TO 09,2012-08-01,True,True,True,True,7,9,True,True,Duplicate record,,,,,
2012-08,SENGKANG,4 ROOM,275A,COMPASSVALE LINK,13 TO 15,90.0,Premium Apartment,2009,82,580000.0,2012-08,SENGKANG,4 ROOM,PREMIUM APARTMENT,13 TO 15,2012-08-01,True,True,True,True,13,15,True,True,Duplicate record,,,,,
2012-08,SENGKANG,5 ROOM,313B,ANCHORVALE RD,04 TO 06,110.0,Premium Apartment,2003,76,535000.0,2012-08,SENGKANG,5 ROOM,PREMIUM APARTMENT,04 TO 06,2012-08-01,True,True,True,True,4,6,True,True,Duplicate record,,,,,
2012-09,PUNGGOL,5 ROOM,172B,EDGEDALE PLAINS,04 TO 06,110.0,Improved,2004,77,517000.0,2012-09,PUNGGOL,5 ROOM,IMPROVED,04 TO 06,2012-09-01,True,True,True,True,4,6,True,True,Duplicate record,,,,,
2012-10,BEDOK,4 ROOM,103,BEDOK RESERVOIR RD,10 TO 12,91.0,New Generation,1985,58,430000.0,2012-10,BEDOK,4 ROOM,NEW GENERATION,10 TO 12,2012-10-01,True,True,True,True,10,12,True,True,Duplicate record,,,,,
2012-10,BUKIT BATOK,EXECUTIVE,288A,BT BATOK ST 25,01 TO 03,144.0,Apartment,1997,70,686000.0,2012-10,BUKIT BATOK,EXECUTIVE,APARTMENT,01 TO 03,2012-10-01,True,True,True,True,1,3,True,True,Duplicate record,,,,,
2012-10,SENGKANG,EXECUTIVE,310A,ANCHORVALE RD,13 TO 15,126.0,Premium Apartment,2003,76,623000.0,2012-10,SENGKANG,EXECUTIVE,PREMIUM APARTMENT,13 TO 15,2012-10-01,True,True,True,True,13,15,True,True,Duplicate record,,,,,
2012-10,TAMPINES,3 ROOM,818,TAMPINES ST 81,07 TO 09,73.0,Model A,1984,57,375000.0,2012-10,TAMPINES,3 ROOM,MODEL A,07 TO 09,2012-10-01,True,True,True,True,7,9,True,True,Duplicate record,,,,,
2012-10,WOODLANDS,5 ROOM,541,WOODLANDS DR 16,01 TO 03,121.0,Improved,2000,73,435000.0,2012-10,WOODLANDS,5 ROOM,IMPROVED,01 TO 03,2012-10-01,True,True,True,True,1,3,True,True,Duplicate record,,,,,
2012-11,HOUGANG,EXECUTIVE,960,HOUGANG AVE 9,04 TO 06,137.0,Apartment,1999,72,585000.0,2012-11,HOUGANG,EXECUTIVE,APARTMENT,04 TO 06,2012-11-01,True,True,True,True,4,6,True,True,Duplicate record,,,,,
2012-11,PASIR RIS,5 ROOM,725,PASIR RIS ST 72,07 TO 09,127.0,Improved,1996,69,530000.0,2012-11,PASIR RIS,5 ROOM,IMPROVED,07 TO 09,2012-11-01,True,True,True,True,7,9,True,True,Duplicate record,,,,,
2012-12,BEDOK,4 ROOM,718,BEDOK RESERVOIR RD,04 TO 06,104.0,Model A,1984,57,468000.0,2012-12,BEDOK,4 ROOM,MODEL A,04 TO 06,2012-12-01,True,True,True,True,4,6,True,True,Duplicate record,,,,,
2012-12,SEMBAWANG,5 ROOM,353B,ADMIRALTY DR,13 TO 15,113.0,Improved,2002,75,561000.0,2012-12,SEMBAWANG,5 ROOM,IMPROVED,13 TO 15,2012-12-01,True,True,True,True,13,15,True,True,Duplicate record,,,,,
2013-02,KALLANG/WHAMPOA,5 ROOM,115,WHAMPOA RD,01 TO 03,131.0,Model A,1994,67,651000.0,2013-02,KALLANG/WHAMPOA,5 ROOM,MODEL A,01 TO 03,2013-02-01,True,True,True,True,1,3,True,True,Duplicate record,,,,,
2013-03,JURONG EAST,3 ROOM,253,JURONG EAST ST 24,01 TO 03,67.0,New Generation,1985,58,338000.0,2013-03,JURONG EAST,3 ROOM,NEW GENERATION,01 TO 03,2013-03-01,True,True,True,True,1,3,True,True,Duplicate record,,,,,
2013-03,TAMPINES,EXECUTIVE,857,TAMPINES ST 83,01 TO 03,146.0,Maisonette,1988,61,642000.0,2013-03,TAMPINES,EXECUTIVE,MAISONETTE,01 TO 03,2013-03-01,True,True,True,True,1,3,True,True,Duplicate record,,,,,
2013-03,YISHUN,3 ROOM,137,YISHUN RING RD,07 TO 09,68.0,New Generation,1985,58,330000.0,2013-03,YISHUN,3 ROOM,NEW GENERATION,07 TO 09,2013-03-01,True,True,True,True,7,9,True,True,Duplicate record,,,,,
2013-04,BEDOK,3 ROOM,55,CHAI CHEE DR,04 TO 06,76.0,Model A,1984,57,345000.0,2013-04,BEDOK,3 ROOM,MODEL A,04 TO 06,2013-04-01,True,True,True,True,4,6,True,True,Duplicate record,,,,,
2013-04,BUKIT BATOK,3 ROOM,523,BT BATOK ST 52,01 TO 03,60.0,Improved,1987,60,315000.0,2013-04,BUKIT BATOK,3 ROOM,IMPROVED,01 TO 03,2013-04-01,True,True,True,True,1,3,True,True,Duplicate record,,,,,
2013-04,CLEMENTI,4 ROOM,716,CLEMENTI WEST ST 2,04 TO 06,91.0,New Generation,1981,54,458000.0,2013-04,CLEMENTI,4 ROOM,NEW GENERATION,04 TO 06,2013-04-01,True,True,True,True,4,6,True,True,Duplicate record,,,,,
2013-04,HOUGANG,3 ROOM,642,HOUGANG AVE 8,07 TO 09,60.0,Improved,1987,60,326000.0,2013-04,HOUGANG,3 ROOM,IMPROVED,07 TO 09,2013-04-01,True,True,True,True,7,9,True,True,Duplicate record,,,,,
2013-06,SENGKANG,EXECUTIVE,302C,ANCHORVALE LINK,01 TO 03,130.0,Apartment,2001,74,598000.0,2013-06,SENGKANG,EXECUTIVE,APARTMENT,01 TO 03,2013-06-01,True,True,True,True,1,3,True,True,Duplicate record,,,,,
2013-07,BISHAN,EXECUTIVE,187,BISHAN ST 13,07 TO 09,146.0,Maisonette,1987,60,878000.0,2013-07,BISHAN,EXECUTIVE,MAISONETTE,07 TO 09,2013-07-01,True,True,True,True,7,9,True,True,Duplicate record,,,,,
2013-07,JURONG EAST,3 ROOM,264,JURONG EAST ST 24,01 TO 03,68.0,New Generation,1983,56,315000.0,2013-07,JURONG EAST,3 ROOM,NEW GENERATION,01 TO 03,2013-07-01,True,True,True,True,1,3,True,True,Duplicate record,,,,,
2013-07,YISHUN,3 ROOM,701,YISHUN AVE 5,01 TO 03,68.0,New Generation,1984,57,320000.0,2013-07,YISHUN,3 ROOM,NEW GENERATION,01 TO 03,2013-07-01,True,True,True,True,1,3,True,True,Duplicate record,,,,,
2013-08,BEDOK,3 ROOM,77,BEDOK NTH RD,01 TO 03,60.0,Improved,1986,59,300000.0,2013-08,BEDOK,3 ROOM,IMPROVED,01 TO 03,2013-08-01,True,True,True,True,1,3,True,True,Duplicate record,,,,,
2013-08,BUKIT PANJANG,3 ROOM,102,GANGSA RD,07 TO 09,73.0,Model A,1988,61,357000.0,2013-08,BUKIT PANJANG,3 ROOM,MODEL A,07 TO 09,2013-08-01,True,True,True,True,7,9,True,True,Duplicate record,,,,,
2013-08,YISHUN,3 ROOM,839,YISHUN ST 81,04 TO 06,73.0,Model A,1987,60,359000.0,2013-08,YISHUN,3 ROOM,MODEL A,04 TO 06,2013-08-01,True,True,True,True,4,6,True,True,Duplicate record,,,,,
2013-09,QUEENSTOWN,5 ROOM,55,STRATHMORE AVE,01 TO 03,110.0,Improved,2002,75,775000.0,2013-09,QUEENSTOWN,5 ROOM,IMPROVED,01 TO 03,2013-09-01,True,True,True,True,1,3,True,True,Duplicate record,,,,,
2013-10,KALLANG/WHAMPOA,3 ROOM,63,KALLANG BAHRU,10 TO 12,65.0,Improved,1974,47,348500.0,2013-10,KALLANG/WHAMPOA,3 ROOM,IMPROVED,10 TO 12,2013-10-01,True,True,True,True,10,12,True,True,Duplicate record,,,,,
2013-11,ANG MO KIO,3 ROOM,319,ANG MO KIO AVE 1,04 TO 06,73.0,New Generation,1977,50,405000.0,2013-11,ANG MO KIO,3 ROOM,NEW GENERATION,04 TO 06,2013-11-01,True,True,True,True,4,6,True,True,Duplicate record,,,,,
2013-11,BEDOK,3 ROOM,554,BEDOK NTH ST 3,04 TO 06,68.0,New Generation,1980,53,330000.0,2013-11,BEDOK,3 ROOM,NEW GENERATION,04 TO 06,2013-11-01,True,True,True,True,4,6,True,True,Duplicate record,,,,,
2013-11,JURONG WEST,3 ROOM,209,BOON LAY PL,04 TO 06,65.0,Improved,1976,49,297000.0,2013-11,JURONG WEST,3 ROOM,IMPROVED,04 TO 06,2013-11-01,True,True,True,True,4,6,True,True,Duplicate record,,,,,
2013-11,WOODLANDS,5 ROOM,555,WOODLANDS DR 53,10 TO 12,115.0,Improved,1999,72,455000.0,2013-11,WOODLANDS,5 ROOM,IMPROVED,10 TO 12,2013-11-01,True,True,True,True,10,12,True,True,Duplicate record,,,,,
2014-01,ANG MO KIO,3 ROOM,331,ANG MO KIO AVE 1,04 TO 06,68.0,New Generation,1981,54,340000.0,2014-01,ANG MO KIO,3 ROOM,NEW GENERATION,04 TO 06,2014-01-01,True,True,True,True,4,6,True,True,Duplicate record,,,,,
2014-01,ANG MO KIO,3 ROOM,578,ANG MO KIO AVE 10,07 TO 09,67.0,New Generation,1980,53,350000.0,2014-01,ANG MO KIO,3 ROOM,NEW GENERATION,07 TO 09,2014-01-01,True,True,True,True,7,9,True,True,Duplicate record,,,,,
2014-01,JURONG EAST,3 ROOM,241,JURONG EAST ST 24,07 TO 09,68.0,New Generation,1983,56,332000.0,2014-01,JURONG EAST,3 ROOM,NEW GENERATION,07 TO 09,2014-01-01,True,True,True,True,7,9,True,True,Duplicate record,,,,,
2014-01,SEMBAWANG,4 ROOM,486,ADMIRALTY LINK,10 TO 12,90.0,Model A,2004,77,420000.0,2014-01,SEMBAWANG,4 ROOM,MODEL A,10 TO 12,2014-01-01,True,True,True,True,10,12,True,True,Duplicate record,,,,,
2014-01,SEMBAWANG,4 ROOM,486,ADMIRALTY LINK,10 TO 12,90.0,Model A,2004,77,412000.0,2014-01,SEMBAWANG,4 ROOM,MODEL A,10 TO 12,2014-01-01,True,True,True,True,10,12,True,True,Duplicate record,,,,,
2014-02,PUNGGOL,5 ROOM,101B,PUNGGOL FIELD,16 TO 18,110.0,Improved,2002,75,540888.0,2014-02,PUNGGOL,5 ROOM,IMPROVED,16 TO 18,2014-02-01,True,True,True,True,16,18,True,True,Duplicate record,,,,,
2014-02,TOA PAYOH,3 ROOM,206,TOA PAYOH NTH,10 TO 12,65.0,Improved,1973,46,368000.0,2014-02,TOA PAYOH,3 ROOM,IMPROVED,10 TO 12,2014-02-01,True,True,True,True,10,12,True,True,Duplicate record,,,,,
2014-03,KALLANG/WHAMPOA,3 ROOM,98,WHAMPOA DR,01 TO 03,65.0,Improved,1974,47,318000.0,2014-03,KALLANG/WHAMPOA,3 ROOM,IMPROVED,01 TO 03,2014-03-01,True,True,True,True,1,3,True,True,Duplicate record,,,,,
2014-03,SENGKANG,5 ROOM,325A,SENGKANG EAST WAY,13 TO 15,110.0,Improved,2003,76,570000.0,2014-03,SENGKANG,5 ROOM,IMPROVED,13 TO 15,2014-03-01,True,True,True,True,13,15,True,True,Duplicate record,,,,,
2014-04,ANG MO KIO,3 ROOM,128,ANG MO KIO AVE 3,01 TO 03,67.0,New Generation,1978,51,345000.0,2014-04,ANG MO KIO,3 ROOM,NEW GENERATION,01 TO 03,2014-04-01,True,True,True,True,1,3,True,True,Duplicate record,,,,,
2014-04,ANG MO KIO,3 ROOM,321,ANG MO KIO AVE 1,04 TO 06,73.0,New Generation,1977,50,382888.0,2014-04,ANG MO KIO,3 ROOM,NEW GENERATION,04 TO 06,2014-04-01,True,True,True,True,4,6,True,True,Duplicate record,,,,,
2014-04,BISHAN,3 ROOM,22,SIN MING RD,10 TO 12,68.0,Improved,1973,46,293000.0,2014-04,BISHAN,3 ROOM,IMPROVED,10 TO 12,2014-04-01,True,True,True,True,10,12,True,True,Duplicate record,,,,,
2014-04,BUKIT MERAH,4 ROOM,34,TELOK BLANGAH WAY,10 TO 12,82.0,Improved,1976,49,440000.0,2014-04,BUKIT MERAH,4 ROOM,IMPROVED,10 TO 12,2014-04-01,True,True,True,True,10,12,True,True,Duplicate record,,,,,
2014-04,JURONG WEST,3 ROOM,492,JURONG WEST ST 41,04 TO 06,64.0,Simplified,1986,59,300000.0,2014-04,JURONG WEST,3 ROOM,SIMPLIFIED,04 TO 06,2014-04-01,True,True,True,True,4,6,True,True,Duplicate record,,,,,
2014-04,PUNGGOL,5 ROOM,101B,PUNGGOL FIELD,04 TO 06,110.0,Improved,2002,75,498000.0,2014-04,PUNGGOL,5 ROOM,IMPROVED,04 TO 06,2014-04-01,True,True,True,True,4,6,True,True,Duplicate record,,,,,
2014-04,SERANGOON,3 ROOM,223,SERANGOON AVE 4,04 TO 06,71.0,New Generation,1984,57,355000.0,2014-04,SERANGOON,3 ROOM,NEW GENERATION,04 TO 06,2014-04-01,True,True,True,True,4,6,True,True,Duplicate record,,,,,
2014-05,BEDOK,3 ROOM,138,BEDOK NTH ST 2,04 TO 06,67.0,New Generation,1978,51,340000.0,2014-05,BEDOK,3 ROOM,NEW GENERATION,04 TO 06,2014-05-01,True,True,True,True,4,6,True,True,Duplicate record,,,,,
2014-05,BEDOK,3 ROOM,503,BEDOK NTH ST 3,07 TO 09,59.0,Improved,1978,51,309000.0,2014-05,BEDOK,3 ROOM,IMPROVED,07 TO 09,2014-05-01,True,True,True,True,7,9,True,True,Duplicate record,,,,,
2014-05,HOUGANG,3 ROOM,629,HOUGANG AVE 8,07 TO 09,64.0,Simplified,1986,59,310000.0,2014-05,HOUGANG,3 ROOM,SIMPLIFIED,07 TO 09,2014-05-01,True,True,True,True,7,9,True,True,Duplicate record,,,,,
2014-05,JURONG EAST,5 ROOM,230,JURONG EAST ST 21,16 TO 18,120.0,Improved,1981,54,620000.0,2014-05,JURONG EAST,5 ROOM,IMPROVED,16 TO 18,2014-05-01,True,True,True,True,16,18,True,True,Duplicate record,,,,,
2014-05,JURONG WEST,4 ROOM,663A,JURONG WEST ST 65,01 TO 03,90.0,Model A,2000,73,400000.0,2014-05,JURONG WEST,4 ROOM,MODEL A,01 TO 03,2014-05-01,True,True,True,True,1,3,True,True,Duplicate record,,,,,
2014-05,PASIR RIS,4 ROOM,473,PASIR RIS DR 6,04 TO 06,103.0,Model A,1989,62,410000.0,2014-05,PASIR RIS,4 ROOM,MODEL A,04 TO 06,2014-05-01,True,True,True,True,4,6,True,True,Duplicate record,,,,,
2014-05,TAMPINES,4 ROOM,291,TAMPINES ST 22,07 TO 09,104.0,Model A,1984,57,438000.0,2014-05,TAMPINES,4 ROOM,MODEL A,07 TO 09,2014-05-01,True,True,True,True,7,9,True,True,Duplicate record,,,,,
2014-05,YISHUN,3 ROOM,269,YISHUN ST 22,07 TO 09,64.0,Simplified,1988,61,283000.0,2014-05,YISHUN,3 ROOM,SIMPLIFIED,07 TO 09,2014-05-01,True,True,True,True,7,9,True,True,Duplicate record,,,,,
2014-05,YISHUN,5 ROOM,367,YISHUN RING RD,04 TO 06,122.0,Improved,1988,61,450000.0,2014-05,YISHUN,5 ROOM,IMPROVED,04 TO 06,2014-05-01,True,True,True,True,4,6,True,True,Duplicate record,,,,,
2014-06,BEDOK,3 ROOM,609,BEDOK RESERVOIR RD,07 TO 09,81.0,New Generation,1982,55,375000.0,2014-06,BEDOK,3 ROOM,NEW GENERATION,07 TO 09,2014-06-01,True,True,True,True,7,9,True,True,Duplicate record,,,,,
2014-06,BUKIT BATOK,4 ROOM,288E,BT BATOK ST 25,04 TO 06,102.0,Model A,1998,71,420000.0,2014-06,BUKIT BATOK,4 ROOM,MODEL A,04 TO 06,2014-06-01,True,True,True,True,4,6,True,True,Duplicate record,,,,,
2014-07,ANG MO KIO,3 ROOM,422,ANG MO KIO AVE 3,07 TO 09,73.0,New Generation,1979,52,395000.0,2014-07,ANG MO KIO,3 ROOM,NEW GENERATION,07 TO 09,2014-07-01,True,True,True,True,7,9,True,True,Duplicate record,,,,,
2014-07,BEDOK,3 ROOM,74,BEDOK NTH RD,07 TO 09,59.0,Improved,1978,51,304000.0,2014-07,BEDOK,3 ROOM,IMPROVED,07 TO 09,2014-07-01,True,True,True,True,7,9,True,True,Duplicate record,,,,,
2014-07,KALLANG/WHAMPOA,3 ROOM,43,BENDEMEER RD,07 TO 09,63.0,Standard,1981,54,310000.0,2014-07,KALLANG/WHAMPOA,3 ROOM,STANDARD,07 TO 09,2014-07-01,True,True,True,True,7,9,True,True,Duplicate record,,,,,
2014-07,TAMPINES,4 ROOM,285,TAMPINES ST 22,04 TO 06,103.0,Model A,1984,57,435000.0,2014-07,TAMPINES,4 ROOM,MODEL A,04 TO 06,2014-07-01,True,True,True,True,4,6,True,True,Duplicate record,,,,,
2014-09,BEDOK,3 ROOM,74,BEDOK NTH RD,10 TO 12,59.0,Improved,1978,51,301000.0,2014-09,BEDOK,3 ROOM,IMPROVED,10 TO 12,2014-09-01,True,True,True,True,10,12,True,True,Duplicate record,,,,,
2014-09,KALLANG/WHAMPOA,3 ROOM,107,TOWNER RD,04 TO 06,74.0,Model A,1983,56,414000.0,2014-09,KALLANG/WHAMPOA,3 ROOM,MODEL A,04 TO 06,2014-09-01,True,True,True,True,4,6,True,True,Duplicate record,,,,,
2014-10,KALLANG/WHAMPOA,3 ROOM,64,KALLANG BAHRU,04 TO 06,65.0,Improved,1974,47,333800.0,2014-10,KALLANG/WHAMPOA,3 ROOM,IMPROVED,04 TO 06,2014-10-01,True,True,True,True,4,6,True,True,Duplicate record,,,,,
2014-11,QUEENSTOWN,3 ROOM,97,C'WEALTH CRES,10 TO 12,59.0,Standard,1970,43,305000.0,2014-11,QUEENSTOWN,3 ROOM,STANDARD,10 TO 12,2014-11-01,True,True,True,True,10,12,True,True,Duplicate record,,,,,
2014-11,TAMPINES,3 ROOM,217,TAMPINES ST 23,04 TO 06,67.0,New Generation,1986,59,333333.0,2014-11,TAMPINES,3 ROOM,NEW GENERATION,04 TO 06,2014-11-01,True,True,True,True,4,6,True,True,Duplicate record,,,,,
2014-12,BEDOK,3 ROOM,109,BEDOK NTH RD,04 TO 06,67.0,New Generation,1977,50,306000.0,2014-12,BEDOK,3 ROOM,NEW GENERATION,04 TO 06,2014-12-01,True,True,True,True,4,6,True,True,Duplicate record,,,,,
2014-12,YISHUN,4 ROOM,821,YISHUN ST 81,04 TO 06,104.0,Model A,1987,60,390000.0,2014-12,YISHUN,4 ROOM,MODEL A,04 TO 06,2014-12-01,True,True,True,True,4,6,True,True,Duplicate record,,,,,
2015-02,BEDOK,3 ROOM,529,BEDOK NTH ST 3,10 TO 12,68.0,New Generation,1979,52,300000.0,2015-02,BEDOK,3 ROOM,NEW GENERATION,10 TO 12,2015-02-01,True,True,True,True,10,12,True,True,Duplicate record,,,,,
2015-03,SENGKANG,4 ROOM,439B,SENGKANG WEST AVE,04 TO 06,94.0,Model A,2011,84,402000.0,2015-03,SENGKANG,4 ROOM,MODEL A,04 TO 06,2015-03-01,True,True,True,True,4,6,True,True,Duplicate record,,,,,
2015-04,JURONG WEST,4 ROOM,617,JURONG WEST ST 65,04 TO 06,90.0,Model A2,2000,73,369000.0,2015-04,JURONG WEST,4 ROOM,MODEL A2,04 TO 06,2015-04-01,True,True,True,True,4,6,True,True,Duplicate record,,,,,
2015-04,TAMPINES,5 ROOM,518D,TAMPINES CTRL 7,10 TO 12,109.0,DBSS,2008,81,682000.0,2015-04,TAMPINES,5 ROOM,DBSS,10 TO 12,2015-04-01,True,True,True,True,10,12,True,True,Duplicate record,,,,,
2015-06,JURONG EAST,3 ROOM,44,TEBAN GDNS RD,07 TO 09,68.0,New Generation,1985,58,283000.0,2015-06,JURONG EAST,3 ROOM,NEW GENERATION,07 TO 09,2015-06-01,True,True,True,True,7,9,True,True,Duplicate record,,,,,
2015-06,PUNGGOL,5 ROOM,173A,PUNGGOL FIELD,07 TO 09,110.0,Improved,2003,76,425000.0,2015-06,PUNGGOL,5 ROOM,IMPROVED,07 TO 09,2015-06-01,True,True,True,True,7,9,True,True,Duplicate record,,,,,
2015-08,BEDOK,3 ROOM,202,BEDOK NTH ST 1,07 TO 09,67.0,New Generation,1979,52,350000.0,2015-08,BEDOK,3 ROOM,NEW GENERATION,07 TO 09,2015-08-01,True,True,True,True,7,9,True,True,Duplicate record,,,,,
2015-08,QUEENSTOWN,3 ROOM,89,C'WEALTH DR,07 TO 09,60.0,Standard,1967,40,320000.0,2015-08,QUEENSTOWN,3 ROOM,STANDARD,07 TO 09,2015-08-01,True,True,True,True,7,9,True,True,Duplicate record,,,,,
2015-09,PUNGGOL,5 ROOM,176C,EDGEFIELD PLAINS,13 TO 15,111.0,Improved,2003,76,455000.0,2015-09,PUNGGOL,5 ROOM,IMPROVED,13 TO 15,2015-09-01,True,True,True,True,13,15,True,True,Duplicate record,,,,,
2015-09,SEMBAWANG,4 ROOM,357A,ADMIRALTY DR,13 TO 15,95.0,Premium Apartment,2001,74,385000.0,2015-09,SEMBAWANG,4 ROOM,PREMIUM APARTMENT,13 TO 15,2015-09-01,True,True,True,True,13,15,True,True,Duplicate record,,,,,
2015-10,CLEMENTI,5 ROOM,605,CLEMENTI WEST ST 1,19 TO 21,119.0,Improved,1979,52,595000.0,2015-10,CLEMENTI,5 ROOM,IMPROVED,19 TO 21,2015-10-01,True,True,True,True,19,21,True,True,Duplicate record,,,,,
2015-10,YISHUN,3 ROOM,761,YISHUN ST 72,04 TO 06,64.0,Simplified,1986,59,285000.0,2015-10,YISHUN,3 ROOM,SIMPLIFIED,04 TO 06,2015-10-01,True,True,True,True,4,6,True,True,Duplicate record,,,,,
2016-01,PUNGGOL,4 ROOM,601C,PUNGGOL CTRL,10 TO 12,93.0,Model A,2012,85,415000.0,2016-01,PUNGGOL,4 ROOM,MODEL A,10 TO 12,2016-01-01,True,True,True,True,10,12,True,True,Duplicate record,,,,,
2016-03,CLEMENTI,3 ROOM,701,WEST COAST RD,04 TO 06,67.0,New Generation,1980,53,293000.0,2016-03,CLEMENTI,3 ROOM,NEW GENERATION,04 TO 06,2016-03-01,True,True,True,True,4,6,True,True,Duplicate record,,,,,
2016-04,BEDOK,3 ROOM,419,BEDOK NTH ST 1,04 TO 06,68.0,New Generation,1979,52,295000.0,2016-04,BEDOK,3 ROOM,NEW GENERATION,04 TO 06,2016-04-01,True,True,True,True,4,6,True,True,Duplicate record,,,,,
2016-04,JURONG EAST,4 ROOM,108,JURONG EAST ST 13,01 TO 03,90.0,New Generation,1982,55,388000.0,2016-04,JURONG EAST,4 ROOM,NEW GENERATION,01 TO 03,2016-04-01,True,True,True,True,1,3,True,True,Duplicate record,,,,,
2016-04,KALLANG/WHAMPOA,3 ROOM,34,WHAMPOA WEST,10 TO 12,68.0,Improved,1972,45,368000.0,2016-04,KALLANG/WHAMPOA,3 ROOM,IMPROVED,10 TO 12,2016-04-01,True,True,True,True,10,12,True,True,Duplicate record,,,,,
2016-04,PUNGGOL,EXECUTIVE,118,EDGEFIELD PLAINS,13 TO 15,130.0,Premium Apartment,2003,76,560000.0,2016-04,PUNGGOL,EXECUTIVE,PREMIUM APARTMENT,13 TO 15,2016-04-01,True,True,True,True,13,15,True,True,Duplicate record,,,,,
2016-04,TAMPINES,3 ROOM,437,TAMPINES ST 43,10 TO 12,74.0,Model A,1986,59,325000.0,2016-04,TAMPINES,3 ROOM,MODEL A,10 TO 12,2016-04-01,True,True,True,True,10,12,True,True,Duplicate record,,,,,
2016-04,TAMPINES,4 ROOM,251,TAMPINES ST 21,04 TO 06,103.0,Model A,1985,58,470000.0,2016-04,TAMPINES,4 ROOM,MODEL A,04 TO 06,2016-04-01,True,True,True,True,4,6,True,True,Duplicate record,,,,,
2016-05,SEMBAWANG,EXECUTIVE,357B,ADMIRALTY DR,01 TO 03,131.0,Premium Apartment,2001,74,455000.0,2016-05,SEMBAWANG,EXECUTIVE,PREMIUM APARTMENT,01 TO 03,2016-05-01,True,True,True,True,1,3,True,True,Duplicate record,,,,,
2016-06,BUKIT MERAH,3 ROOM,141,JLN BT MERAH,10 TO 12,67.0,New Generation,1979,52,318000.0,2016-06,BUKIT MERAH,3 ROOM,NEW GENERATION,10 TO 12,2016-06-01,True,True,True,True,10,12,True,True,Duplicate record,,,,,
2016-06,SEMBAWANG,4 ROOM,467,ADMIRALTY DR,04 TO 06,102.0,Premium Apartment,2001,74,361000.0,2016-06,SEMBAWANG,4 ROOM,PREMIUM APARTMENT,04 TO 06,2016-06-01,True,True,True,True,4,6,True,True,Duplicate record,,,,,
2016-06,WOODLANDS,4 ROOM,665,WOODLANDS RING RD,07 TO 09,85.0,Model A2,2000,73,350000.0,2016-06,WOODLANDS,4 ROOM,MODEL A2,07 TO 09,2016-06-01,True,True,True,True,7,9,True,True,Duplicate record,,,,,
2016-08,CHOA CHU KANG,5 ROOM,568,CHOA CHU KANG ST 52,04 TO 06,129.0,Improved,1995,68,432000.0,2016-08,CHOA CHU KANG,5 ROOM,IMPROVED,04 TO 06,2016-08-01,True,True,True,True,4,6,True,True,Duplicate record,,,,,
2016-08,SERANGOON,3 ROOM,209,SERANGOON CTRL,07 TO 09,64.0,Simplified,1985,58,355000.0,2016-08,SERANGOON,3 ROOM,SIMPLIFIED,07 TO 09,2016-08-01,True,True,True,True,7,9,True,True,Duplicate record,,,,,
2016-09,ANG MO KIO,3 ROOM,180,ANG MO KIO AVE 5,01 TO 03,68.0,New Generation,1981,54,272000.0,2016-09,ANG MO KIO,3 ROOM,NEW GENERATION,01 TO 03,2016-09-01,True,True,True,True,1,3,True,True,Duplicate record,,,,,
2016-11,CENTRAL AREA,3 ROOM,9,SELEGIE RD,13 TO 15,56.0,Standard,1974,47,363000.0,2016-11,CENTRAL AREA,3 ROOM,STANDARD,13 TO 15,2016-11-01,True,True,True,True,13,15,True,True,Duplicate record,,,,,
2016-11,SENGKANG,4 ROOM,443A,FERNVALE RD,13 TO 15,94.0,Model A,2012,85,440688.0,2016-11,SENGKANG,4 ROOM,MODEL A,13 TO 15,2016-11-01,True,True,True,True,13,15,True,True,Duplicate record,,,,,
2012-03,BISHAN,EXECUTIVE,257,BISHAN ST 22,06 TO 10,148.0,Maisonette,1992,65,728000.0,2012-03,BISHAN,EXECUTIVE,MAISONETTE,06 TO 10,2012-03-01,True,True,True,True,6,10,True,True,Duplicate record,,,,,
2012-03,BUKIT BATOK,5 ROOM,257,BT BATOK EAST AVE 4,01 TO 05,121.0,Improved,1985,58,461000.0,2012-03,BUKIT BATOK,5 ROOM,IMPROVED,01 TO 05,2012-03-01,True,True,True,True,1,5,True,True,Duplicate record,,,,,
2012-03,GEYLANG,4 ROOM,10,EUNOS CRES,11 TO 15,91.0,New Generation,1978,51,492000.0,2012-03,GEYLANG,4 ROOM,NEW GENERATION,11 TO 15,2012-03-01,True,True,True,True,11,15,True,True,Duplicate record,,,,,
2012-03,KALLANG/WHAMPOA,3 ROOM,44,BENDEMEER RD,01 TO 05,63.0,Standard,1981,54,313888.0,2012-03,KALLANG/WHAMPOA,3 ROOM,STANDARD,01 TO 05,2012-03-01,True,True,True,True,1,5,True,True,Duplicate record,,,,,
2012-03,TAMPINES,3 ROOM,826,TAMPINES ST 81,01 TO 05,67.0,New Generation,1987,60,305000.0,2012-03,TAMPINES,3 ROOM,NEW GENERATION,01 TO 05,2012-03-01,True,True,True,True,1,5,True,True,Duplicate record,,,,,
2012-03,WOODLANDS,5 ROOM,687C,WOODLANDS DR 75,11 TO 15,114.0,Premium Apartment,2003,76,473000.0,2012-03,WOODLANDS,5 ROOM,PREMIUM APARTMENT,11 TO 15,2012-03-01,True,True,True,True,11,15,True,True,Duplicate record,,,,,
2012-04,ANG MO KIO,3 ROOM,441,ANG MO KIO AVE 10,01 TO 05,67.0,New Generation,1979,52,337000.0,2012-04,ANG MO KIO,3 ROOM,NEW GENERATION,01 TO 05,2012-04-01,True,True,True,True,1,5,True,True,Duplicate record,,,,,
2012-04,BEDOK,5 ROOM,20,BEDOK STH RD,16 TO 20,117.0,Standard,1976,49,700000.0,2012-04,BEDOK,5 ROOM,STANDARD,16 TO 20,2012-04-01,True,True,True,True,16,20,True,True,Duplicate record,,,,,
2012-04,BUKIT BATOK,4 ROOM,511,BT BATOK ST 52,06 TO 10,84.0,Simplified,1986,59,353000.0,2012-04,BUKIT BATOK,4 ROOM,SIMPLIFIED,06 TO 10,2012-04-01,True,True,True,True,6,10,True,True,Duplicate record,,,,,
2012-04,PUNGGOL,4 ROOM,195D,PUNGGOL RD,01 TO 05,90.0,Premium Apartment,2007,80,473000.0,2012-04,PUNGGOL,4 ROOM,PREMIUM APARTMENT,01 TO 05,2012-04-01,True,True,True,True,1,5,True,True,Duplicate record,,,,,
2012-04,TOA PAYOH,4 ROOM,227,LOR 8 TOA PAYOH,01 TO 05,82.0,Improved,1976,49,375000.0,2012-04,TOA PAYOH,4 ROOM,IMPROVED,01 TO 05,2012-04-01,True,True,True,True,1,5,True,True,Duplicate record,,,,,
2012-04,WOODLANDS,3 ROOM,15,MARSILING LANE,01 TO 05,65.0,Improved,1976,49,280000.0,2012-04,WOODLANDS,3 ROOM,IMPROVED,01 TO 05,2012-04-01,True,True,True,True,1,5,True,True,Duplicate record,,,,,
2012-05,BUKIT BATOK,3 ROOM,539,BT BATOK ST 52,06 TO 10,73.0,Model A,1987,60,340000.0,2012-05,BUKIT BATOK,3 ROOM,MODEL A,06 TO 10,2012-05-01,True,True,True,True,6,10,True,True,Duplicate record,,,,,
2012-05,BUKIT MERAH,3 ROOM,22,HAVELOCK RD,06 TO 10,64.0,Standard,1969,42,395000.0,2012-05,BUKIT MERAH,3 ROOM,STANDARD,06 TO 10,2012-05-01,True,True,True,True,6,10,True,True,Duplicate record,,,,,
2012-05,BUKIT MERAH,4 ROOM,48,LENGKOK BAHRU,06 TO 10,84.0,Simplified,1986,59,488000.0,2012-05,BUKIT MERAH,4 ROOM,SIMPLIFIED,06 TO 10,2012-05-01,True,True,True,True,6,10,True,True,Duplicate record,,,,,
2012-05,CLEMENTI,3 ROOM,304,CLEMENTI AVE 4,11 TO 15,67.0,New Generation,1979,52,401000.0,2012-05,CLEMENTI,3 ROOM,NEW GENERATION,11 TO 15,2012-05-01,True,True,True,True,11,15,True,True,Duplicate record,,,,,
2012-05,JURONG WEST,3 ROOM,481,JURONG WEST ST 41,01 TO 05,67.0,New Generation,1985,58,305000.0,2012-05,JURONG WEST,3 ROOM,NEW GENERATION,01 TO 05,2012-05-01,True,True,True,True,1,5,True,True,Duplicate record,,,,,
2012-05,JURONG WEST,3 ROOM,914,JURONG WEST ST 91,01 TO 05,73.0,Model A,1988,61,312000.0,2012-05,JURONG WEST,3 ROOM,MODEL A,01 TO 05,2012-05-01,True,True,True,True,1,5,True,True,Duplicate record,,,,,
2012-05,JURONG WEST,5 ROOM,654C,JURONG WEST ST 61,01 TO 05,111.0,Improved,2002,75,481000.0,2012-05,JURONG WEST,5 ROOM,IMPROVED,01 TO 05,2012-05-01,True,True,True,True,1,5,True,True,Duplicate record,,,,,
2012-05,JURONG WEST,5 ROOM,663A,JURONG WEST ST 65,01 TO 05,110.0,Improved,2000,73,480000.0,2012-05,JURONG WEST,5 ROOM,IMPROVED,01 TO 05,2012-05-01,True,True,True,True,1,5,True,True,Duplicate record,,,,,
2012-05,JURONG WEST,5 ROOM,823,JURONG WEST ST 81,11 TO 15,121.0,Improved,1990,63,448000.0,2012-05,JURONG WEST,5 ROOM,IMPROVED,11 TO 15,2012-05-01,True,True,True,True,11,15,True,True,Duplicate record,,,,,
2012-05,KALLANG/WHAMPOA,3 ROOM,73,GEYLANG BAHRU,01 TO 05,59.0,Improved,1974,47,303000.0,2012-05,KALLANG/WHAMPOA,3 ROOM,IMPROVED,01 TO 05,2012-05-01,True,True,True,True,1,5,True,True,Duplicate record,,,,,
2012-05,WOODLANDS,4 ROOM,105,WOODLANDS ST 13,06 TO 10,91.0,New Generation,1985,58,370000.0,2012-05,WOODLANDS,4 ROOM,NEW GENERATION,06 TO 10,2012-05-01,True,True,True,True,6,10,True,True,Duplicate record,,,,,
2012-05,WOODLANDS,4 ROOM,623,WOODLANDS DR 52,01 TO 05,102.0,Model A,1998,71,393000.0,2012-05,WOODLANDS,4 ROOM,MODEL A,01 TO 05,2012-05-01,True,True,True,True,1,5,True,True,Duplicate record,,,,,
2012-06,ANG MO KIO,3 ROOM,565,ANG MO KIO AVE 3,10 TO 12,68.0,New Generation,1980,53,340000.0,2012-06,ANG MO KIO,3 ROOM,NEW GENERATION,10 TO 12,2012-06-01,True,True,True,True,10,12,True,True,Duplicate record,,,,,
2012-06,KALLANG/WHAMPOA,4 ROOM,59A,GEYLANG BAHRU,01 TO 03,101.0,Model A,1998,71,497000.0,2012-06,KALLANG/WHAMPOA,4 ROOM,MODEL A,01 TO 03,2012-06-01,True,True,True,True,1,3,True,True,Duplicate record,,,,,
2012-06,PUNGGOL,5 ROOM,126D,EDGEDALE PLAINS,01 TO 03,110.0,Improved,2003,76,510000.0,2012-06,PUNGGOL,5 ROOM,IMPROVED,01 TO 03,2012-06-01,True,True,True,True,1,3,True,True,Duplicate record,,,,,
2012-06,YISHUN,4 ROOM,638,YISHUN ST 61,04 TO 06,84.0,Simplified,1987,60,360000.0,2012-06,YISHUN,4 ROOM,SIMPLIFIED,04 TO 06,2012-06-01,True,True,True,True,4,6,True,True,Duplicate record,,,,,
2012-07,JURONG WEST,4 ROOM,447,JURONG WEST ST 42,01 TO 03,103.0,Model A,1984,57,385000.0,2012-07,JURONG WEST,4 ROOM,MODEL A,01 TO 03,2012-07-01,True,True,True,True,1,3,True,True,Duplicate record,,,,,
2012-07,KALLANG/WHAMPOA,3 ROOM,462,CRAWFORD LANE,10 TO 12,60.0,Improved,1981,54,390000.0,2012-07,KALLANG/WHAMPOA,3 ROOM,IMPROVED,10 TO 12,2012-07-01,True,True,True,True,10,12,True,True,Duplicate record,,,,,
2012-07,SERANGOON,EXECUTIVE,418,SERANGOON CTRL,04 TO 06,146.0,Maisonette,1989,62,816000.0,2012-07,SERANGOON,EXECUTIVE,MAISONETTE,04 TO 06,2012-07-01,True,True,True,True,4,6,True,True,Duplicate record,,,,,
2012-09,WOODLANDS,4 ROOM,619,WOODLANDS DR 52,04 TO 06,91.0,Model A2,1998,71,375000.0,2012-09,WOODLANDS,4 ROOM,MODEL A2,04 TO 06,2012-09-01,True,True,True,True,4,6,True,True,Duplicate record,,,,,
2012-10,BEDOK,3 ROOM,709,BEDOK RESERVOIR RD,01 TO 03,68.0,New Generation,1981,54,325000.0,2012-10,BEDOK,3 ROOM,NEW GENERATION,01 TO 03,2012-10-01,True,True,True,True,1,3,True,True,Duplicate record,,,,,
2012-10,JURONG WEST,3 ROOM,215,BOON LAY PL,07 TO 09,66.0,Improved,1974,47,305000.0,2012-10,JURONG WEST,3 ROOM,IMPROVED,07 TO 09,2012-10-01,True,True,True,True,7,9,True,True,Duplicate record,,,,,
2012-10,WOODLANDS,4 ROOM,787D,WOODLANDS CRES,07 TO 09,100.0,Model A,1997,70,415000.0,2012-10,WOODLANDS,4 ROOM,MODEL A,07 TO 09,2012-10-01,True,True,True,True,7,9,True,True,Duplicate record,,,,,
2012-11,KALLANG/WHAMPOA,4 ROOM,112,MCNAIR RD,01 TO 03,104.0,Model A,1987,60,542500.0,2012-11,KALLANG/WHAMPOA,4 ROOM,MODEL A,01 TO 03,2012-11-01,True,True,True,True,1,3,True,True,Duplicate record,,,,,
2012-11,TOA PAYOH,4 ROOM,222,LOR 8 TOA PAYOH,19 TO 21,82.0,Improved,1976,49,425000.0,2012-11,TOA PAYOH,4 ROOM,IMPROVED,19 TO 21,2012-11-01,True,True,True,True,19,21,True,True,Duplicate record,,,,,
2012-11,YISHUN,3 ROOM,746,YISHUN ST 72,10 TO 12,67.0,New Generation,1984,57,375000.0,2012-11,YISHUN,3 ROOM,NEW GENERATION,10 TO 12,2012-11-01,True,True,True,True,10,12,True,True,Duplicate record,,,,,
2013-01,KALLANG/WHAMPOA,4 ROOM,95,WHAMPOA DR,10 TO 12,91.0,Improved,1974,47,510000.0,2013-01,KALLANG/WHAMPOA,4 ROOM,IMPROVED,10 TO 12,2013-01-01,True,True,True,True,10,12,True,True,Duplicate record,,,,,
2013-01,WOODLANDS,EXECUTIVE,520,WOODLANDS DR 14,01 TO 03,141.0,Premium Apartment,2000,73,534000.0,2013-01,WOODLANDS,EXECUTIVE,PREMIUM APARTMENT,01 TO 03,2013-01-01,True,True,True,True,1,3,True,True,Duplicate record,,,,,
2013-03,JURONG EAST,3 ROOM,252,JURONG EAST ST 24,01 TO 03,67.0,New Generation,1985,58,343000.0,2013-03,JURONG EAST,3 ROOM,NEW GENERATION,01 TO 03,2013-03-01,True,True,True,True,1,3,True,True,Duplicate record,,,,,
2013-03,SENGKANG,5 ROOM,255,COMPASSVALE RD,13 TO 15,116.0,Improved,2000,73,535000.0,2013-03,SENGKANG,5 ROOM,IMPROVED,13 TO 15,2013-03-01,True,True,True,True,13,15,True,True,Duplicate record,,,,,
2013-03,TOA PAYOH,4 ROOM,79E,TOA PAYOH CTRL,16 TO 18,91.0,Model A,2009,82,750000.0,2013-03,TOA PAYOH,4 ROOM,MODEL A,16 TO 18,2013-03-01,True,True,True,True,16,18,True,True,Duplicate record,,,,,
2013-03,WOODLANDS,4 ROOM,720,WOODLANDS AVE 6,01 TO 03,100.0,Model A,1997,70,435000.0,2013-03,WOODLANDS,4 ROOM,MODEL A,01 TO 03,2013-03-01,True,True,True,True,1,3,True,True,Duplicate record,,,,,
2013-04,JURONG WEST,5 ROOM,276B,JURONG WEST AVE 3,07 TO 09,111.0,Improved,2002,75,478000.0,2013-04,JURONG WEST,5 ROOM,IMPROVED,07 TO 09,2013-04-01,True,True,True,True,7,9,True,True,Duplicate record,,,,,
2013-04,TAMPINES,4 ROOM,130,SIMEI ST 1,04 TO 06,84.0,Simplified,1987,60,445000.0,2013-04,TAMPINES,4 ROOM,SIMPLIFIED,04 TO 06,2013-04-01,True,True,True,True,4,6,True,True,Duplicate record,,,,,
2013-04,WOODLANDS,3 ROOM,146,WOODLANDS ST 13,07 TO 09,68.0,New Generation,1985,58,336888.0,2013-04,WOODLANDS,3 ROOM,NEW GENERATION,07 TO 09,2013-04-01,True,True,True,True,7,9,True,True,Duplicate record,,,,,
2013-04,WOODLANDS,3 ROOM,30,MARSILING DR,13 TO 15,73.0,New Generation,1977,50,345000.0,2013-04,WOODLANDS,3 ROOM,NEW GENERATION,13 TO 15,2013-04-01,True,True,True,True,13,15,True,True,Duplicate record,,,,,
2013-05,BEDOK,3 ROOM,548,BEDOK NTH AVE 1,10 TO 12,68.0,New Generation,1980,53,354000.0,2013-05,BEDOK,3 ROOM,NEW GENERATION,10 TO 12,2013-05-01,True,True,True,True,10,12,True,True,Duplicate record,,,,,
2013-05,JURONG WEST,3 ROOM,186,BOON LAY AVE,01 TO 03,59.0,Improved,1975,48,267000.0,2013-05,JURONG WEST,3 ROOM,IMPROVED,01 TO 03,2013-05-01,True,True,True,True,1,3,True,True,Duplicate record,,,,,
2013-06,KALLANG/WHAMPOA,3 ROOM,65,KALLANG BAHRU,04 TO 06,65.0,Improved,1981,54,325000.0,2013-06,KALLANG/WHAMPOA,3 ROOM,IMPROVED,04 TO 06,2013-06-01,True,True,True,True,4,6,True,True,Duplicate record,,,,,
2013-07,HOUGANG,3 ROOM,252,HOUGANG AVE 3,04 TO 06,67.0,New Generation,1985,58,344000.0,2013-07,HOUGANG,3 ROOM,NEW GENERATION,04 TO 06,2013-07-01,True,True,True,True,4,6,True,True,Duplicate record,,,,,
2013-08,BEDOK,3 ROOM,18,BEDOK STH RD,07 TO 09,65.0,Improved,1976,49,340000.0,2013-08,BEDOK,3 ROOM,IMPROVED,07 TO 09,2013-08-01,True,True,True,True,7,9,True,True,Duplicate record,,,,,
2013-08,BEDOK,4 ROOM,706,BEDOK NTH RD,04 TO 06,91.0,New Generation,1980,53,410000.0,2013-08,BEDOK,4 ROOM,NEW GENERATION,04 TO 06,2013-08-01,True,True,True,True,4,6,True,True,Duplicate record,,,,,
2013-08,GEYLANG,3 ROOM,39,CIRCUIT RD,07 TO 09,57.0,Standard,1971,44,310000.0,2013-08,GEYLANG,3 ROOM,STANDARD,07 TO 09,2013-08-01,True,True,True,True,7,9,True,True,Duplicate record,,,,,
2013-08,SENGKANG,EXECUTIVE,298D,COMPASSVALE ST,01 TO 03,134.0,Premium Apartment,2001,74,580000.0,2013-08,SENGKANG,EXECUTIVE,PREMIUM APARTMENT,01 TO 03,2013-08-01,True,True,True,True,1,3,True,True,Duplicate record,,,,,
2013-08,WOODLANDS,3 ROOM,206,MARSILING DR,04 TO 06,68.0,New Generation,1981,54,300000.0,2013-08,WOODLANDS,3 ROOM,NEW GENERATION,04 TO 06,2013-08-01,True,True,True,True,4,6,True,True,Duplicate record,,,,,
2013-10,BEDOK,3 ROOM,77,BEDOK NTH RD,01 TO 03,60.0,Improved,1986,59,295000.0,2013-10,BEDOK,3 ROOM,IMPROVED,01 TO 03,2013-10-01,True,True,True,True,1,3,True,True,Duplicate record,,,,,
2013-10,BEDOK,3 ROOM,77,BEDOK NTH RD,01 TO 03,60.0,Improved,1986,59,292000.0,2013-10,BEDOK,3 ROOM,IMPROVED,01 TO 03,2013-10-01,True,True,True,True,1,3,True,True,Duplicate record,,,,,
2013-10,BISHAN,5 ROOM,138,BISHAN ST 12,01 TO 03,130.0,Improved,1987,60,650000.0,2013-10,BISHAN,5 ROOM,IMPROVED,01 TO 03,2013-10-01,True,True,True,True,1,3,True,True,Duplicate record,,,,,
2013-10,BUKIT MERAH,3 ROOM,77,INDUS RD,04 TO 06,63.0,Improved,1973,46,385000.0,2013-10,BUKIT MERAH,3 ROOM,IMPROVED,04 TO 06,2013-10-01,True,True,True,True,4,6,True,True,Duplicate record,,,,,
2013-10,JURONG WEST,3 ROOM,926,JURONG WEST ST 92,01 TO 03,73.0,Model A,1989,62,321000.0,2013-10,JURONG WEST,3 ROOM,MODEL A,01 TO 03,2013-10-01,True,True,True,True,1,3,True,True,Duplicate record,,,,,
2013-10,YISHUN,5 ROOM,760,YISHUN ST 72,01 TO 03,122.0,Improved,1987,60,479000.0,2013-10,YISHUN,5 ROOM,IMPROVED,01 TO 03,2013-10-01,True,True,True,True,1,3,True,True,Duplicate record,,,,,
2013-11,BUKIT MERAH,3 ROOM,26D,JLN MEMBINA,13 TO 15,60.0,Model A,2009,82,540000.0,2013-11,BUKIT MERAH,3 ROOM,MODEL A,13 TO 15,2013-11-01,True,True,True,True,13,15,True,True,Duplicate record,,,,,
2013-12,YISHUN,4 ROOM,625,YISHUN ST 61,04 TO 06,83.0,Simplified,1987,60,403000.0,2013-12,YISHUN,4 ROOM,SIMPLIFIED,04 TO 06,2013-12-01,True,True,True,True,4,6,True,True,Duplicate record,,,,,
2014-01,MARINE PARADE,3 ROOM,6,MARINE TER,04 TO 06,65.0,Improved,1975,48,393000.0,2014-01,MARINE PARADE,3 ROOM,IMPROVED,04 TO 06,2014-01-01,True,True,True,True,4,6,True,True,Duplicate record,,,,,
2014-01,TAMPINES,3 ROOM,226,TAMPINES ST 23,10 TO 12,73.0,Model A,1985,58,385000.0,2014-01,TAMPINES,3 ROOM,MODEL A,10 TO 12,2014-01-01,True,True,True,True,10,12,True,True,Duplicate record,,,,,
2014-03,ANG MO KIO,3 ROOM,603,ANG MO KIO AVE 5,10 TO 12,81.0,New Generation,1980,53,390000.0,2014-03,ANG MO KIO,3 ROOM,NEW GENERATION,10 TO 12,2014-03-01,True,True,True,True,10,12,True,True,Duplicate record,,,,,
2014-03,HOUGANG,3 ROOM,240,HOUGANG ST 22,13 TO 15,74.0,Model A,1984,57,360000.0,2014-03,HOUGANG,3 ROOM,MODEL A,13 TO 15,2014-03-01,True,True,True,True,13,15,True,True,Duplicate record,,,,,
2014-03,YISHUN,4 ROOM,746,YISHUN ST 72,04 TO 06,93.0,New Generation,1984,57,454888.0,2014-03,YISHUN,4 ROOM,NEW GENERATION,04 TO 06,2014-03-01,True,True,True,True,4,6,True,True,Duplicate record,,,,,
2014-04,BUKIT MERAH,4 ROOM,119C,KIM TIAN RD,07 TO 09,87.0,Model A,2003,76,620000.0,2014-04,BUKIT MERAH,4 ROOM,MODEL A,07 TO 09,2014-04-01,True,True,True,True,7,9,True,True,Duplicate record,,,,,
2014-04,JURONG WEST,3 ROOM,456,JURONG WEST ST 41,04 TO 06,82.0,New Generation,1985,58,365000.0,2014-04,JURONG WEST,3 ROOM,NEW GENERATION,04 TO 06,2014-04-01,True,True,True,True,4,6,True,True,Duplicate record,,,,,
2014-04,QUEENSTOWN,3 ROOM,170,STIRLING RD,13 TO 15,60.0,Improved,1970,43,357000.0,2014-04,QUEENSTOWN,3 ROOM,IMPROVED,13 TO 15,2014-04-01,True,True,True,True,13,15,True,True,Duplicate record,,,,,
2014-04,SENGKANG,4 ROOM,436B,FERNVALE RD,16 TO 18,96.0,Model A,2010,83,500000.0,2014-04,SENGKANG,4 ROOM,MODEL A,16 TO 18,2014-04-01,True,True,True,True,16,18,True,True,Duplicate record,,,,,
2014-04,SERANGOON,4 ROOM,144,SERANGOON NTH AVE 1,01 TO 03,103.0,Model A,1987,60,408000.0,2014-04,SERANGOON,4 ROOM,MODEL A,01 TO 03,2014-04-01,True,True,True,True,1,3,True,True,Duplicate record,,,,,
2014-04,TAMPINES,3 ROOM,827,TAMPINES ST 81,04 TO 06,83.0,New Generation,1987,60,370000.0,2014-04,TAMPINES,3 ROOM,NEW GENERATION,04 TO 06,2014-04-01,True,True,True,True,4,6,True,True,Duplicate record,,,,,
2014-04,WOODLANDS,5 ROOM,10,MARSILING DR,10 TO 12,126.0,Standard,1976,49,418000.0,2014-04,WOODLANDS,5 ROOM,STANDARD,10 TO 12,2014-04-01,True,True,True,True,10,12,True,True,Duplicate record,,,,,
2014-04,WOODLANDS,5 ROOM,881,WOODLANDS ST 82,07 TO 09,121.0,Improved,1996,69,480000.0,2014-04,WOODLANDS,5 ROOM,IMPROVED,07 TO 09,2014-04-01,True,True,True,True,7,9,True,True,Duplicate record,,,,,
2014-04,YISHUN,4 ROOM,790,YISHUN AVE 2,04 TO 06,103.0,Model A,1987,60,435000.0,2014-04,YISHUN,4 ROOM,MODEL A,04 TO 06,2014-04-01,True,True,True,True,4,6,True,True,Duplicate record,,,,,
2014-05,ANG MO KIO,4 ROOM,596C,ANG MO KIO ST 52,19 TO 21,91.0,Model A,2002,75,613000.0,2014-05,ANG MO KIO,4 ROOM,MODEL A,19 TO 21,2014-05-01,True,True,True,True,19,21,True,True,Duplicate record,,,,,
2014-05,BUKIT MERAH,2 ROOM,28,HOY FATT RD,07 TO 09,47.0,Standard,1967,40,280000.0,2014-05,BUKIT MERAH,2 ROOM,STANDARD,07 TO 09,2014-05-01,True,True,True,True,7,9,True,True,Duplicate record,,,,,
2014-05,BUKIT PANJANG,5 ROOM,471,SEGAR RD,01 TO 03,110.0,Premium Apartment,2002,75,430000.0,2014-05,BUKIT PANJANG,5 ROOM,PREMIUM APARTMENT,01 TO 03,2014-05-01,True,True,True,True,1,3,True,True,Duplicate record,,,,,
2014-05,CHOA CHU KANG,4 ROOM,677,CHOA CHU KANG CRES,04 TO 06,105.0,Premium Apartment,1999,72,410000.0,2014-05,CHOA CHU KANG,4 ROOM,PREMIUM APARTMENT,04 TO 06,2014-05-01,True,True,True,True,4,6,True,True,Duplicate record,,,,,
2014-05,CLEMENTI,3 ROOM,515,WEST COAST RD,04 TO 06,68.0,New Generation,1980,53,310000.0,2014-05,CLEMENTI,3 ROOM,NEW GENERATION,04 TO 06,2014-05-01,True,True,True,True,4,6,True,True,Duplicate record,,,,,
2014-05,GEYLANG,5 ROOM,22,EUNOS CRES,10 TO 12,123.0,Standard,1977,50,550000.0,2014-05,GEYLANG,5 ROOM,STANDARD,10 TO 12,2014-05-01,True,True,True,True,10,12,True,True,Duplicate record,,,,,
2014-05,JURONG WEST,4 ROOM,724,JURONG WEST ST 72,10 TO 12,104.0,Model A,1990,63,377000.0,2014-05,JURONG WEST,4 ROOM,MODEL A,10 TO 12,2014-05-01,True,True,True,True,10,12,True,True,Duplicate record,,,,,
2014-05,MARINE PARADE,3 ROOM,5,MARINE TER,01 TO 03,65.0,Improved,1975,48,390000.0,2014-05,MARINE PARADE,3 ROOM,IMPROVED,01 TO 03,2014-05-01,True,True,True,True,1,3,True,True,Duplicate record,,,,,
2014-05,MARINE PARADE,3 ROOM,5,MARINE TER,01 TO 03,65.0,Improved,1975,48,370000.0,2014-05,MARINE PARADE,3 ROOM,IMPROVED,01 TO 03,2014-05-01,True,True,True,True,1,3,True,True,Duplicate record,,,,,
2014-05,MARINE PARADE,4 ROOM,18,MARINE TER,04 TO 06,88.0,Improved,1975,48,545000.0,2014-05,MARINE PARADE,4 ROOM,IMPROVED,04 TO 06,2014-05-01,True,True,True,True,4,6,True,True,Duplicate record,,,,,
2014-05,QUEENSTOWN,4 ROOM,28A,DOVER CRES,25 TO 27,95.0,Model A,2012,85,721000.0,2014-05,QUEENSTOWN,4 ROOM,MODEL A,25 TO 27,2014-05-01,True,True,True,True,25,27,True,True,Duplicate record,,,,,
2014-05,SEMBAWANG,5 ROOM,486,ADMIRALTY LINK,07 TO 09,110.0,Improved,2004,77,470000.0,2014-05,SEMBAWANG,5 ROOM,IMPROVED,07 TO 09,2014-05-01,True,True,True,True,7,9,True,True,Duplicate record,,,,,
2014-05,WOODLANDS,4 ROOM,721,WOODLANDS CIRCLE,01 TO 03,102.0,Model A,1997,70,360000.0,2014-05,WOODLANDS,4 ROOM,MODEL A,01 TO 03,2014-05-01,True,True,True,True,1,3,True,True,Duplicate record,,,,,
2014-05,YISHUN,3 ROOM,157,YISHUN ST 11,04 TO 06,67.0,New Generation,1985,58,310000.0,2014-05,YISHUN,3 ROOM,NEW GENERATION,04 TO 06,2014-05-01,True,True,True,True,4,6,True,True,Duplicate record,,,,,
2014-05,YISHUN,3 ROOM,216,YISHUN ST 21,01 TO 03,68.0,New Generation,1985,58,332800.0,2014-05,YISHUN,3 ROOM,NEW GENERATION,01 TO 03,2014-05-01,True,True,True,True,1,3,True,True,Duplicate record,,,,,
2014-06,WOODLANDS,5 ROOM,585,WOODLANDS DR 16,07 TO 09,111.0,Improved,2001,74,432500.0,2014-06,WOODLANDS,5 ROOM,IMPROVED,07 TO 09,2014-06-01,True,True,True,True,7,9,True,True,Duplicate record,,,,,
2014-06,WOODLANDS,5 ROOM,896A,WOODLANDS DR 50,07 TO 09,117.0,Improved,1997,70,455000.0,2014-06,WOODLANDS,5 ROOM,IMPROVED,07 TO 09,2014-06-01,True,True,True,True,7,9,True,True,Duplicate record,,,,,
2014-07,YISHUN,3 ROOM,114,YISHUN RING RD,07 TO 09,74.0,Model A,1983,56,312000.0,2014-07,YISHUN,3 ROOM,MODEL A,07 TO 09,2014-07-01,True,True,True,True,7,9,True,True,Duplicate record,,,,,
2014-08,JURONG WEST,5 ROOM,681A,JURONG WEST CTRL 1,10 TO 12,115.0,Premium Apartment,2000,73,495000.0,2014-08,JURONG WEST,5 ROOM,PREMIUM APARTMENT,10 TO 12,2014-08-01,True,True,True,True,10,12,True,True,Duplicate record,,,,,
2014-08,PASIR RIS,4 ROOM,411,PASIR RIS DR 6,04 TO 06,106.0,Model A,1990,63,443000.0,2014-08,PASIR RIS,4 ROOM,MODEL A,04 TO 06,2014-08-01,True,True,True,True,4,6,True,True,Duplicate record,,,,,
2014-09,WOODLANDS,3 ROOM,15,MARSILING LANE,01 TO 03,65.0,Improved,1976,49,250000.0,2014-09,WOODLANDS,3 ROOM,IMPROVED,01 TO 03,2014-09-01,True,True,True,True,1,3,True,True,Duplicate record,,,,,
2014-10,JURONG EAST,3 ROOM,412,PANDAN GDNS,04 TO 06,73.0,Improved,1979,52,288000.0,2014-10,JURONG EAST,3 ROOM,IMPROVED,04 TO 06,2014-10-01,True,True,True,True,4,6,True,True,Duplicate record,,,,,
2014-10,KALLANG/WHAMPOA,3 ROOM,1,BEACH RD,07 TO 09,68.0,Improved,1979,52,350000.0,2014-10,KALLANG/WHAMPOA,3 ROOM,IMPROVED,07 TO 09,2014-10-01,True,True,True,True,7,9,True,True,Duplicate record,,,,,
2014-12,BUKIT MERAH,1 ROOM,7,TELOK BLANGAH CRES,10 TO 12,31.0,Improved,1975,48,228000.0,2014-12,BUKIT MERAH,1 ROOM,IMPROVED,10 TO 12,2014-12-01,True,True,True,True,10,12,True,True,Duplicate record,,,,,
2014-12,BUKIT MERAH,1 ROOM,7,TELOK BLANGAH CRES,10 TO 12,31.0,Improved,1975,48,200000.0,2014-12,BUKIT MERAH,1 ROOM,IMPROVED,10 TO 12,2014-12-01,True,True,True,True,10,12,True,True,Duplicate record,,,,,
2015-02,SENGKANG,4 ROOM,295A,COMPASSVALE CRES,04 TO 06,90.0,Model A,2002,75,310999.0,2015-02,SENGKANG,4 ROOM,MODEL A,04 TO 06,2015-02-01,True,True,True,True,4,6,True,True,Duplicate record,,,,,
2015-04,PUNGGOL,5 ROOM,296,PUNGGOL CTRL,07 TO 09,110.0,Premium Apartment,2003,76,490000.0,2015-04,PUNGGOL,5 ROOM,PREMIUM APARTMENT,07 TO 09,2015-04-01,True,True,True,True,7,9,True,True,Duplicate record,,,,,
2015-04,SEMBAWANG,4 ROOM,489,ADMIRALTY LINK,01 TO 03,94.0,Model A,2010,83,330000.0,2015-04,SEMBAWANG,4 ROOM,MODEL A,01 TO 03,2015-04-01,True,True,True,True,1,3,True,True,Duplicate record,,,,,
2015-04,SENGKANG,EXECUTIVE,302D,ANCHORVALE LINK,10 TO 12,130.0,Apartment,2001,74,590000.0,2015-04,SENGKANG,EXECUTIVE,APARTMENT,10 TO 12,2015-04-01,True,True,True,True,10,12,True,True,Duplicate record,,,,,
2015-05,BEDOK,3 ROOM,409,BEDOK NTH AVE 2,07 TO 09,68.0,New Generation,1980,53,340000.0,2015-05,BEDOK,3 ROOM,NEW GENERATION,07 TO 09,2015-05-01,True,True,True,True,7,9,True,True,Duplicate record,,,,,
2015-07,CHOA CHU KANG,5 ROOM,686A,CHOA CHU KANG CRES,07 TO 09,110.0,Improved,2002,75,402888.0,2015-07,CHOA CHU KANG,5 ROOM,IMPROVED,07 TO 09,2015-07-01,True,True,True,True,7,9,True,True,Duplicate record,,,,,
2015-07,GEYLANG,4 ROOM,848,SIMS AVE,01 TO 03,83.0,Simplified,1985,58,500000.0,2015-07,GEYLANG,4 ROOM,SIMPLIFIED,01 TO 03,2015-07-01,True,True,True,True,1,3,True,True,Duplicate record,,,,,
2015-07,SENGKANG,4 ROOM,272C,SENGKANG CTRL,04 TO 06,90.0,Premium Apartment,2009,82,502000.0,2015-07,SENGKANG,4 ROOM,PREMIUM APARTMENT,04 TO 06,2015-07-01,True,True,True,True,4,6,True,True,Duplicate record,,,,,
2015-07,SENGKANG,4 ROOM,272C,SENGKANG CTRL,04 TO 06,90.0,Premium Apartment,2009,82,498888.0,2015-07,SENGKANG,4 ROOM,PREMIUM APARTMENT,04 TO 06,2015-07-01,True,True,True,True,4,6,True,True,Duplicate record,,,,,
2015-09,CLEMENTI,3 ROOM,309,CLEMENTI AVE 4,04 TO 06,67.0,New Generation,1980,53,345000.0,2015-09,CLEMENTI,3 ROOM,NEW GENERATION,04 TO 06,2015-09-01,True,True,True,True,4,6,True,True,Duplicate record,,,,,
2015-09,SENGKANG,5 ROOM,206A,COMPASSVALE LANE,04 TO 06,122.0,Improved,1999,72,445000.0,2015-09,SENGKANG,5 ROOM,IMPROVED,04 TO 06,2015-09-01,True,True,True,True,4,6,True,True,Duplicate record,,,,,
2015-10,BEDOK,4 ROOM,122,BEDOK RESERVOIR RD,07 TO 09,84.0,Simplified,1987,60,390000.0,2015-10,BEDOK,4 ROOM,SIMPLIFIED,07 TO 09,2015-10-01,True,True,True,True,7,9,True,True,Duplicate record,,,,,
2015-10,BEDOK,4 ROOM,404,BEDOK NTH AVE 3,10 TO 12,92.0,New Generation,1980,53,455000.0,2015-10,BEDOK,4 ROOM,NEW GENERATION,10 TO 12,2015-10-01,True,True,True,True,10,12,True,True,Duplicate record,,,,,
2015-10,CHOA CHU KANG,4 ROOM,294,CHOA CHU KANG AVE 2,01 TO 03,104.0,Model A,1990,63,333888.0,2015-10,CHOA CHU KANG,4 ROOM,MODEL A,01 TO 03,2015-10-01,True,True,True,True,1,3,True,True,Duplicate record,,,,,
2015-10,HOUGANG,3 ROOM,321,HOUGANG AVE 5,04 TO 06,67.0,New Generation,1983,56,280000.0,2015-10,HOUGANG,3 ROOM,NEW GENERATION,04 TO 06,2015-10-01,True,True,True,True,4,6,True,True,Duplicate record,,,,,
2015-12,GEYLANG,3 ROOM,87,CIRCUIT RD,07 TO 09,60.0,Improved,1970,43,255000.0,2015-12,GEYLANG,3 ROOM,IMPROVED,07 TO 09,2015-12-01,True,True,True,True,7,9,True,True,Duplicate record,,,,,
2015-12,WOODLANDS,5 ROOM,702,WOODLANDS DR 40,07 TO 09,118.0,Improved,1996,69,415000.0,2015-12,WOODLANDS,5 ROOM,IMPROVED,07 TO 09,2015-12-01,True,True,True,True,7,9,True,True,Duplicate record,,,,,
2016-01,MARINE PARADE,3 ROOM,67,MARINE DR,07 TO 09,65.0,Improved,1976,49,405000.0,2016-01,MARINE PARADE,3 ROOM,IMPROVED,07 TO 09,2016-01-01,True,True,True,True,7,9,True,True,Duplicate record,,,,,
2016-01,WOODLANDS,4 ROOM,687B,WOODLANDS DR 75,10 TO 12,94.0,Premium Apartment,2003,76,376000.0,2016-01,WOODLANDS,4 ROOM,PREMIUM APARTMENT,10 TO 12,2016-01-01,True,True,True,True,10,12,True,True,Duplicate record,,,,,
2016-03,BEDOK,3 ROOM,550,BEDOK NTH AVE 1,07 TO 09,68.0,New Generation,1980,53,305000.0,2016-03,BEDOK,3 ROOM,NEW GENERATION,07 TO 09,2016-03-01,True,True,True,True,7,9,True,True,Duplicate record,,,,,
2016-04,ANG MO KIO,3 ROOM,435,ANG MO KIO AVE 10,10 TO 12,67.0,New Generation,1979,52,313000.0,2016-04,ANG MO KIO,3 ROOM,NEW GENERATION,10 TO 12,2016-04-01,True,True,True,True,10,12,True,True,Duplicate record,,,,,
2016-04,CLEMENTI,5 ROOM,459,CLEMENTI AVE 3,04 TO 06,110.0,Improved,2002,75,725000.0,2016-04,CLEMENTI,5 ROOM,IMPROVED,04 TO 06,2016-04-01,True,True,True,True,4,6,True,True,Duplicate record,,,,,
2016-04,SENGKANG,4 ROOM,210A,COMPASSVALE LANE,07 TO 09,93.0,Model A,2013,86,425000.0,2016-04,SENGKANG,4 ROOM,MODEL A,07 TO 09,2016-04-01,True,True,True,True,7,9,True,True,Duplicate record,,,,,
2016-04,WOODLANDS,5 ROOM,687C,WOODLANDS DR 75,07 TO 09,114.0,Premium Apartment,2003,76,430000.0,2016-04,WOODLANDS,5 ROOM,PREMIUM APARTMENT,07 TO 09,2016-04-01,True,True,True,True,7,9,True,True,Duplicate record,,,,,
2016-05,BEDOK,3 ROOM,713,BEDOK RESERVOIR RD,04 TO 06,68.0,New Generation,1981,54,290000.0,2016-05,BEDOK,3 ROOM,NEW GENERATION,04 TO 06,2016-05-01,True,True,True,True,4,6,True,True,Duplicate record,,,,,
2016-05,BISHAN,4 ROOM,267,BISHAN ST 24,07 TO 09,104.0,Model A,1992,65,580000.0,2016-05,BISHAN,4 ROOM,MODEL A,07 TO 09,2016-05-01,True,True,True,True,7,9,True,True,Duplicate record,,,,,
2016-05,SENGKANG,4 ROOM,410B,FERNVALE RD,04 TO 06,95.0,Premium Apartment,2012,85,425000.0,2016-05,SENGKANG,4 ROOM,PREMIUM APARTMENT,04 TO 06,2016-05-01,True,True,True,True,4,6,True,True,Duplicate record,,,,,
2016-09,TOA PAYOH,3 ROOM,12,LOR 7 TOA PAYOH,04 TO 06,66.0,Improved,1970,43,260000.0,2016-09,TOA PAYOH,3 ROOM,IMPROVED,04 TO 06,2016-09-01,True,True,True,True,4,6,True,True,Duplicate record,,,,,
2016-10,BEDOK,3 ROOM,50,CHAI CHEE ST,04 TO 06,68.0,New Generation,1981,54,285000.0,2016-10,BEDOK,3 ROOM,NEW GENERATION,04 TO 06,2016-10-01,True,True,True,True,4,6,True,True,Duplicate record,,,,,
2016-10,BISHAN,5 ROOM,273B,BISHAN ST 24,01 TO 03,120.0,DBSS,2011,84,878888.0,2016-10,BISHAN,5 ROOM,DBSS,01 TO 03,2016-10-01,True,True,True,True,1,3,True,True,Duplicate record,,,,,
2016-10,SENGKANG,4 ROOM,445B,FERNVALE RD,13 TO 15,94.0,Model A,2012,85,430000.0,2016-10,SENGKANG,4 ROOM,MODEL A,13 TO 15,2016-10-01,True,True,True,True,13,15,True,True,Duplicate record,,,,,
2016-11,TOA PAYOH,2 ROOM,120,LOR 2 TOA PAYOH,01 TO 03,40.0,Standard,1968,41,235000.0,2016-11,TOA PAYOH,2 ROOM,STANDARD,01 TO 03,2016-11-01,True,True,True,True,1,3,True,True,Duplicate record,,,,,
2016-12,SEMBAWANG,4 ROOM,466A,SEMBAWANG DR,07 TO 09,90.0,Premium Apartment,2006,79,370000.0,2016-12,SEMBAWANG,4 ROOM,PREMIUM APARTMENT,07 TO 09,2016-12-01,True,True,True,True,7,9,True,True,Duplicate record,,,,,
2012-01,HOUGANG,3 ROOM,682,HOUGANG AVE 4,04 TO 06,64.0,Simplified,1989,62,319000.0,2012-01,HOUGANG,3 ROOM,SIMPLIFIED,04 TO 06,2012-01-01,True,True,True,True,4,6,True,True,Duplicate record,,,,,
2012-01,JURONG WEST,3 ROOM,209,BOON LAY PL,01 TO 03,74.0,Improved,1976,49,300000.0,2012-01,JURONG WEST,3 ROOM,IMPROVED,01 TO 03,2012-01-01,True,True,True,True,1,3,True,True,Duplicate record,,,,,
2012-03,BEDOK,3 ROOM,4,BEDOK STH AVE 1,01 TO 05,65.0,Improved,1976,49,325000.0,2012-03,BEDOK,3 ROOM,IMPROVED,01 TO 05,2012-03-01,True,True,True,True,1,5,True,True,Duplicate record,,,,,
2012-03,BUKIT BATOK,3 ROOM,416,BT BATOK WEST AVE 4,01 TO 05,73.0,Model A,1987,60,295000.0,2012-03,BUKIT BATOK,3 ROOM,MODEL A,01 TO 05,2012-03-01,True,True,True,True,1,5,True,True,Duplicate record,,,,,
2012-03,JURONG WEST,5 ROOM,652C,JURONG WEST ST 61,01 TO 05,111.0,Improved,2002,75,478000.0,2012-03,JURONG WEST,5 ROOM,IMPROVED,01 TO 05,2012-03-01,True,True,True,True,1,5,True,True,Duplicate record,,,,,
2012-03,KALLANG/WHAMPOA,3 ROOM,44,BENDEMEER RD,06 TO 10,63.0,Standard,1981,54,325000.0,2012-03,KALLANG/WHAMPOA,3 ROOM,STANDARD,06 TO 10,2012-03-01,True,True,True,True,6,10,True,True,Duplicate record,,,,,
2012-03,KALLANG/WHAMPOA,3 ROOM,85,WHAMPOA DR,01 TO 05,65.0,Improved,1974,47,295000.0,2012-03,KALLANG/WHAMPOA,3 ROOM,IMPROVED,01 TO 05,2012-03-01,True,True,True,True,1,5,True,True,Duplicate record,,,,,
2012-03,SENGKANG,5 ROOM,291D,COMPASSVALE ST,06 TO 10,110.0,Improved,2001,74,490000.0,2012-03,SENGKANG,5 ROOM,IMPROVED,06 TO 10,2012-03-01,True,True,True,True,6,10,True,True,Duplicate record,,,,,
2012-03,WOODLANDS,5 ROOM,587,WOODLANDS DR 16,06 TO 10,111.0,Improved,2001,74,440000.0,2012-03,WOODLANDS,5 ROOM,IMPROVED,06 TO 10,2012-03-01,True,True,True,True,6,10,True,True,Duplicate record,,,,,
2012-03,YISHUN,3 ROOM,740,YISHUN AVE 5,11 TO 15,67.0,New Generation,1985,58,335000.0,2012-03,YISHUN,3 ROOM,NEW GENERATION,11 TO 15,2012-03-01,True,True,True,True,11,15,True,True,Duplicate record,,,,,
2012-03,YISHUN,3 ROOM,746,YISHUN ST 72,11 TO 15,67.0,New Generation,1984,57,348500.0,2012-03,YISHUN,3 ROOM,NEW GENERATION,11 TO 15,2012-03-01,True,True,True,True,11,15,True,True,Duplicate record,,,,,
2012-03,YISHUN,4 ROOM,245,YISHUN AVE 9,01 TO 05,84.0,Simplified,1985,58,344000.0,2012-03,YISHUN,4 ROOM,SIMPLIFIED,01 TO 05,2012-03-01,True,True,True,True,1,5,True,True,Duplicate record,,,,,
2012-04,BEDOK,3 ROOM,138,BEDOK NTH ST 2,06 TO 10,67.0,New Generation,1978,51,344000.0,2012-04,BEDOK,3 ROOM,NEW GENERATION,06 TO 10,2012-04-01,True,True,True,True,6,10,True,True,Duplicate record,,,,,
2012-04,BEDOK,3 ROOM,19,CHAI CHEE RD,06 TO 10,65.0,Improved,1972,45,312000.0,2012-04,BEDOK,3 ROOM,IMPROVED,06 TO 10,2012-04-01,True,True,True,True,6,10,True,True,Duplicate record,,,,,
2012-04,JURONG EAST,3 ROOM,303,JURONG EAST ST 32,01 TO 05,67.0,New Generation,1983,56,330000.0,2012-04,JURONG EAST,3 ROOM,NEW GENERATION,01 TO 05,2012-04-01,True,True,True,True,1,5,True,True,Duplicate record,,,,,
2012-04,JURONG WEST,3 ROOM,121,YUAN CHING RD,01 TO 05,61.0,Improved,1974,47,280000.0,2012-04,JURONG WEST,3 ROOM,IMPROVED,01 TO 05,2012-04-01,True,True,True,True,1,5,True,True,Duplicate record,,,,,
2012-04,KALLANG/WHAMPOA,3 ROOM,4,JLN BATU,06 TO 10,60.0,Standard,1969,42,335000.0,2012-04,KALLANG/WHAMPOA,3 ROOM,STANDARD,06 TO 10,2012-04-01,True,True,True,True,6,10,True,True,Duplicate record,,,,,
2012-04,MARINE PARADE,3 ROOM,34,MARINE CRES,06 TO 10,59.0,Improved,1975,48,377000.0,2012-04,MARINE PARADE,3 ROOM,IMPROVED,06 TO 10,2012-04-01,True,True,True,True,6,10,True,True,Duplicate record,,,,,
2012-04,SENGKANG,4 ROOM,188B,RIVERVALE DR,06 TO 10,96.0,Model A,2000,73,407000.0,2012-04,SENGKANG,4 ROOM,MODEL A,06 TO 10,2012-04-01,True,True,True,True,6,10,True,True,Duplicate record,,,,,
2012-04,WOODLANDS,3 ROOM,145,WOODLANDS ST 13,06 TO 10,68.0,New Generation,1985,58,310000.0,2012-04,WOODLANDS,3 ROOM,NEW GENERATION,06 TO 10,2012-04-01,True,True,True,True,6,10,True,True,Duplicate record,,,,,
2012-04,WOODLANDS,4 ROOM,171,WOODLANDS ST 11,06 TO 10,91.0,New Generation,1985,58,363000.0,2012-04,WOODLANDS,4 ROOM,NEW GENERATION,06 TO 10,2012-04-01,True,True,True,True,6,10,True,True,Duplicate record,,,,,
2012-04,WOODLANDS,4 ROOM,428,WOODLANDS ST 41,01 TO 05,104.0,Model A,1996,69,385000.0,2012-04,WOODLANDS,4 ROOM,MODEL A,01 TO 05,2012-04-01,True,True,True,True,1,5,True,True,Duplicate record,,,,,
2012-04,YISHUN,3 ROOM,740,YISHUN AVE 5,06 TO 10,67.0,New Generation,1985,58,341000.0,2012-04,YISHUN,3 ROOM,NEW GENERATION,06 TO 10,2012-04-01,True,True,True,True,6,10,True,True,Duplicate record,,,,,
2012-05,BUKIT BATOK,3 ROOM,152,BT BATOK ST 11,01 TO 05,67.0,New Generation,1998,71,285000.0,2012-05,BUKIT BATOK,3 ROOM,NEW GENERATION,01 TO 05,2012-05-01,True,True,True,True,1,5,True,True,Duplicate record,,,,,
2012-05,CLEMENTI,3 ROOM,706,CLEMENTI WEST ST 2,06 TO 10,68.0,New Generation,1980,53,332000.0,2012-05,CLEMENTI,3 ROOM,NEW GENERATION,06 TO 10,2012-05-01,True,True,True,True,6,10,True,True,Duplicate record,,,,,
2012-05,CLEMENTI,3 ROOM,731,CLEMENTI WEST ST 2,06 TO 10,68.0,New Generation,1980,53,340000.0,2012-05,CLEMENTI,3 ROOM,NEW GENERATION,06 TO 10,2012-05-01,True,True,True,True,6,10,True,True,Duplicate record,,,,,
2012-05,HOUGANG,4 ROOM,167,HOUGANG AVE 1,06 TO 10,101.0,Model A,1997,70,458000.0,2012-05,HOUGANG,4 ROOM,MODEL A,06 TO 10,2012-05-01,True,True,True,True,6,10,True,True,Duplicate record,,,,,
2012-05,JURONG EAST,3 ROOM,416,PANDAN GDNS,01 TO 05,74.0,Improved,1982,55,274000.0,2012-05,JURONG EAST,3 ROOM,IMPROVED,01 TO 05,2012-05-01,True,True,True,True,1,5,True,True,Duplicate record,,,,,
2012-05,JURONG WEST,3 ROOM,492,JURONG WEST ST 41,01 TO 05,64.0,Simplified,1986,59,291000.0,2012-05,JURONG WEST,3 ROOM,SIMPLIFIED,01 TO 05,2012-05-01,True,True,True,True,1,5,True,True,Duplicate record,,,,,
2012-05,QUEENSTOWN,3 ROOM,32,HOLLAND CL,06 TO 10,59.0,Improved,1974,47,367000.0,2012-05,QUEENSTOWN,3 ROOM,IMPROVED,06 TO 10,2012-05-01,True,True,True,True,6,10,True,True,Duplicate record,,,,,
2012-05,QUEENSTOWN,3 ROOM,81,C'WEALTH CL,11 TO 15,60.0,Standard,1967,40,347000.0,2012-05,QUEENSTOWN,3 ROOM,STANDARD,11 TO 15,2012-05-01,True,True,True,True,11,15,True,True,Duplicate record,,,,,
2012-05,SEMBAWANG,5 ROOM,413,SEMBAWANG DR,11 TO 15,110.0,Improved,2001,74,475000.0,2012-05,SEMBAWANG,5 ROOM,IMPROVED,11 TO 15,2012-05-01,True,True,True,True,11,15,True,True,Duplicate record,,,,,
2012-05,TAMPINES,3 ROOM,444,TAMPINES ST 42,11 TO 15,74.0,Model A,1985,58,377000.0,2012-05,TAMPINES,3 ROOM,MODEL A,11 TO 15,2012-05-01,True,True,True,True,11,15,True,True,Duplicate record,,,,,
2012-05,TAMPINES,4 ROOM,112,SIMEI ST 1,06 TO 10,84.0,Simplified,1988,61,426000.0,2012-05,TAMPINES,4 ROOM,SIMPLIFIED,06 TO 10,2012-05-01,True,True,True,True,6,10,True,True,Duplicate record,,,,,
2012-05,TAMPINES,4 ROOM,343,TAMPINES ST 33,06 TO 10,106.0,Model A,1995,68,438000.0,2012-05,TAMPINES,4 ROOM,MODEL A,06 TO 10,2012-05-01,True,True,True,True,6,10,True,True,Duplicate record,,,,,
2012-05,TOA PAYOH,3 ROOM,159,LOR 1 TOA PAYOH,06 TO 10,65.0,Improved,1972,45,370000.0,2012-05,TOA PAYOH,3 ROOM,IMPROVED,06 TO 10,2012-05-01,True,True,True,True,6,10,True,True,Duplicate record,,,,,
2012-06,CLEMENTI,4 ROOM,302,CLEMENTI AVE 4,07 TO 09,92.0,New Generation,1979,52,510000.0,2012-06,CLEMENTI,4 ROOM,NEW GENERATION,07 TO 09,2012-06-01,True,True,True,True,7,9,True,True,Duplicate record,,,,,
2012-06,QUEENSTOWN,3 ROOM,21,DOVER CRES,10 TO 12,65.0,Improved,1976,49,362000.0,2012-06,QUEENSTOWN,3 ROOM,IMPROVED,10 TO 12,2012-06-01,True,True,True,True,10,12,True,True,Duplicate record,,,,,
2012-06,SENGKANG,EXECUTIVE,306B,ANCHORVALE LINK,13 TO 15,128.0,Apartment,2001,74,595000.0,2012-06,SENGKANG,EXECUTIVE,APARTMENT,13 TO 15,2012-06-01,True,True,True,True,13,15,True,True,Duplicate record,,,,,
2012-06,YISHUN,3 ROOM,108,YISHUN RING RD,04 TO 06,67.0,New Generation,1985,58,310500.0,2012-06,YISHUN,3 ROOM,NEW GENERATION,04 TO 06,2012-06-01,True,True,True,True,4,6,True,True,Duplicate record,,,,,
2012-07,JURONG EAST,3 ROOM,231,JURONG EAST ST 21,04 TO 06,67.0,New Generation,1981,54,335000.0,2012-07,JURONG EAST,3 ROOM,NEW GENERATION,04 TO 06,2012-07-01,True,True,True,True,4,6,True,True,Duplicate record,,,,,
2012-07,JURONG EAST,5 ROOM,328,JURONG EAST ST 31,07 TO 09,135.0,Model A,1984,57,527000.0,2012-07,JURONG EAST,5 ROOM,MODEL A,07 TO 09,2012-07-01,True,True,True,True,7,9,True,True,Duplicate record,,,,,
2012-07,WOODLANDS,3 ROOM,2,MARSILING DR,07 TO 09,65.0,Improved,1974,47,297000.0,2012-07,WOODLANDS,3 ROOM,IMPROVED,07 TO 09,2012-07-01,True,True,True,True,7,9,True,True,Duplicate record,,,,,
2012-08,ANG MO KIO,3 ROOM,558,ANG MO KIO AVE 10,07 TO 09,67.0,New Generation,1980,53,330000.0,2012-08,ANG MO KIO,3 ROOM,NEW GENERATION,07 TO 09,2012-08-01,True,True,True,True,7,9,True,True,Duplicate record,,,,,
2012-08,BUKIT BATOK,5 ROOM,117,BT BATOK WEST AVE 6,10 TO 12,132.0,Model A,1985,58,610000.0,2012-08,BUKIT BATOK,5 ROOM,MODEL A,10 TO 12,2012-08-01,True,True,True,True,10,12,True,True,Duplicate record,,,,,
2012-08,BUKIT MERAH,3 ROOM,12,TAMAN HO SWEE,07 TO 09,66.0,Standard,1970,43,405000.0,2012-08,BUKIT MERAH,3 ROOM,STANDARD,07 TO 09,2012-08-01,True,True,True,True,7,9,True,True,Duplicate record,,,,,
2012-08,CLEMENTI,3 ROOM,375,CLEMENTI AVE 4,07 TO 09,67.0,New Generation,1980,53,390000.0,2012-08,CLEMENTI,3 ROOM,NEW GENERATION,07 TO 09,2012-08-01,True,True,True,True,7,9,True,True,Duplicate record,,,,,
2012-08,GEYLANG,3 ROOM,20,BALAM RD,04 TO 06,60.3,Standard,1967,40,298000.0,2012-08,GEYLANG,3 ROOM,STANDARD,04 TO 06,2012-08-01,True,True,True,True,4,6,True,True,Duplicate record,,,,,
2012-08,HOUGANG,3 ROOM,681,HOUGANG AVE 8,01 TO 03,64.0,Simplified,1989,62,309000.0,2012-08,HOUGANG,3 ROOM,SIMPLIFIED,01 TO 03,2012-08-01,True,True,True,True,1,3,True,True,Duplicate record,,,,,
2012-08,JURONG WEST,EXECUTIVE,472,JURONG WEST ST 41,01 TO 03,151.0,Maisonette,1985,58,625000.0,2012-08,JURONG WEST,EXECUTIVE,MAISONETTE,01 TO 03,2012-08-01,True,True,True,True,1,3,True,True,Duplicate record,,,,,
2012-08,KALLANG/WHAMPOA,3 ROOM,23,BENDEMEER RD,04 TO 06,68.0,Improved,1972,45,380000.0,2012-08,KALLANG/WHAMPOA,3 ROOM,IMPROVED,04 TO 06,2012-08-01,True,True,True,True,4,6,True,True,Duplicate record,,,,,
2012-08,PUNGGOL,5 ROOM,182,EDGEFIELD PLAINS,01 TO 03,110.0,Premium Apartment,2003,76,498000.0,2012-08,PUNGGOL,5 ROOM,PREMIUM APARTMENT,01 TO 03,2012-08-01,True,True,True,True,1,3,True,True,Duplicate record,,,,,
2012-08,SENGKANG,5 ROOM,258D,COMPASSVALE RD,04 TO 06,110.0,Improved,2001,74,547000.0,2012-08,SENGKANG,5 ROOM,IMPROVED,04 TO 06,2012-08-01,True,True,True,True,4,6,True,True,Duplicate record,,,,,
2012-08,SENGKANG,5 ROOM,404B,FERNVALE LANE,01 TO 03,114.0,Premium Apartment,2004,77,505000.0,2012-08,SENGKANG,5 ROOM,PREMIUM APARTMENT,01 TO 03,2012-08-01,True,True,True,True,1,3,True,True,Duplicate record,,,,,
2012-08,WOODLANDS,3 ROOM,206,MARSILING DR,10 TO 12,68.0,New Generation,1981,54,309500.0,2012-08,WOODLANDS,3 ROOM,NEW GENERATION,10 TO 12,2012-08-01,True,True,True,True,10,12,True,True,Duplicate record,,,,,
2012-09,ANG MO KIO,3 ROOM,346,ANG MO KIO AVE 3,10 TO 12,73.0,New Generation,1978,51,428000.0,2012-09,ANG MO KIO,3 ROOM,NEW GENERATION,10 TO 12,2012-09-01,True,True,True,True,10,12,True,True,Duplicate record,,,,,
2012-09,BEDOK,5 ROOM,652,JLN TENAGA,01 TO 03,128.0,Improved,1996,69,550000.0,2012-09,BEDOK,5 ROOM,IMPROVED,01 TO 03,2012-09-01,True,True,True,True,1,3,True,True,Duplicate record,,,,,
2012-09,CHOA CHU KANG,5 ROOM,633,CHOA CHU KANG NTH 6,13 TO 15,127.0,Premium Apartment,1998,71,598000.0,2012-09,CHOA CHU KANG,5 ROOM,PREMIUM APARTMENT,13 TO 15,2012-09-01,True,True,True,True,13,15,True,True,Duplicate record,,,,,
2012-09,GEYLANG,2 ROOM,40,CIRCUIT RD,01 TO 03,45.0,Standard,1971,44,255000.0,2012-09,GEYLANG,2 ROOM,STANDARD,01 TO 03,2012-09-01,True,True,True,True,1,3,True,True,Duplicate record,,,,,
2012-09,WOODLANDS,5 ROOM,673,WOODLANDS DR 71,04 TO 06,110.0,Improved,2000,73,470000.0,2012-09,WOODLANDS,5 ROOM,IMPROVED,04 TO 06,2012-09-01,True,True,True,True,4,6,True,True,Duplicate record,,,,,
2012-09,YISHUN,3 ROOM,284,YISHUN AVE 6,04 TO 06,74.0,Model A,1987,60,305000.0,2012-09,YISHUN,3 ROOM,MODEL A,04 TO 06,2012-09-01,True,True,True,True,4,6,True,True,Duplicate record,,,,,
2012-10,BEDOK,3 ROOM,529,BEDOK NTH ST 3,10 TO 12,68.0,New Generation,1979,52,356000.0,2012-10,BEDOK,3 ROOM,NEW GENERATION,10 TO 12,2012-10-01,True,True,True,True,10,12,True,True,Duplicate record,,,,,
2012-10,BUKIT BATOK,3 ROOM,283,BT BATOK EAST AVE 3,07 TO 09,64.0,Simplified,1988,61,305000.0,2012-10,BUKIT BATOK,3 ROOM,SIMPLIFIED,07 TO 09,2012-10-01,True,True,True,True,7,9,True,True,Duplicate record,,,,,
2012-10,GEYLANG,3 ROOM,65,CIRCUIT RD,07 TO 09,59.0,Standard,1967,40,312000.0,2012-10,GEYLANG,3 ROOM,STANDARD,07 TO 09,2012-10-01,True,True,True,True,7,9,True,True,Duplicate record,,,,,
2012-10,HOUGANG,3 ROOM,242,HOUGANG ST 22,10 TO 12,67.0,New Generation,1984,57,339000.0,2012-10,HOUGANG,3 ROOM,NEW GENERATION,10 TO 12,2012-10-01,True,True,True,True,10,12,True,True,Duplicate record,,,,,
2012-10,JURONG WEST,5 ROOM,654C,JURONG WEST ST 61,13 TO 15,110.0,Improved,2002,75,537000.0,2012-10,JURONG WEST,5 ROOM,IMPROVED,13 TO 15,2012-10-01,True,True,True,True,13,15,True,True,Duplicate record,,,,,
2012-10,PASIR RIS,4 ROOM,559,PASIR RIS ST 51,01 TO 03,104.0,Model A,1993,66,424500.0,2012-10,PASIR RIS,4 ROOM,MODEL A,01 TO 03,2012-10-01,True,True,True,True,1,3,True,True,Duplicate record,,,,,
2012-10,PUNGGOL,EXECUTIVE,116,EDGEFIELD PLAINS,04 TO 06,130.0,Premium Apartment,2003,76,599000.0,2012-10,PUNGGOL,EXECUTIVE,PREMIUM APARTMENT,04 TO 06,2012-10-01,True,True,True,True,4,6,True,True,Duplicate record,,,,,
2012-10,QUEENSTOWN,3 ROOM,84,C'WEALTH CL,04 TO 06,58.0,Standard,1967,40,350000.0,2012-10,QUEENSTOWN,3 ROOM,STANDARD,04 TO 06,2012-10-01,True,True,True,True,4,6,True,True,Duplicate record,,,,,
2012-10,SENGKANG,5 ROOM,298A,COMPASSVALE ST,04 TO 06,114.0,Premium Apartment,2001,74,490000.0,2012-10,SENGKANG,5 ROOM,PREMIUM APARTMENT,04 TO 06,2012-10-01,True,True,True,True,4,6,True,True,Duplicate record,,,,,
2012-10,SERANGOON,3 ROOM,207,SERANGOON CTRL,04 TO 06,64.0,Simplified,1986,59,380500.0,2012-10,SERANGOON,3 ROOM,SIMPLIFIED,04 TO 06,2012-10-01,True,True,True,True,4,6,True,True,Duplicate record,,,,,
2012-10,WOODLANDS,4 ROOM,842,WOODLANDS ST 82,04 TO 06,104.0,Model A,1994,67,408000.0,2012-10,WOODLANDS,4 ROOM,MODEL A,04 TO 06,2012-10-01,True,True,True,True,4,6,True,True,Duplicate record,,,,,
2012-11,YISHUN,3 ROOM,237,YISHUN RING RD,07 TO 09,67.0,New Generation,1985,58,345000.0,2012-11,YISHUN,3 ROOM,NEW GENERATION,07 TO 09,2012-11-01,True,True,True,True,7,9,True,True,Duplicate record,,,,,
2012-12,ANG MO KIO,3 ROOM,321,ANG MO KIO AVE 1,01 TO 03,73.0,New Generation,1977,50,399000.0,2012-12,ANG MO KIO,3 ROOM,NEW GENERATION,01 TO 03,2012-12-01,True,True,True,True,1,3,True,True,Duplicate record,,,,,
2012-12,BUKIT MERAH,3 ROOM,2,JLN BT MERAH,07 TO 09,63.0,Improved,1975,48,365000.0,2012-12,BUKIT MERAH,3 ROOM,IMPROVED,07 TO 09,2012-12-01,True,True,True,True,7,9,True,True,Duplicate record,,,,,
2012-12,HOUGANG,3 ROOM,252,HOUGANG AVE 3,10 TO 12,67.0,New Generation,1985,58,345000.0,2012-12,HOUGANG,3 ROOM,NEW GENERATION,10 TO 12,2012-12-01,True,True,True,True,10,12,True,True,Duplicate record,,,,,
2013-01,BEDOK,4 ROOM,106,BEDOK RESERVOIR RD,10 TO 12,91.0,New Generation,1985,58,423000.0,2013-01,BEDOK,4 ROOM,NEW GENERATION,10 TO 12,2013-01-01,True,True,True,True,10,12,True,True,Duplicate record,,,,,
2013-01,BISHAN,4 ROOM,154,BISHAN ST 13,04 TO 06,84.0,Simplified,1987,60,463888.0,2013-01,BISHAN,4 ROOM,SIMPLIFIED,04 TO 06,2013-01-01,True,True,True,True,4,6,True,True,Duplicate record,,,,,
2013-01,BUKIT MERAH,4 ROOM,76A,REDHILL RD,28 TO 30,100.0,Model A,2005,78,828000.0,2013-01,BUKIT MERAH,4 ROOM,MODEL A,28 TO 30,2013-01-01,True,True,True,True,28,30,True,True,Duplicate record,,,,,
2013-01,HOUGANG,3 ROOM,511,HOUGANG AVE 10,04 TO 06,64.0,Simplified,1986,59,362000.0,2013-01,HOUGANG,3 ROOM,SIMPLIFIED,04 TO 06,2013-01-01,True,True,True,True,4,6,True,True,Duplicate record,,,,,
2013-01,JURONG EAST,3 ROOM,210,JURONG EAST ST 21,04 TO 06,67.0,New Generation,1983,56,335000.0,2013-01,JURONG EAST,3 ROOM,NEW GENERATION,04 TO 06,2013-01-01,True,True,True,True,4,6,True,True,Duplicate record,,,,,
2013-03,PUNGGOL,4 ROOM,167A,PUNGGOL EAST,16 TO 18,92.0,Premium Apartment,2009,82,535000.0,2013-03,PUNGGOL,4 ROOM,PREMIUM APARTMENT,16 TO 18,2013-03-01,True,True,True,True,16,18,True,True,Duplicate record,,,,,
2013-04,BUKIT BATOK,3 ROOM,271,BT BATOK EAST AVE 4,04 TO 06,64.0,Simplified,1986,59,300000.0,2013-04,BUKIT BATOK,3 ROOM,SIMPLIFIED,04 TO 06,2013-04-01,True,True,True,True,4,6,True,True,Duplicate record,,,,,
2013-04,GEYLANG,2 ROOM,81,MACPHERSON LANE,10 TO 12,50.0,Standard,1968,41,283000.0,2013-04,GEYLANG,2 ROOM,STANDARD,10 TO 12,2013-04-01,True,True,True,True,10,12,True,True,Duplicate record,,,,,
2013-04,JURONG WEST,EXECUTIVE,656B,JURONG WEST ST 61,07 TO 09,132.0,Apartment,2001,74,635000.0,2013-04,JURONG WEST,EXECUTIVE,APARTMENT,07 TO 09,2013-04-01,True,True,True,True,7,9,True,True,Duplicate record,,,,,
2013-04,SENGKANG,4 ROOM,273C,COMPASSVALE LINK,13 TO 15,90.0,Premium Apartment,2009,82,620000.0,2013-04,SENGKANG,4 ROOM,PREMIUM APARTMENT,13 TO 15,2013-04-01,True,True,True,True,13,15,True,True,Duplicate record,,,,,
2013-04,SENGKANG,EXECUTIVE,202B,SENGKANG EAST RD,07 TO 09,130.0,Apartment,2001,74,679800.0,2013-04,SENGKANG,EXECUTIVE,APARTMENT,07 TO 09,2013-04-01,True,True,True,True,7,9,True,True,Duplicate record,,,,,
2013-04,YISHUN,3 ROOM,220,YISHUN ST 21,04 TO 06,67.0,New Generation,1985,58,344000.0,2013-04,YISHUN,3 ROOM,NEW GENERATION,04 TO 06,2013-04-01,True,True,True,True,4,6,True,True,Duplicate record,,,,,
2013-05,CLEMENTI,3 ROOM,319,CLEMENTI AVE 4,07 TO 09,67.0,New Generation,1979,52,435000.0,2013-05,CLEMENTI,3 ROOM,NEW GENERATION,07 TO 09,2013-05-01,True,True,True,True,7,9,True,True,Duplicate record,,,,,
2013-05,GEYLANG,3 ROOM,66,CIRCUIT RD,04 TO 06,56.0,Standard,1967,40,310000.0,2013-05,GEYLANG,3 ROOM,STANDARD,04 TO 06,2013-05-01,True,True,True,True,4,6,True,True,Duplicate record,,,,,
2013-05,JURONG EAST,3 ROOM,102,JURONG EAST ST 13,04 TO 06,68.0,New Generation,1982,55,368000.0,2013-05,JURONG EAST,3 ROOM,NEW GENERATION,04 TO 06,2013-05-01,True,True,True,True,4,6,True,True,Duplicate record,,,,,
2013-05,KALLANG/WHAMPOA,3 ROOM,34,JLN BAHAGIA,01 TO 03,56.0,Standard,1970,43,280000.0,2013-05,KALLANG/WHAMPOA,3 ROOM,STANDARD,01 TO 03,2013-05-01,True,True,True,True,1,3,True,True,Duplicate record,,,,,
2013-05,WOODLANDS,3 ROOM,161,WOODLANDS ST 13,10 TO 12,73.0,Model A,1990,63,362000.0,2013-05,WOODLANDS,3 ROOM,MODEL A,10 TO 12,2013-05-01,True,True,True,True,10,12,True,True,Duplicate record,,,,,
2013-06,BUKIT BATOK,3 ROOM,272,BT BATOK EAST AVE 4,04 TO 06,64.0,Simplified,1986,59,305000.0,2013-06,BUKIT BATOK,3 ROOM,SIMPLIFIED,04 TO 06,2013-06-01,True,True,True,True,4,6,True,True,Duplicate record,,,,,
2013-06,JURONG WEST,5 ROOM,663B,JURONG WEST ST 65,07 TO 09,110.0,Improved,2000,73,520000.0,2013-06,JURONG WEST,5 ROOM,IMPROVED,07 TO 09,2013-06-01,True,True,True,True,7,9,True,True,Duplicate record,,,,,
2013-07,BUKIT TIMAH,EXECUTIVE,7,TOH YI DR,04 TO 06,146.0,Maisonette,1989,62,950000.0,2013-07,BUKIT TIMAH,EXECUTIVE,MAISONETTE,04 TO 06,2013-07-01,True,True,True,True,4,6,True,True,Duplicate record,,,,,
2013-07,PUNGGOL,5 ROOM,178,EDGEFIELD PLAINS,13 TO 15,110.0,Premium Apartment,2003,76,545000.0,2013-07,PUNGGOL,5 ROOM,PREMIUM APARTMENT,13 TO 15,2013-07-01,True,True,True,True,13,15,True,True,Duplicate record,,,,,
2013-08,HOUGANG,EXECUTIVE,446,HOUGANG AVE 8,07 TO 09,146.0,Maisonette,1991,64,720000.0,2013-08,HOUGANG,EXECUTIVE,MAISONETTE,07 TO 09,2013-08-01,True,True,True,True,7,9,True,True,Duplicate record,,,,,
2013-08,QUEENSTOWN,3 ROOM,8,HOLLAND AVE,16 TO 18,59.0,Improved,1974,47,434000.0,2013-08,QUEENSTOWN,3 ROOM,IMPROVED,16 TO 18,2013-08-01,True,True,True,True,16,18,True,True,Duplicate record,,,,,
2013-08,YISHUN,3 ROOM,103,YISHUN RING RD,04 TO 06,67.0,New Generation,1985,58,322000.0,2013-08,YISHUN,3 ROOM,NEW GENERATION,04 TO 06,2013-08-01,True,True,True,True,4,6,True,True,Duplicate record,,,,,
2013-09,WOODLANDS,4 ROOM,33,MARSILING DR,01 TO 03,98.0,New Generation,1978,51,360000.0,2013-09,WOODLANDS,4 ROOM,NEW GENERATION,01 TO 03,2013-09-01,True,True,True,True,1,3,True,True,Duplicate record,,,,,
2013-10,CLEMENTI,3 ROOM,602,CLEMENTI WEST ST 1,10 TO 12,67.0,New Generation,1979,52,356000.0,2013-10,CLEMENTI,3 ROOM,NEW GENERATION,10 TO 12,2013-10-01,True,True,True,True,10,12,True,True,Duplicate record,,,,,
2013-10,SENGKANG,4 ROOM,277A,COMPASSVALE LINK,04 TO 06,92.0,Premium Apartment,2009,82,573000.0,2013-10,SENGKANG,4 ROOM,PREMIUM APARTMENT,04 TO 06,2013-10-01,True,True,True,True,4,6,True,True,Duplicate record,,,,,
2013-10,WOODLANDS,3 ROOM,1,MARSILING DR,04 TO 06,65.0,Improved,1974,47,294000.0,2013-10,WOODLANDS,3 ROOM,IMPROVED,04 TO 06,2013-10-01,True,True,True,True,4,6,True,True,Duplicate record,,,,,
2013-10,WOODLANDS,3 ROOM,23,MARSILING DR,07 TO 09,67.0,New Generation,1977,50,303000.0,2013-10,WOODLANDS,3 ROOM,NEW GENERATION,07 TO 09,2013-10-01,True,True,True,True,7,9,True,True,Duplicate record,,,,,
2013-11,BEDOK,3 ROOM,77,BEDOK NTH RD,01 TO 03,60.0,Improved,1986,59,301000.0,2013-11,BEDOK,3 ROOM,IMPROVED,01 TO 03,2013-11-01,True,True,True,True,1,3,True,True,Duplicate record,,,,,
2013-11,GEYLANG,3 ROOM,38,CIRCUIT RD,07 TO 09,60.0,Standard,1971,44,306000.0,2013-11,GEYLANG,3 ROOM,STANDARD,07 TO 09,2013-11-01,True,True,True,True,7,9,True,True,Duplicate record,,,,,
2013-12,JURONG WEST,3 ROOM,185,BOON LAY AVE,07 TO 09,59.0,Improved,1975,48,277000.0,2013-12,JURONG WEST,3 ROOM,IMPROVED,07 TO 09,2013-12-01,True,True,True,True,7,9,True,True,Duplicate record,,,,,
2013-12,JURONG WEST,EXECUTIVE,912,JURONG WEST ST 91,01 TO 03,146.0,Maisonette,1988,61,488000.0,2013-12,JURONG WEST,EXECUTIVE,MAISONETTE,01 TO 03,2013-12-01,True,True,True,True,1,3,True,True,Duplicate record,,,,,
2013-12,WOODLANDS,4 ROOM,577,WOODLANDS DR 16,10 TO 12,91.0,Model A,2000,73,382000.0,2013-12,WOODLANDS,4 ROOM,MODEL A,10 TO 12,2013-12-01,True,True,True,True,10,12,True,True,Duplicate record,,,,,
2013-12,YISHUN,3 ROOM,304,YISHUN CTRL,10 TO 12,74.0,Model A,1988,61,335000.0,2013-12,YISHUN,3 ROOM,MODEL A,10 TO 12,2013-12-01,True,True,True,True,10,12,True,True,Duplicate record,,,,,
2014-01,TAMPINES,3 ROOM,813,TAMPINES ST 81,07 TO 09,73.0,Model A,1984,57,350000.0,2014-01,TAMPINES,3 ROOM,MODEL A,07 TO 09,2014-01-01,True,True,True,True,7,9,True,True,Duplicate record,,,,,
2014-02,TAMPINES,4 ROOM,868,TAMPINES ST 83,04 TO 06,104.0,Model A,1989,62,438000.0,2014-02,TAMPINES,4 ROOM,MODEL A,04 TO 06,2014-02-01,True,True,True,True,4,6,True,True,Duplicate record,,,,,
2014-02,YISHUN,3 ROOM,774,YISHUN AVE 3,10 TO 12,64.0,Simplified,1987,60,280000.0,2014-02,YISHUN,3 ROOM,SIMPLIFIED,10 TO 12,2014-02-01,True,True,True,True,10,12,True,True,Duplicate record,,,,,
2014-03,ANG MO KIO,3 ROOM,235,ANG MO KIO AVE 3,04 TO 06,67.0,New Generation,1977,50,315000.0,2014-03,ANG MO KIO,3 ROOM,NEW GENERATION,04 TO 06,2014-03-01,True,True,True,True,4,6,True,True,Duplicate record,,,,,
2014-03,WOODLANDS,4 ROOM,682C,WOODLANDS DR 73,04 TO 06,101.0,Premium Apartment,2000,73,415000.0,2014-03,WOODLANDS,4 ROOM,PREMIUM APARTMENT,04 TO 06,2014-03-01,True,True,True,True,4,6,True,True,Duplicate record,,,,,
2014-03,WOODLANDS,4 ROOM,706,WOODLANDS DR 40,04 TO 06,102.0,Model A,1996,69,380000.0,2014-03,WOODLANDS,4 ROOM,MODEL A,04 TO 06,2014-03-01,True,True,True,True,4,6,True,True,Duplicate record,,,,,
2014-04,ANG MO KIO,5 ROOM,351,ANG MO KIO ST 32,01 TO 03,110.0,Improved,2001,74,645000.0,2014-04,ANG MO KIO,5 ROOM,IMPROVED,01 TO 03,2014-04-01,True,True,True,True,1,3,True,True,Duplicate record,,,,,
2014-04,BEDOK,3 ROOM,2,BEDOK STH AVE 1,04 TO 06,65.0,Improved,1976,49,320000.0,2014-04,BEDOK,3 ROOM,IMPROVED,04 TO 06,2014-04-01,True,True,True,True,4,6,True,True,Duplicate record,,,,,
2014-04,BUKIT BATOK,3 ROOM,506,BT BATOK ST 52,07 TO 09,60.0,Improved,1987,60,297000.0,2014-04,BUKIT BATOK,3 ROOM,IMPROVED,07 TO 09,2014-04-01,True,True,True,True,7,9,True,True,Duplicate record,,,,,
2014-04,HOUGANG,3 ROOM,682,HOUGANG AVE 4,01 TO 03,64.0,Simplified,1989,62,326000.0,2014-04,HOUGANG,3 ROOM,SIMPLIFIED,01 TO 03,2014-04-01,True,True,True,True,1,3,True,True,Duplicate record,,,,,
2014-04,JURONG WEST,5 ROOM,653C,JURONG WEST ST 61,04 TO 06,110.0,Improved,2002,75,474500.0,2014-04,JURONG WEST,5 ROOM,IMPROVED,04 TO 06,2014-04-01,True,True,True,True,4,6,True,True,Duplicate record,,,,,
2014-04,JURONG WEST,EXECUTIVE,669C,JURONG WEST ST 64,01 TO 03,130.0,Apartment,2000,73,515000.0,2014-04,JURONG WEST,EXECUTIVE,APARTMENT,01 TO 03,2014-04-01,True,True,True,True,1,3,True,True,Duplicate record,,,,,
2014-04,KALLANG/WHAMPOA,3 ROOM,5,ST. GEORGE'S LANE,01 TO 03,68.0,New Generation,1981,54,358000.0,2014-04,KALLANG/WHAMPOA,3 ROOM,NEW GENERATION,01 TO 03,2014-04-01,True,True,True,True,1,3,True,True,Duplicate record,,,,,
2014-04,QUEENSTOWN,2 ROOM,35,TANGLIN HALT RD,10 TO 12,46.0,Standard,1973,46,274000.0,2014-04,QUEENSTOWN,2 ROOM,STANDARD,10 TO 12,2014-04-01,True,True,True,True,10,12,True,True,Duplicate record,,,,,
2014-04,SEMBAWANG,5 ROOM,501B,WELLINGTON CIRCLE,07 TO 09,111.0,Improved,2001,74,470000.0,2014-04,SEMBAWANG,5 ROOM,IMPROVED,07 TO 09,2014-04-01,True,True,True,True,7,9,True,True,Duplicate record,,,,,
2014-04,SENGKANG,4 ROOM,272C,SENGKANG CTRL,13 TO 15,90.0,Premium Apartment,2009,82,565000.0,2014-04,SENGKANG,4 ROOM,PREMIUM APARTMENT,13 TO 15,2014-04-01,True,True,True,True,13,15,True,True,Duplicate record,,,,,
2014-04,SENGKANG,5 ROOM,115,RIVERVALE WALK,07 TO 09,120.0,Improved,1998,71,485000.0,2014-04,SENGKANG,5 ROOM,IMPROVED,07 TO 09,2014-04-01,True,True,True,True,7,9,True,True,Duplicate record,,,,,
2014-04,TAMPINES,3 ROOM,259,TAMPINES ST 21,01 TO 03,78.0,Model A,1985,58,370000.0,2014-04,TAMPINES,3 ROOM,MODEL A,01 TO 03,2014-04-01,True,True,True,True,1,3,True,True,Duplicate record,,,,,
2014-04,WOODLANDS,4 ROOM,662,WOODLANDS RING RD,10 TO 12,101.0,Model A,1998,71,380000.0,2014-04,WOODLANDS,4 ROOM,MODEL A,10 TO 12,2014-04-01,True,True,True,True,10,12,True,True,Duplicate record,,,,,
2014-04,YISHUN,3 ROOM,117,YISHUN RING RD,04 TO 06,77.0,Model A,1983,56,325000.0,2014-04,YISHUN,3 ROOM,MODEL A,04 TO 06,2014-04-01,True,True,True,True,4,6,True,True,Duplicate record,,,,,
2014-05,ANG MO KIO,3 ROOM,533,ANG MO KIO AVE 5,10 TO 12,82.0,New Generation,1980,53,390000.0,2014-05,ANG MO KIO,3 ROOM,NEW GENERATION,10 TO 12,2014-05-01,True,True,True,True,10,12,True,True,Duplicate record,,,,,
2014-05,BEDOK,4 ROOM,402,BEDOK NTH AVE 3,10 TO 12,92.0,New Generation,1979,52,460000.0,2014-05,BEDOK,4 ROOM,NEW GENERATION,10 TO 12,2014-05-01,True,True,True,True,10,12,True,True,Duplicate record,,,,,
2014-05,BEDOK,5 ROOM,516,BEDOK NTH AVE 2,10 TO 12,119.0,Improved,1979,52,615000.0,2014-05,BEDOK,5 ROOM,IMPROVED,10 TO 12,2014-05-01,True,True,True,True,10,12,True,True,Duplicate record,,,,,
2014-05,BUKIT PANJANG,4 ROOM,625,SENJA RD,19 TO 21,90.0,Premium Apartment,2004,77,465000.0,2014-05,BUKIT PANJANG,4 ROOM,PREMIUM APARTMENT,19 TO 21,2014-05-01,True,True,True,True,19,21,True,True,Duplicate record,,,,,
2014-05,BUKIT PANJANG,5 ROOM,627,SENJA RD,04 TO 06,110.0,Premium Apartment,2004,77,495000.0,2014-05,BUKIT PANJANG,5 ROOM,PREMIUM APARTMENT,04 TO 06,2014-05-01,True,True,True,True,4,6,True,True,Duplicate record,,,,,
2014-05,CLEMENTI,3 ROOM,426,CLEMENTI AVE 3,07 TO 09,67.0,New Generation,1978,51,373000.0,2014-05,CLEMENTI,3 ROOM,NEW GENERATION,07 TO 09,2014-05-01,True,True,True,True,7,9,True,True,Duplicate record,,,,,
2014-05,GEYLANG,4 ROOM,35,EUNOS CRES,16 TO 18,85.0,Model A,2006,79,668000.0,2014-05,GEYLANG,4 ROOM,MODEL A,16 TO 18,2014-05-01,True,True,True,True,16,18,True,True,Duplicate record,,,,,
2014-05,JURONG WEST,3 ROOM,174,BOON LAY DR,07 TO 09,59.0,Improved,1978,51,280000.0,2014-05,JURONG WEST,3 ROOM,IMPROVED,07 TO 09,2014-05-01,True,True,True,True,7,9,True,True,Duplicate record,,,,,
2014-05,JURONG WEST,3 ROOM,489,JURONG WEST AVE 1,04 TO 06,73.0,Model A,1984,57,330000.0,2014-05,JURONG WEST,3 ROOM,MODEL A,04 TO 06,2014-05-01,True,True,True,True,4,6,True,True,Duplicate record,,,,,
2014-05,JURONG WEST,5 ROOM,271A,JURONG WEST ST 24,16 TO 18,113.0,Premium Apartment,2003,76,442000.0,2014-05,JURONG WEST,5 ROOM,PREMIUM APARTMENT,16 TO 18,2014-05-01,True,True,True,True,16,18,True,True,Duplicate record,,,,,
2014-05,JURONG WEST,5 ROOM,678D,JURONG WEST ST 64,07 TO 09,110.0,Premium Apartment,2008,81,452000.0,2014-05,JURONG WEST,5 ROOM,PREMIUM APARTMENT,07 TO 09,2014-05-01,True,True,True,True,7,9,True,True,Duplicate record,,,,,
2014-05,JURONG WEST,5 ROOM,840,JURONG WEST ST 81,07 TO 09,127.0,Improved,1993,66,439000.0,2014-05,JURONG WEST,5 ROOM,IMPROVED,07 TO 09,2014-05-01,True,True,True,True,7,9,True,True,Duplicate record,,,,,
2014-05,PASIR RIS,EXECUTIVE,457,PASIR RIS DR 4,04 TO 06,142.0,Apartment,1992,65,600000.0,2014-05,PASIR RIS,EXECUTIVE,APARTMENT,04 TO 06,2014-05-01,True,True,True,True,4,6,True,True,Duplicate record,,,,,
2014-05,PASIR RIS,EXECUTIVE,531,PASIR RIS DR 1,04 TO 06,148.0,Maisonette,1992,65,700000.0,2014-05,PASIR RIS,EXECUTIVE,MAISONETTE,04 TO 06,2014-05-01,True,True,True,True,4,6,True,True,Duplicate record,,,,,
2014-05,PASIR RIS,EXECUTIVE,715,PASIR RIS ST 72,04 TO 06,148.0,Apartment,1996,69,640000.0,2014-05,PASIR RIS,EXECUTIVE,APARTMENT,04 TO 06,2014-05-01,True,True,True,True,4,6,True,True,Duplicate record,,,,,
2014-05,QUEENSTOWN,4 ROOM,89,TANGLIN HALT RD,07 TO 09,90.0,Model A,2008,81,690000.0,2014-05,QUEENSTOWN,4 ROOM,MODEL A,07 TO 09,2014-05-01,True,True,True,True,7,9,True,True,Duplicate record,,,,,
2014-05,TAMPINES,4 ROOM,708,TAMPINES ST 71,01 TO 03,100.0,Model A,1997,70,460000.0,2014-05,TAMPINES,4 ROOM,MODEL A,01 TO 03,2014-05-01,True,True,True,True,1,3,True,True,Duplicate record,,,,,
2014-05,TAMPINES,5 ROOM,723,TAMPINES ST 72,04 TO 06,119.0,Improved,1997,70,555000.0,2014-05,TAMPINES,5 ROOM,IMPROVED,04 TO 06,2014-05-01,True,True,True,True,4,6,True,True,Duplicate record,,,,,
2014-05,YISHUN,4 ROOM,635,YISHUN ST 61,10 TO 12,104.0,Model A,1987,60,392000.0,2014-05,YISHUN,4 ROOM,MODEL A,10 TO 12,2014-05-01,True,True,True,True,10,12,True,True,Duplicate record,,,,,
2014-06,BEDOK,4 ROOM,8,BEDOK STH AVE 2,10 TO 12,82.0,Improved,1976,49,398000.0,2014-06,BEDOK,4 ROOM,IMPROVED,10 TO 12,2014-06-01,True,True,True,True,10,12,True,True,Duplicate record,,,,,
2014-06,YISHUN,3 ROOM,125,YISHUN ST 11,10 TO 12,67.0,New Generation,1984,57,305000.0,2014-06,YISHUN,3 ROOM,NEW GENERATION,10 TO 12,2014-06-01,True,True,True,True,10,12,True,True,Duplicate record,,,,,
2014-07,BISHAN,4 ROOM,246,BISHAN ST 22,04 TO 06,103.0,Model A,1992,65,490000.0,2014-07,BISHAN,4 ROOM,MODEL A,04 TO 06,2014-07-01,True,True,True,True,4,6,True,True,Duplicate record,,,,,
2014-08,GEYLANG,3 ROOM,1,HAIG RD,04 TO 06,59.0,Improved,1982,55,290000.0,2014-08,GEYLANG,3 ROOM,IMPROVED,04 TO 06,2014-08-01,True,True,True,True,4,6,True,True,Duplicate record,,,,,
2014-08,WOODLANDS,5 ROOM,688E,WOODLANDS DR 75,13 TO 15,110.0,Premium Apartment,2004,77,450000.0,2014-08,WOODLANDS,5 ROOM,PREMIUM APARTMENT,13 TO 15,2014-08-01,True,True,True,True,13,15,True,True,Duplicate record,,,,,
2014-09,JURONG EAST,3 ROOM,306,JURONG EAST ST 32,10 TO 12,68.0,New Generation,1983,56,318000.0,2014-09,JURONG EAST,3 ROOM,NEW GENERATION,10 TO 12,2014-09-01,True,True,True,True,10,12,True,True,Duplicate record,,,,,
2014-09,KALLANG/WHAMPOA,3 ROOM,57,GEYLANG BAHRU,13 TO 15,65.0,Improved,1974,47,338000.0,2014-09,KALLANG/WHAMPOA,3 ROOM,IMPROVED,13 TO 15,2014-09-01,True,True,True,True,13,15,True,True,Duplicate record,,,,,
2014-09,KALLANG/WHAMPOA,3 ROOM,57,GEYLANG BAHRU,13 TO 15,65.0,Improved,1974,47,320000.0,2014-09,KALLANG/WHAMPOA,3 ROOM,IMPROVED,13 TO 15,2014-09-01,True,True,True,True,13,15,True,True,Duplicate record,,,,,
2014-09,KALLANG/WHAMPOA,4 ROOM,2D,UPP BOON KENG RD,01 TO 03,90.0,Model A,2006,79,588000.0,2014-09,KALLANG/WHAMPOA,4 ROOM,MODEL A,01 TO 03,2014-09-01,True,True,True,True,1,3,True,True,Duplicate record,,,,,
2014-09,WOODLANDS,5 ROOM,688C,WOODLANDS DR 75,10 TO 12,110.0,Premium Apartment,2004,77,448000.0,2014-09,WOODLANDS,5 ROOM,PREMIUM APARTMENT,10 TO 12,2014-09-01,True,True,True,True,10,12,True,True,Duplicate record,,,,,
2014-10,BEDOK,3 ROOM,60,CHAI CHEE RD,01 TO 03,75.0,Model A,1982,55,305000.0,2014-10,BEDOK,3 ROOM,MODEL A,01 TO 03,2014-10-01,True,True,True,True,1,3,True,True,Duplicate record,,,,,
2014-10,BISHAN,3 ROOM,307,SHUNFU RD,01 TO 03,67.0,New Generation,1985,58,380000.0,2014-10,BISHAN,3 ROOM,NEW GENERATION,01 TO 03,2014-10-01,True,True,True,True,1,3,True,True,Duplicate record,,,,,
2014-10,HOUGANG,3 ROOM,244,HOUGANG ST 22,04 TO 06,67.0,New Generation,1984,57,300000.0,2014-10,HOUGANG,3 ROOM,NEW GENERATION,04 TO 06,2014-10-01,True,True,True,True,4,6,True,True,Duplicate record,,,,,
2014-11,ANG MO KIO,4 ROOM,303,ANG MO KIO AVE 1,04 TO 06,97.0,New Generation,1977,50,480000.0,2014-11,ANG MO KIO,4 ROOM,NEW GENERATION,04 TO 06,2014-11-01,True,True,True,True,4,6,True,True,Duplicate record,,,,,
2014-11,BEDOK,3 ROOM,529,BEDOK NTH ST 3,13 TO 15,68.0,New Generation,1979,52,308000.0,2014-11,BEDOK,3 ROOM,NEW GENERATION,13 TO 15,2014-11-01,True,True,True,True,13,15,True,True,Duplicate record,,,,,
2014-11,GEYLANG,3 ROOM,19,BALAM RD,01 TO 03,60.0,Standard,1967,40,270000.0,2014-11,GEYLANG,3 ROOM,STANDARD,01 TO 03,2014-11-01,True,True,True,True,1,3,True,True,Duplicate record,,,,,
2014-11,JURONG WEST,3 ROOM,209,BOON LAY PL,07 TO 09,65.0,Improved,1976,49,280000.0,2014-11,JURONG WEST,3 ROOM,IMPROVED,07 TO 09,2014-11-01,True,True,True,True,7,9,True,True,Duplicate record,,,,,
2014-11,SEMBAWANG,4 ROOM,501C,WELLINGTON CIRCLE,10 TO 12,90.0,Model A,2001,74,380000.0,2014-11,SEMBAWANG,4 ROOM,MODEL A,10 TO 12,2014-11-01,True,True,True,True,10,12,True,True,Duplicate record,,,,,
2015-01,BEDOK,3 ROOM,709,BEDOK RESERVOIR RD,04 TO 06,68.0,New Generation,1981,54,288000.0,2015-01,BEDOK,3 ROOM,NEW GENERATION,04 TO 06,2015-01-01,True,True,True,True,4,6,True,True,Duplicate record,,,,,
2015-01,JURONG WEST,5 ROOM,673B,JURONG WEST ST 65,13 TO 15,110.0,Improved,2002,75,450000.0,2015-01,JURONG WEST,5 ROOM,IMPROVED,13 TO 15,2015-01-01,True,True,True,True,13,15,True,True,Duplicate record,,,,,
2015-02,BISHAN,3 ROOM,110,BISHAN ST 12,04 TO 06,64.0,Simplified,1986,59,400000.0,2015-02,BISHAN,3 ROOM,SIMPLIFIED,04 TO 06,2015-02-01,True,True,True,True,4,6,True,True,Duplicate record,,,,,
2015-02,CENTRAL AREA,4 ROOM,1E,CANTONMENT RD,25 TO 27,94.0,Type S1,2011,84,838000.0,2015-02,CENTRAL AREA,4 ROOM,TYPE S1,25 TO 27,2015-02-01,True,True,True,True,25,27,True,True,Duplicate record,,,,,
2015-02,KALLANG/WHAMPOA,3 ROOM,57,GEYLANG BAHRU,16 TO 18,65.0,Improved,1974,47,306000.0,2015-02,KALLANG/WHAMPOA,3 ROOM,IMPROVED,16 TO 18,2015-02-01,True,True,True,True,16,18,True,True,Duplicate record,,,,,
2015-03,ANG MO KIO,3 ROOM,631,ANG MO KIO AVE 4,10 TO 12,67.0,New Generation,1985,58,318000.0,2015-03,ANG MO KIO,3 ROOM,NEW GENERATION,10 TO 12,2015-03-01,True,True,True,True,10,12,True,True,Duplicate record,,,,,
2015-03,BUKIT BATOK,3 ROOM,333,BT BATOK ST 32,01 TO 03,64.0,Simplified,1987,60,263000.0,2015-03,BUKIT BATOK,3 ROOM,SIMPLIFIED,01 TO 03,2015-03-01,True,True,True,True,1,3,True,True,Duplicate record,,,,,
2015-03,CHOA CHU KANG,4 ROOM,237,CHOA CHU KANG CTRL,01 TO 03,103.0,Model A,1990,63,345000.0,2015-03,CHOA CHU KANG,4 ROOM,MODEL A,01 TO 03,2015-03-01,True,True,True,True,1,3,True,True,Duplicate record,,,,,
2015-03,SERANGOON,3 ROOM,323,SERANGOON AVE 3,07 TO 09,64.0,Simplified,1985,58,375000.0,2015-03,SERANGOON,3 ROOM,SIMPLIFIED,07 TO 09,2015-03-01,True,True,True,True,7,9,True,True,Duplicate record,,,,,
2015-03,TAMPINES,4 ROOM,731,TAMPINES ST 71,01 TO 03,104.0,Model A,1997,70,405000.0,2015-03,TAMPINES,4 ROOM,MODEL A,01 TO 03,2015-03-01,True,True,True,True,1,3,True,True,Duplicate record,,,,,
2015-04,HOUGANG,4 ROOM,680,HOUGANG AVE 8,04 TO 06,84.0,Simplified,1987,60,358000.0,2015-04,HOUGANG,4 ROOM,SIMPLIFIED,04 TO 06,2015-04-01,True,True,True,True,4,6,True,True,Duplicate record,,,,,
2015-04,TOA PAYOH,2 ROOM,120,LOR 2 TOA PAYOH,01 TO 03,40.0,Standard,1968,41,245000.0,2015-04,TOA PAYOH,2 ROOM,STANDARD,01 TO 03,2015-04-01,True,True,True,True,1,3,True,True,Duplicate record,,,,,
2015-04,YISHUN,5 ROOM,154,YISHUN ST 11,10 TO 12,121.0,Improved,1985,58,482000.0,2015-04,YISHUN,5 ROOM,IMPROVED,10 TO 12,2015-04-01,True,True,True,True,10,12,True,True,Duplicate record,,,,,
2015-06,BUKIT BATOK,EXECUTIVE,542,BT BATOK ST 52,07 TO 09,146.0,Maisonette,1986,59,615000.0,2015-06,BUKIT BATOK,EXECUTIVE,MAISONETTE,07 TO 09,2015-06-01,True,True,True,True,7,9,True,True,Duplicate record,,,,,
2015-06,CLEMENTI,3 ROOM,608,CLEMENTI WEST ST 1,01 TO 03,67.0,New Generation,1979,52,305000.0,2015-06,CLEMENTI,3 ROOM,NEW GENERATION,01 TO 03,2015-06-01,True,True,True,True,1,3,True,True,Duplicate record,,,,,
2015-06,JURONG WEST,3 ROOM,209,BOON LAY PL,01 TO 03,65.0,Improved,1976,49,228000.0,2015-06,JURONG WEST,3 ROOM,IMPROVED,01 TO 03,2015-06-01,True,True,True,True,1,3,True,True,Duplicate record,,,,,
2015-07,SENGKANG,4 ROOM,439B,SENGKANG WEST AVE,04 TO 06,94.0,Model A,2011,84,380000.0,2015-07,SENGKANG,4 ROOM,MODEL A,04 TO 06,2015-07-01,True,True,True,True,4,6,True,True,Duplicate record,,,,,
2015-07,SENGKANG,5 ROOM,200A,SENGKANG EAST RD,13 TO 15,110.0,Improved,2001,74,460000.0,2015-07,SENGKANG,5 ROOM,IMPROVED,13 TO 15,2015-07-01,True,True,True,True,13,15,True,True,Duplicate record,,,,,
2015-07,SENGKANG,EXECUTIVE,306B,ANCHORVALE LINK,07 TO 09,125.0,Apartment,2001,74,500000.0,2015-07,SENGKANG,EXECUTIVE,APARTMENT,07 TO 09,2015-07-01,True,True,True,True,7,9,True,True,Duplicate record,,,,,
2015-08,TAMPINES,4 ROOM,422,TAMPINES ST 41,04 TO 06,104.0,Model A,1985,58,420000.0,2015-08,TAMPINES,4 ROOM,MODEL A,04 TO 06,2015-08-01,True,True,True,True,4,6,True,True,Duplicate record,,,,,
2015-08,WOODLANDS,4 ROOM,607,WOODLANDS RING RD,01 TO 03,101.0,Model A,1998,71,332000.0,2015-08,WOODLANDS,4 ROOM,MODEL A,01 TO 03,2015-08-01,True,True,True,True,1,3,True,True,Duplicate record,,,,,
2015-09,CLEMENTI,3 ROOM,346,CLEMENTI AVE 5,04 TO 06,67.0,New Generation,1979,52,350000.0,2015-09,CLEMENTI,3 ROOM,NEW GENERATION,04 TO 06,2015-09-01,True,True,True,True,4,6,True,True,Duplicate record,,,,,
2015-09,PUNGGOL,4 ROOM,301D,PUNGGOL PL,04 TO 06,93.0,Premium Apartment,2011,84,440000.0,2015-09,PUNGGOL,4 ROOM,PREMIUM APARTMENT,04 TO 06,2015-09-01,True,True,True,True,4,6,True,True,Duplicate record,,,,,
2015-09,TAMPINES,3 ROOM,113,TAMPINES ST 11,07 TO 09,79.0,Model A,1982,55,330000.0,2015-09,TAMPINES,3 ROOM,MODEL A,07 TO 09,2015-09-01,True,True,True,True,7,9,True,True,Duplicate record,,,,,
2015-10,BUKIT BATOK,4 ROOM,116,BT BATOK WEST AVE 6,01 TO 03,107.0,Model A,1984,57,410000.0,2015-10,BUKIT BATOK,4 ROOM,MODEL A,01 TO 03,2015-10-01,True,True,True,True,1,3,True,True,Duplicate record,,,,,
2015-10,HOUGANG,3 ROOM,309,HOUGANG AVE 5,10 TO 12,67.0,New Generation,1982,55,305000.0,2015-10,HOUGANG,3 ROOM,NEW GENERATION,10 TO 12,2015-10-01,True,True,True,True,10,12,True,True,Duplicate record,,,,,
2015-11,CENTRAL AREA,4 ROOM,1A,CANTONMENT RD,37 TO 39,95.0,Type S1,2011,84,915000.0,2015-11,CENTRAL AREA,4 ROOM,TYPE S1,37 TO 39,2015-11-01,True,True,True,True,37,39,True,True,Duplicate record,,,,,
2015-11,WOODLANDS,5 ROOM,169,WOODLANDS ST 11,10 TO 12,137.0,Model A,1994,67,510000.0,2015-11,WOODLANDS,5 ROOM,MODEL A,10 TO 12,2015-11-01,True,True,True,True,10,12,True,True,Duplicate record,,,,,
2015-12,TAMPINES,4 ROOM,873,TAMPINES ST 84,04 TO 06,104.0,Model A,1988,61,400000.0,2015-12,TAMPINES,4 ROOM,MODEL A,04 TO 06,2015-12-01,True,True,True,True,4,6,True,True,Duplicate record,,,,,
2015-12,YISHUN,3 ROOM,354,YISHUN RING RD,01 TO 03,74.0,Model A,1989,62,285000.0,2015-12,YISHUN,3 ROOM,MODEL A,01 TO 03,2015-12-01,True,True,True,True,1,3,True,True,Duplicate record,,,,,
2016-01,TAMPINES,3 ROOM,438,TAMPINES ST 43,04 TO 06,74.0,Model A,1985,58,315000.0,2016-01,TAMPINES,3 ROOM,MODEL A,04 TO 06,2016-01-01,True,True,True,True,4,6,True,True,Duplicate record,,,,,
2016-03,CHOA CHU KANG,4 ROOM,446,CHOA CHU KANG AVE 4,04 TO 06,100.0,Model A,1997,70,330000.0,2016-03,CHOA CHU KANG,4 ROOM,MODEL A,04 TO 06,2016-03-01,True,True,True,True,4,6,True,True,Duplicate record,,,,,
2016-03,TOA PAYOH,3 ROOM,199,TOA PAYOH NTH,04 TO 06,65.0,Improved,1982,55,295000.0,2016-03,TOA PAYOH,3 ROOM,IMPROVED,04 TO 06,2016-03-01,True,True,True,True,4,6,True,True,Duplicate record,,,,,
2016-03,YISHUN,4 ROOM,765,YISHUN ST 72,10 TO 12,84.0,Simplified,1985,58,330000.0,2016-03,YISHUN,4 ROOM,SIMPLIFIED,10 TO 12,2016-03-01,True,True,True,True,10,12,True,True,Duplicate record,,,,,
2016-04,ANG MO KIO,3 ROOM,152,ANG MO KIO AVE 5,01 TO 03,68.0,New Generation,1981,54,280000.0,2016-04,ANG MO KIO,3 ROOM,NEW GENERATION,01 TO 03,2016-04-01,True,True,True,True,1,3,True,True,Duplicate record,,,,,
2016-04,CLEMENTI,3 ROOM,351,CLEMENTI AVE 2,04 TO 06,67.0,New Generation,1978,51,350000.0,2016-04,CLEMENTI,3 ROOM,NEW GENERATION,04 TO 06,2016-04-01,True,True,True,True,4,6,True,True,Duplicate record,,,,,
2016-04,SEMBAWANG,EXECUTIVE,423,CANBERRA RD,04 TO 06,130.0,Apartment,2001,74,455000.0,2016-04,SEMBAWANG,EXECUTIVE,APARTMENT,04 TO 06,2016-04-01,True,True,True,True,4,6,True,True,Duplicate record,,,,,
2016-04,SENGKANG,4 ROOM,443A,FERNVALE RD,04 TO 06,94.0,Model A,2012,85,415000.0,2016-04,SENGKANG,4 ROOM,MODEL A,04 TO 06,2016-04-01,True,True,True,True,4,6,True,True,Duplicate record,,,,,
2016-04,SENGKANG,4 ROOM,443A,FERNVALE RD,16 TO 18,94.0,Model A,2012,85,445000.0,2016-04,SENGKANG,4 ROOM,MODEL A,16 TO 18,2016-04-01,True,True,True,True,16,18,True,True,Duplicate record,,,,,
2016-05,BEDOK,4 ROOM,37,BEDOK STH AVE 2,04 TO 06,84.0,Improved,1977,50,345000.0,2016-05,BEDOK,4 ROOM,IMPROVED,04 TO 06,2016-05-01,True,True,True,True,4,6,True,True,Duplicate record,,,,,
2016-05,BUKIT BATOK,3 ROOM,322,BT BATOK ST 33,04 TO 06,68.0,New Generation,1985,58,260000.0,2016-05,BUKIT BATOK,3 ROOM,NEW GENERATION,04 TO 06,2016-05-01,True,True,True,True,4,6,True,True,Duplicate record,,,,,
2016-05,BUKIT MERAH,4 ROOM,25B,JLN MEMBINA,22 TO 24,90.0,Model A,2009,82,750000.0,2016-05,BUKIT MERAH,4 ROOM,MODEL A,22 TO 24,2016-05-01,True,True,True,True,22,24,True,True,Duplicate record,,,,,
2016-05,CHOA CHU KANG,5 ROOM,788,CHOA CHU KANG NTH 6,10 TO 12,129.0,Improved,1997,70,515000.0,2016-05,CHOA CHU KANG,5 ROOM,IMPROVED,10 TO 12,2016-05-01,True,True,True,True,10,12,True,True,Duplicate record,,,,,
2016-05,HOUGANG,4 ROOM,130,LOR AH SOO,07 TO 09,103.0,Model A,1984,57,416000.0,2016-05,HOUGANG,4 ROOM,MODEL A,07 TO 09,2016-05-01,True,True,True,True,7,9,True,True,Duplicate record,,,,,
2016-05,HOUGANG,4 ROOM,515,HOUGANG AVE 10,01 TO 03,84.0,Simplified,1986,59,349000.0,2016-05,HOUGANG,4 ROOM,SIMPLIFIED,01 TO 03,2016-05-01,True,True,True,True,1,3,True,True,Duplicate record,,,,,
2016-05,HOUGANG,5 ROOM,339,HOUGANG AVE 7,04 TO 06,121.0,Improved,1985,58,413000.0,2016-05,HOUGANG,5 ROOM,IMPROVED,04 TO 06,2016-05-01,True,True,True,True,4,6,True,True,Duplicate record,,,,,
2016-05,JURONG WEST,5 ROOM,276B,JURONG WEST AVE 3,10 TO 12,111.0,Improved,2002,75,375000.0,2016-05,JURONG WEST,5 ROOM,IMPROVED,10 TO 12,2016-05-01,True,True,True,True,10,12,True,True,Duplicate record,,,,,
2016-05,PUNGGOL,4 ROOM,612D,PUNGGOL DR,04 TO 06,93.0,Model A,2012,85,443000.0,2016-05,PUNGGOL,4 ROOM,MODEL A,04 TO 06,2016-05-01,True,True,True,True,4,6,True,True,Duplicate record,,,,,
2016-06,CHOA CHU KANG,3 ROOM,26,TECK WHYE LANE,04 TO 06,74.0,New Generation,1979,52,278000.0,2016-06,CHOA CHU KANG,3 ROOM,NEW GENERATION,04 TO 06,2016-06-01,True,True,True,True,4,6,True,True,Duplicate record,,,,,
2016-06,HOUGANG,4 ROOM,637,HOUGANG AVE 8,07 TO 09,84.0,Simplified,1987,60,320000.0,2016-06,HOUGANG,4 ROOM,SIMPLIFIED,07 TO 09,2016-06-01,True,True,True,True,7,9,True,True,Duplicate record,,,,,
2016-06,PUNGGOL,4 ROOM,604A,PUNGGOL RD,13 TO 15,93.0,Model A,2012,85,468000.0,2016-06,PUNGGOL,4 ROOM,MODEL A,13 TO 15,2016-06-01,True,True,True,True,13,15,True,True,Duplicate record,,,,,
2016-06,PUNGGOL,4 ROOM,612D,PUNGGOL DR,13 TO 15,93.0,Model A,2012,85,450000.0,2016-06,PUNGGOL,4 ROOM,MODEL A,13 TO 15,2016-06-01,True,True,True,True,13,15,True,True,Duplicate record,,,,,
2016-06,SENGKANG,4 ROOM,211B,COMPASSVALE LANE,10 TO 12,93.0,Model A,2013,86,432000.0,2016-06,SENGKANG,4 ROOM,MODEL A,10 TO 12,2016-06-01,True,True,True,True,10,12,True,True,Duplicate record,,,,,
2016-07,BEDOK,3 ROOM,44,CHAI CHEE ST,10 TO 12,68.0,New Generation,1980,53,308000.0,2016-07,BEDOK,3 ROOM,NEW GENERATION,10 TO 12,2016-07-01,True,True,True,True,10,12,True,True,Duplicate record,,,,,
2016-07,CLEMENTI,3 ROOM,307,CLEMENTI AVE 4,04 TO 06,67.0,New Generation,1979,52,318000.0,2016-07,CLEMENTI,3 ROOM,NEW GENERATION,04 TO 06,2016-07-01,True,True,True,True,4,6,True,True,Duplicate record,,,,,
2016-07,TOA PAYOH,3 ROOM,157,LOR 1 TOA PAYOH,04 TO 06,67.0,Improved,1971,44,310000.0,2016-07,TOA PAYOH,3 ROOM,IMPROVED,04 TO 06,2016-07-01,True,True,True,True,4,6,True,True,Duplicate record,,,,,
2016-08,CHOA CHU KANG,4 ROOM,613,CHOA CHU KANG ST 62,04 TO 06,108.0,Model A,1996,69,345000.0,2016-08,CHOA CHU KANG,4 ROOM,MODEL A,04 TO 06,2016-08-01,True,True,True,True,4,6,True,True,Duplicate record,,,,,
2016-08,KALLANG/WHAMPOA,3 ROOM,33,JLN BAHAGIA,04 TO 06,56.0,Standard,1970,43,230000.0,2016-08,KALLANG/WHAMPOA,3 ROOM,STANDARD,04 TO 06,2016-08-01,True,True,True,True,4,6,True,True,Duplicate record,,,,,
2016-08,KALLANG/WHAMPOA,3 ROOM,68,GEYLANG BAHRU,07 TO 09,65.0,Improved,1974,47,313000.0,2016-08,KALLANG/WHAMPOA,3 ROOM,IMPROVED,07 TO 09,2016-08-01,True,True,True,True,7,9,True,True,Duplicate record,,,,,
2016-08,PUNGGOL,4 ROOM,601C,PUNGGOL CTRL,10 TO 12,93.0,Model A,2012,85,448000.0,2016-08,PUNGGOL,4 ROOM,MODEL A,10 TO 12,2016-08-01,True,True,True,True,10,12,True,True,Duplicate record,,,,,
2016-08,TAMPINES,4 ROOM,498J,TAMPINES ST 45,07 TO 09,106.0,Premium Apartment,1997,70,432000.0,2016-08,TAMPINES,4 ROOM,PREMIUM APARTMENT,07 TO 09,2016-08-01,True,True,True,True,7,9,True,True,Duplicate record,,,,,
2016-08,YISHUN,3 ROOM,263,YISHUN ST 22,10 TO 12,64.0,Simplified,1986,59,280000.0,2016-08,YISHUN,3 ROOM,SIMPLIFIED,10 TO 12,2016-08-01,True,True,True,True,10,12,True,True,Duplicate record,,,,,
2016-08,YISHUN,3 ROOM,263,YISHUN ST 22,10 TO 12,64.0,Simplified,1986,59,277000.0,2016-08,YISHUN,3 ROOM,SIMPLIFIED,10 TO 12,2016-08-01,True,True,True,True,10,12,True,True,Duplicate record,,,,,
2016-09,BUKIT BATOK,3 ROOM,533,BT BATOK ST 51,04 TO 06,60.0,Improved,1988,61,255000.0,2016-09,BUKIT BATOK,3 ROOM,IMPROVED,04 TO 06,2016-09-01,True,True,True,True,4,6,True,True,Duplicate record,,,,,
2016-09,CLEMENTI,3 ROOM,704,WEST COAST RD,10 TO 12,67.0,New Generation,1980,53,270000.0,2016-09,CLEMENTI,3 ROOM,NEW GENERATION,10 TO 12,2016-09-01,True,True,True,True,10,12,True,True,Duplicate record,,,,,
2016-09,TOA PAYOH,3 ROOM,27,TOA PAYOH EAST,01 TO 03,67.0,Improved,1971,44,286000.0,2016-09,TOA PAYOH,3 ROOM,IMPROVED,01 TO 03,2016-09-01,True,True,True,True,1,3,True,True,Duplicate record,,,,,
2016-10,ANG MO KIO,2 ROOM,116,ANG MO KIO AVE 4,07 TO 09,44.0,Improved,1978,51,250000.0,2016-10,ANG MO KIO,2 ROOM,IMPROVED,07 TO 09,2016-10-01,True,True,True,True,7,9,True,True,Duplicate record,,,,,
2016-10,BEDOK,4 ROOM,183,BEDOK NTH RD,16 TO 18,92.0,Model A,2005,78,623000.0,2016-10,BEDOK,4 ROOM,MODEL A,16 TO 18,2016-10-01,True,True,True,True,16,18,True,True,Duplicate record,,,,,
2016-10,JURONG EAST,3 ROOM,214,JURONG EAST ST 21,01 TO 03,67.0,New Generation,1983,56,286000.0,2016-10,JURONG EAST,3 ROOM,NEW GENERATION,01 TO 03,2016-10-01,True,True,True,True,1,3,True,True,Duplicate record,,,,,
2016-10,PUNGGOL,4 ROOM,601B,PUNGGOL CTRL,13 TO 15,94.0,Model A,2012,85,450000.0,2016-10,PUNGGOL,4 ROOM,MODEL A,13 TO 15,2016-10-01,True,True,True,True,13,15,True,True,Duplicate record,,,,,
2016-10,PUNGGOL,4 ROOM,615A,EDGEFIELD PLAINS,04 TO 06,92.0,Model A,2012,85,412000.0,2016-10,PUNGGOL,4 ROOM,MODEL A,04 TO 06,2016-10-01,True,True,True,True,4,6,True,True,Duplicate record,,,,,
2016-11,BEDOK,3 ROOM,92,BEDOK NTH AVE 4,04 TO 06,67.0,New Generation,1979,52,270000.0,2016-11,BEDOK,3 ROOM,NEW GENERATION,04 TO 06,2016-11-01,True,True,True,True,4,6,True,True,Duplicate record,,,,,
2016-11,WOODLANDS,3 ROOM,206,MARSILING DR,07 TO 09,68.0,New Generation,1981,54,265000.0,2016-11,WOODLANDS,3 ROOM,NEW GENERATION,07 TO 09,2016-11-01,True,True,True,True,7,9,True,True,Duplicate record,,,,,
2016-11,YISHUN,4 ROOM,433,YISHUN AVE 6,04 TO 06,84.0,Simplified,1988,61,286000.0,2016-11,YISHUN,4 ROOM,SIMPLIFIED,04 TO 06,2016-11-01,True,True,True,True,4,6,True,True,Duplicate record,,,,,
2016-12,BEDOK,3 ROOM,24,NEW UPP CHANGI RD,10 TO 12,73.0,New Generation,1978,51,365000.0,2016-12,BEDOK,3 ROOM,NEW GENERATION,10 TO 12,2016-12-01,True,True,True,True,10,12,True,True,Duplicate record,,,,,
2016-12,BUKIT MERAH,3 ROOM,37,JLN RUMAH TINGGI,10 TO 12,53.0,Standard,1969,42,280000.0,2016-12,BUKIT MERAH,3 ROOM,STANDARD,10 TO 12,2016-12-01,True,True,True,True,10,12,True,True,Duplicate record,,,,,
2016-12,BUKIT PANJANG,4 ROOM,447,BT PANJANG RING RD,07 TO 09,101.0,Model A,1997,70,330000.0,2016-12,BUKIT PANJANG,4 ROOM,MODEL A,07 TO 09,2016-12-01,True,True,True,True,7,9,True,True,Duplicate record,,,,,
2016-12,BUKIT PANJANG,4 ROOM,455,SEGAR RD,07 TO 09,93.0,Premium Apartment,2012,85,408000.0,2016-12,BUKIT PANJANG,4 ROOM,PREMIUM APARTMENT,07 TO 09,2016-12-01,True,True,True,True,7,9,True,True,Duplicate record,,,,,
2016-12,TAMPINES,4 ROOM,440,TAMPINES ST 43,10 TO 12,84.0,Simplified,1986,59,380000.0,2016-12,TAMPINES,4 ROOM,SIMPLIFIED,10 TO 12,2016-12-01,True,True,True,True,10,12,True,True,Duplicate record,,,,,
2012-06,TAMPINES,MULTI-GENERATION,460,TAMPINES ST 42,07 TO 09,132.0,Multi Generation,1987,60,610000.0,2012-06,,,,,2012-06-01,,,,,7,9,,True,Invalid flat type,2086.0,724.0,4.0,60 years 4 months,Normal
2012-05,YISHUN,MULTI-GENERATION,633,YISHUN ST 61,01 TO 05,171.0,Multi Generation,1987,60,680000.0,2012-05,,,,,2012-05-01,,,,,1,5,,True,Invalid flat type,2086.0,724.0,4.0,60 years 4 months,Normal
2014-09,YISHUN,MULTI-GENERATION,632,YISHUN ST 61,04 TO 06,147.0,Multi Generation,1987,60,686000.0,2014-09,,,,,2014-09-01,,,,,4,6,,True,Invalid flat type,2086.0,724.0,4.0,60 years 4 months,Normal
2016-05,TAMPINES,MULTI-GENERATION,460,TAMPINES ST 42,07 TO 09,166.0,Multi Generation,1987,60,818000.0,2016-05,,,,,2016-05-01,,,,,7,9,,True,Invalid flat type,2086.0,724.0,4.0,60 years 4 months,Normal
2015-06,KALLANG/WHAMPOA,3 ROOM,60,JLN BAHAGIA,01 TO 03,241.0,Terrace,1972,45,958000.0,2015-06,,,,,2015-06-01,,,,,1,3,,True,Invalid floor area,2071.0,544.0,4.0,45 years 4 months,Normal
2012-09,BISHAN,MULTI-GENERATION,148,BISHAN ST 11,04 TO 06,165.0,Multi Generation,1987,60,905000.0,2012-09,,,,,2012-09-01,,,,,4,6,,True,Invalid flat type,2086.0,724.0,4.0,60 years 4 months,Normal
2012-03,BISHAN,MULTI-GENERATION,137,BISHAN ST 12,01 TO 05,165.0,Multi Generation,1987,60,900000.0,2012-03,,,,,2012-03-01,,,,,1,5,,True,Invalid flat type,2086.0,724.0,4.0,60 years 4 months,Normal
2013-03,YISHUN,MULTI-GENERATION,633,YISHUN ST 61,04 TO 06,159.0,Multi Generation,1987,60,726000.0,2013-03,,,,,2013-03-01,,,,,4,6,,True,Invalid flat type,2086.0,724.0,4.0,60 years 4 months,Normal
2015-03,KALLANG/WHAMPOA,3 ROOM,53,JLN MA'MOR,01 TO 03,280.0,Terrace,1972,45,1060000.0,2015-03,,,,,2015-03-01,,,,,1,3,,True,Invalid floor area,2071.0,544.0,4.0,45 years 4 months,Normal
2016-12,YISHUN,MULTI-GENERATION,666,YISHUN AVE 4,10 TO 12,164.0,Multi Generation,1987,60,735000.0,2016-12,,,,,2016-12-01,,,,,10,12,,True,Invalid flat type,2086.0,724.0,4.0,60 years 4 months,Normal
2012-01,TAMPINES,MULTI-GENERATION,460,TAMPINES ST 42,07 TO 09,166.0,Multi Generation,1987,60,745000.0,2012-01,,,,,2012-01-01,,,,,7,9,,True,Invalid flat type,2086.0,724.0,4.0,60 years 4 months,Normal
2012-03,TAMPINES,MULTI-GENERATION,460,TAMPINES ST 42,01 TO 05,166.0,Multi Generation,1987,60,760000.0,2012-03,,,,,2012-03-01,,,,,1,5,,True,Invalid flat type,2086.0,724.0,4.0,60 years 4 months,Normal
2013-04,TAMPINES,MULTI-GENERATION,454,TAMPINES ST 42,10 TO 12,166.0,Multi Generation,1987,60,920000.0,2013-04,,,,,2013-04-01,,,,,10,12,,True,Invalid flat type,2086.0,724.0,4.0,60 years 4 months,Normal
2013-04,KALLANG/WHAMPOA,3 ROOM,65,JLN MA'MOR,01 TO 03,266.0,Terrace,1972,45,1020000.0,2013-04,,,,,2013-04-01,,,,,1,3,,True,Invalid floor area,2071.0,544.0,4.0,45 years 4 months,Normal
2012-12,BISHAN,MULTI-GENERATION,148,BISHAN ST 11,04 TO 06,134.0,Multi Generation,1987,60,810000.0,2012-12,,,,,2012-12-01,,,,,4,6,,True,Invalid flat type,2086.0,724.0,4.0,60 years 4 months,Normal
2014-05,YISHUN,MULTI-GENERATION,605,YISHUN ST 61,10 TO 12,147.0,Multi Generation,1988,61,690000.0,2014-05,,,,,2014-05-01,,,,,10,12,,True,Invalid flat type,2087.0,736.0,4.0,61 years 4 months,Normal
2012-04,YISHUN,MULTI-GENERATION,633,YISHUN ST 61,06 TO 10,164.0,Multi Generation,1987,60,720000.0,2012-04,,,,,2012-04-01,,,,,6,10,,True,Invalid flat type,2086.0,724.0,4.0,60 years 4 months,Normal
2013-06,YISHUN,MULTI-GENERATION,666,YISHUN AVE 4,04 TO 06,164.0,Multi Generation,1987,60,767000.0,2013-06,,,,,2013-06-01,,,,,4,6,,True,Invalid flat type,2086.0,724.0,4.0,60 years 4 months,Normal
2012-05,BISHAN,MULTI-GENERATION,148,BISHAN ST 11,06 TO 10,134.0,Multi Generation,1987,60,790000.0,2012-05,,,,,2012-05-01,,,,,6,10,,True,Invalid flat type,2086.0,724.0,4.0,60 years 4 months,Normal
2012-04,BISHAN,EXECUTIVE,446,BRIGHT HILL DR,06 TO 10,243.0,Maisonette,1990,63,869000.0,2012-04,,,,,2012-04-01,,,,,6,10,,True,Invalid floor area,2089.0,760.0,4.0,63 years 4 months,Normal
2012-09,BISHAN,MULTI-GENERATION,137,BISHAN ST 12,07 TO 09,165.0,Multi Generation,1987,60,980000.0,2012-09,,,,,2012-09-01,,,,,7,9,,True,Invalid flat type,2086.0,724.0,4.0,60 years 4 months,Normal
2016-03,YISHUN,MULTI-GENERATION,605,YISHUN ST 61,01 TO 03,163.0,Multi Generation,1988,61,688000.0,2016-03,,,,,2016-03-01,,,,,1,3,,True,Invalid flat type,2087.0,736.0,4.0,61 years 4 months,Normal
2012-08,KALLANG/WHAMPOA,3 ROOM,65,JLN MA'MOR,01 TO 03,249.0,Terrace,1972,45,988888.0,2012-08,,,,,2012-08-01,,,,,1,3,,True,Invalid floor area,2071.0,544.0,4.0,45 years 4 months,Normal
2015-06,BISHAN,MULTI-GENERATION,137,BISHAN ST 12,04 TO 06,147.0,Multi Generation,1987,60,805000.0,2015-06,,,,,2015-06-01,,,,,4,6,,True,Invalid flat type,2086.0,724.0,4.0,60 years 4 months,Normal
2013-01,YISHUN,MULTI-GENERATION,666,YISHUN AVE 4,04 TO 06,151.0,Multi Generation,1987,60,710000.0,2013-01,,,,,2013-01-01,,,,,4,6,,True,Invalid flat type,2086.0,724.0,4.0,60 years 4 months,Normal
2016-09,YISHUN,MULTI-GENERATION,633,YISHUN ST 61,01 TO 03,164.0,Multi Generation,1987,60,650000.0,2016-09,,,,,2016-09-01,,,,,1,3,,True,Invalid flat type,2086.0,724.0,4.0,60 years 4 months,Anomalous resale price
2012-11,TAMPINES,MULTI-GENERATION,460,TAMPINES ST 42,04 TO 06,166.0,Multi Generation,1987,60,970000.0,2012-11,,,,,2012-11-01,,,,,4,6,,True,Invalid flat type,2086.0,724.0,4.0,60 years 4 months,Normal
2013-01,TAMPINES,MULTI-GENERATION,460,TAMPINES ST 42,01 TO 03,166.0,Multi Generation,1987,60,790000.0,2013-01,,,,,2013-01-01,,,,,1,3,,True,Invalid flat type,2086.0,724.0,4.0,60 years 4 months,Normal
2012-05,YISHUN,MULTI-GENERATION,605,YISHUN ST 61,06 TO 10,163.0,Multi Generation,1988,61,708000.0,2012-05,,,,,2012-05-01,,,,,6,10,,True,Invalid flat type,2087.0,736.0,4.0,61 years 4 months,Normal
2016-12,KALLANG/WHAMPOA,3 ROOM,57,JLN MA'MOR,01 TO 03,259.0,Terrace,1972,45,1150000.0,2016-12,,,,,2016-12-01,,,,,1,3,,True,Invalid floor area,2071.0,544.0,4.0,45 years 4 months,Normal
2013-10,YISHUN,MULTI-GENERATION,633,YISHUN ST 61,10 TO 12,164.0,Multi Generation,1987,60,703000.0,2013-10,,,,,2013-10-01,,,,,10,12,,True,Invalid flat type,2086.0,724.0,4.0,60 years 4 months,Normal
2014-03,YISHUN,MULTI-GENERATION,666,YISHUN AVE 4,10 TO 12,164.0,Multi Generation,1987,60,730000.0,2014-03,,,,,2014-03-01,,,,,10,12,,True,Invalid flat type,2086.0,724.0,4.0,60 years 4 months,Normal
2013-08,YISHUN,MULTI-GENERATION,605,YISHUN ST 61,10 TO 12,147.0,Multi Generation,1988,61,753888.0,2013-08,,,,,2013-08-01,,,,,10,12,,True,Invalid flat type,2087.0,736.0,4.0,61 years 4 months,Normal
